socio_cnpj_cpf_emitente,socio_cpf_socio_emitente,socio_nome_socio,socio_eh_adm,ano_nota,mes_nota
00496632000198,00003164949413,JACQUELINE SERAFIM DOS SANTOS,N,2017,09
00496632000198,00007570856287,MARIA DA CONCEICAO SERAFIM DOS SANTOS,N,2017,09
00593058000196,00009637486453,IVANILDO PEREIRA DE AZEVEDO,N,2017,09
00593058000196,00079114288400,MARIA LIDIA DE SOUZA PEREIRA,N,2017,09
00622097000174,00048130192420,JORGE GODEIRO MASSUD,N,2017,09
00713399000158,00046539255420,ALDENOR WELLINGTON N DOS SANTOS,N,2017,09
00800611000114,00000064730409,KLEYBER TINOCO DE ANDRADE,N,2017,09
00800611000114,00023125080444,WAGNER TINOCO DE ANDRADE,N,2017,09
00849990000137,00046595902400,EDILMA GOMES PEREIRA RODRIGUES,N,2017,09
00849990000137,00066479169468,ANA CECILIA LIMA DE OLIVEIRA FIGUEIREDO,N,2017,09
00870515000223,00002006111434,MORVANILDO DOS SANTOS MEDEIROS,N,2017,09
00870515000223,00052960048415,MARIA DE FATIMA DE AZEVEDO MEDEIROS DE ARAUJO,N,2017,09
00891024000188,00002280474476,FRANCISCA DAS CHAGAS NOBREGA DE ANDRADE,N,2017,09
00891024000188,00078519136400,JOSE ANTONIO NETO,N,2017,09
01122617000142,00001986953491,MANOEL FELICIANO MAIA DE SOUZA,N,2017,09
01122617000142,00067145752468,ROBERTO SHELMAN DE SOUZA,N,2017,09
01122617000142,00070220735468,RICARDO SHELMAN DE SOUZA,N,2017,09
01122617000142,00091405017449,MARILIA SHELMAN DE SOUZA,N,2017,09
01170738000160,00000745930484,FRANCISCA HERCINA LEITE,N,2017,09
01170738000160,00002008262472,JOSE RIBAMAR LEITE,N,2017,09
01184984000170,00020204078415,MARIA OLIVEIRA DE MEDEIROS,N,2017,09
01184984000170,00049011570430,JOAO BATISTA,N,2017,09
01299396000182,00001532218443,FRANCISCO HUGO AIRES NUNES,N,2017,09
01299396000182,00010865250430,FRANCISCO DAS CHAGAS NUNES,N,2017,09
01653918000100,00020039514404,JOAQUIM FERNANDES NETO,N,2017,09
01653918000100,00042255627434,ANA MARCIA SANTOS DE SOUZA FERNANDES,N,2017,09
01714488000181,00000473731487,JESUINO DE AZEVEDO FILHO,N,2017,09
01714488000181,00006898092391,ZENILTON DA COSTA DANTAS,N,2017,09
01714488000181,00052563952891,YOLITA DANTAS BATISTA,N,2017,09
01911115000109,00053086082453,ELIAS MACEDO DE MEDEIROS,N,2017,09
02037818000104,00003983282423,SABRINA NOGUEIRA CABRAL,N,2017,09
02037818000104,00091574579487,IVANILDO NERES DA SILVA,N,2017,09
02070623000166,00002240716452,NARY SEMONE DE FREITAS,N,2017,09
02070623000166,00070291187404,EDILENE FERREIRA DE AQUINO FREITAS,N,2017,09
02152950000167,00027579590425,IVANILDO ALVES VERAS,N,2017,09
02152950000167,00041403517487,MARIA JOSE DOS SANTOS VERAS,N,2017,09
02162198000135,00004711140492,RENATA DE MEDEIROS VASCONCELOS,N,2017,09
02162198000135,00006131622426,RAFAEL DE MEDEIROS VASCONCELOS,N,2017,09
02162198000135,00020189087404,ROSE MARY GARCIA DE MEDEIROS,N,2017,09
02171385001076,00032257139453,FRANCISCO BORGES DE ANDRADE,N,2017,09
02171385001076,00042335000420,BERNADETE TEIXEIRA DE LIRA ANDRADE,N,2017,09
02185406000111,00006781769499,ANTONIO JARDSON SILVA DE FREITAS,N,2017,09
02185406000111,00009664931411,LEILIANNY NADJA RIBEIRO ROCHA FREITAS,N,2017,09
02363498000182,00057457603468,ILENILDO JACOME DE OLIVEIRA,N,2017,09
02363498000182,00085268216449,ALEXANDRA LUCIO OLIVEIRA JACOME,N,2017,09
02365912000192,00000871331489,GUSTAVO QUEIROZ CANDIDO,N,2017,09
02365912000192,00003961724407,LEANDRO DE MELO NASCIMENTO,N,2017,09
02365912000192,00007631367434,AGNELO CANDIDO DO NASCIMENTO,N,2017,09
02365912000192,00017613523420,ALBERTO PEREIRA NASCIMENTO,N,2017,09
02365912000192,00039014584415,MARIA DE LOURDES PEREIRA NASCIMENTO,N,2017,09
02365912000192,12613006000113,TRANSNACIONAL TRANSPORTE NACIONAL DE PASSAGEIROS LTDA,N,2017,09
02374149000166,00006126754409,RITA DE KARCIA DOS SANTOS VALE,N,2017,09
02374149000166,00053817796404,SOSTENES DE OLIVEIRA VALE,N,2017,09
02440676000121,00009640797472,RITA DE CASSIA DO NASCIMENTO BARBOSA,N,2017,09
02440676000121,00019923902404,ANTONIO FELIX BARBOSA FILHO,N,2017,09
02491019000103,00007100255481,DAVID SANTOS DE ALBUQUERQUE,N,2017,09
02491019000103,00008869022404,MARIA DE NAZARE DOS SANTOS,N,2017,09
02519646000105,00059622717420,CESAR HENRIQUE COUTINHO DE MEDEIROS,N,2017,09
02519646000105,00085086070406,RACHEL DUARTE AZEVEDO DE MEDEIROS,N,2017,09
02620622000148,00004510385412,ARMISTRONG GLEIDSON DE MEDEIROS VALE,N,2017,09
02620622000148,00015594637400,VALDIR VALE DE ARAUJO,N,2017,09
02625717000154,00000953871452,VITOR NOBREGA DE PAIVA ALVES,N,2017,09
02625717000154,00006377486464,ARMANDO BEZERRA NOBREGA DE PAIVA,N,2017,09
02625717000154,00020035152400,ARMANDO NOBREGA DE PAIVA,N,2017,09
02625717000154,00059560819453,MARIA ISIS NOBREGA DE PAIVA,N,2017,09
02795690000148,00002837251410,MARIA GORETE PEREIRA DA COSTA VASCO,N,2017,09
02795690000148,00079087809468,BENTO DE LIMA VASCO,N,2017,09
02800122000198,00000742176401,ISABEL FERNANDES DE ARAUJO,N,2017,09
02800122000198,00001988867487,JOSE BEZERRA DE ARAUJO,N,2017,09
02830307000226,00004030500498,GUILHERME DE ALMEIDA DA FONTE,N,2017,09
02830307000226,00004613970482,EDUARDO DOURADO DA FONTE,N,2017,09
02830307000226,00023277823415,CELEIDA EULINA DE ALMEIDA DA FONTE,N,2017,09
02830307000226,00065582101349,MARIA CECILIA BEZERRA CAVALCANTI DA FONTE,N,2017,09
02830307000226,00079769853372,MARIANA BEZERRA CAVALCANTI DA FONTE,N,2017,09
02874640000156,00082933090406,FRANCISCA FRASSINETE D G SANTOS,N,2017,09
03034090000120,00033662185415,GILMAR DOS SANTOS ARAUJO,N,2017,09
03034090000120,00085285978491,VERA LUCIA DE SOUZA,N,2017,09
03152420000181,00066387140404,ANTONIO GENIVAN DE OLIVEIRA,N,2017,09
03152420000181,00066387612420,FRANCISCO GEILSON DE OLIVEIRA,N,2017,09
03271641000179,00000762675470,KLEIBER FLAVIO SILVA COSTA,N,2017,09
03271641000179,00000762676442,KLEYTON FABIO SILVA COSTA,N,2017,09
03271641000179,00010697616487,JOSAFA ARAUJO DA COSTA,N,2017,09
03338081000122,00007426993400,IGOR DE SA LEITAO PINHEIRO DE GOUVEIA,N,2017,09
03338081000122,00019973330404,ZARA DE SA LEITAO PINHEIRO DE GOUVEIA,N,2017,09
03462662000171,00002647008485,EMIKSON FABIO HENRIQUE BARRETO,N,2017,09
03462662000171,00010669086487,MARIA GORETH HENRIQUE GODEIRO BARRETO,N,2017,09
03462662000171,00020063709449,JOSE NILSON BARRETO,N,2017,09
03487839000194,00006474409460,KARRIE KABRINE FREITAS DE MEDEIROS,N,2017,09
03487839000194,00024148547404,ELIZABETH LOPES DE ARAUJO,N,2017,09
03524050000166,00001359321497,MARILIA MEDEIROS DE MENDONCA BEZERRA,N,2017,09
03524050000166,00008858110463,LUZIA FRANCISCA MEDEIROS DE MENDONCA,N,2017,09
03592402000110,00007627302420,DJISSONAH SHIN DE SOUZA,N,2017,09
03592402000110,00031637108400,EUGENIO LIMA DE SOUZA,N,2017,09
03592402000110,00052275914404,CATARINA SHIN LIMA DE SOUZA,N,2017,09
03612070000199,00015055671491,JOSE VALE DE MENEZES,N,2017,09
03612070000199,00027524884168,MARIA GERALDA DOS SANTOS VALE,N,2017,09
03633939000181,00011104469421,BARBARA ELLEN AGUIAR DE ALMEIDA,N,2017,09
03633939000181,00032375352491,EDNALDO RODRIGUES DE ALMEIDA,N,2017,09
03635253000120,00002550810490,MARIA JOSE DE ANDRADE REGES,N,2017,09
03635253000120,00007859902400,GILVAN MONTEIRO REGES,N,2017,09
03647696000130,00005009227487,FRANCISCO GENILDO CRUZ,N,2017,09
03647696000130,00007684088491,MARIA DE FATIMA FREITAS CRUZ,N,2017,09
03653650000124,00003094997473,JOSE CARLOS DA SILVA PEREIRA,N,2017,09
03756642000103,00002697710426,ALMAQUIO SOARES NETO,N,2017,09
03756642000103,00070077892429,ARTHUR TORQUATO FERNANDES SOARES,N,2017,09
03845812000398,00000786425407,SIRLENE DE ARAUJO SOARES,N,2017,09
03845812000398,00087601699404,SIDNEY DIAS DE ARAUJO SOARES,N,2017,09
03954830000308,00014375362472,IVO NILSON LOPES DE MEDEIROS,N,2017,09
03954830000308,00020084234415,MARIA DO SOCORRO COSTA DE MEDEIROS,N,2017,09
03954830000499,00014375362472,IVO NILSON LOPES DE MEDEIROS,N,2017,09
03954830000499,00020084234415,MARIA DO SOCORRO COSTA DE MEDEIROS,N,2017,09
03954830002432,00014375362472,IVO NILSON LOPES DE MEDEIROS,N,2017,09
03954830002432,00020084234415,MARIA DO SOCORRO COSTA DE MEDEIROS,N,2017,09
04028799000185,00014191202472,JOAO ITAMAR FIRMINO DOS SANTOS,N,2017,09
04028799000185,00035535490415,JOSE IRAMAR FIRMINO DOS SANTOS,N,2017,09
04090399000108,00000822889412,MARILENE ALVES DO NASCIMENTO,N,2017,09
04090399000108,00007510326460,JOSIANE PEREIRA DO NASCIMENTO,N,2017,09
04385537000178,00037819402415,MARIA APARECIDA DE SOUSA OLIVEIRA,N,2017,09
04385537000178,00079136311472,GERHARD MULLER CARLOS TOMAS,N,2017,09
04385909000166,00048138002468,ALEXANDRE TORRES BARBALHO,N,2017,09
04385909000166,00091534690468,LENILDE TORRES GALVAO BARBALHO,N,2017,09
04427491000102,00005684170463,ANTONIO DE LISBOA ALVES DE QUEIROZ,N,2017,09
04427491000102,00008858608453,MARIA DARIA GRANJEIRO DE QUEIROZ,N,2017,09
04451626000175,00018232450487,CLETO FERREIRA,N,2017,09
04451626000175,00041327330415,ANA MARIA PINHEIRO FERREIRA,N,2017,09
04457498000177,00087790769472,LADGERDE LOPES FERNANDES,N,2017,09
04471402000125,00000938449486,WAGNER MENDONCA EBARA,N,2017,09
04471402000125,00011995670944,PEDRO TAKUO EBARA,N,2017,09
04471402000125,00092606008553,EVERTON MENDONCA EBARA,N,2017,09
04471402000125,00092689248549,GILDO MENDONCA EBARA,N,2017,09
04508969000129,00010856790478,TULIO DE OLIVEIRA GOMES,N,2017,09
04629001000150,00011400831474,MARIA ALICE LOPES VIDAL TRINDADE,N,2017,09
04629001000150,00065273907420,MARIA DE LOURDES LOPES VIDAL,N,2017,09
04652899000188,00059774800400,JOSE VASCONCELOS DA ROCHA JUNIOR,N,2017,09
04652899000188,00090402693434,ANA EMILIA TRIGUEIRO CAVALCANTI DA ROCHA,N,2017,09
04654680000118,00006133693436,YURI GALL DOMOTOR,N,2017,09
04654680000118,00039378217400,LUIS CLAUDIO DOMOTOR,N,2017,09
04661568000104,00000989432432,MAISON WANDORTHE DE FONTES REGO,N,2017,09
04661568000104,00001333014430,CHARLES DEAN DE FONTES REGO,N,2017,09
04661568000104,00002467961460,NORAYDE JANAINA DE FONTES REGO BARRETO,N,2017,09
04661568000104,00010726225487,FRANCISCO XAVIER DO REGO,N,2017,09
04679119000193,00000848782402,SANDRA REJANE DA SILVA MOURA,N,2017,09
04679119000193,00042132797404,RENILSON NERY DE MOURA,N,2017,09
04701515000170,00002343755400,TASLA CAPISTRANO GONZAGA MENDES,N,2017,09
04701515000170,00003603888413,THAISA CAPISTRANO GONZAGA DE ANDRADE,N,2017,09
04701515000170,00029773300463,MARIA ILZA DA CONCEICAO CAPISTRANO,N,2017,09
04701515000170,00085215473404,JANDIRA CAPISTRANO GONZAGA,N,2017,09
04701515000170,00085215570434,THIAGO CAPISTRANO GONZAGA,N,2017,09
04702107000132,00008896011434,MILSON LIMA DA SILVA,N,2017,09
04731614000102,00056549407400,RENATO MELO TRIGUEIRO,N,2017,09
04731614000102,00065529472400,FLAVIO VARELA DE CARVALHO,N,2017,09
04770238000157,00000871330407,RODRIGO QUEIROZ CANDIDO,N,2017,09
04770238000157,00007631367434,AGNELO CANDIDO DO NASCIMENTO,N,2017,09
04770238000157,00017613523420,ALBERTO PEREIRA NASCIMENTO,N,2017,09
04770238000157,00039014584415,MARIA DE LOURDES PEREIRA NASCIMENTO,N,2017,09
04770238000157,12613006000113,TRANSNACIONAL TRANSPORTE NACIONAL DE PASSAGEIROS LTDA,N,2017,09
04805345000173,00079160395400,JOZILMA MARIA DE CARVALHO,N,2017,09
04839900000188,00014375362472,IVO NILSON LOPES DE MEDEIROS,N,2017,09
04839900000188,00020084234415,MARIA DO SOCORRO COSTA DE MEDEIROS,N,2017,09
04839900000340,00014375362472,IVO NILSON LOPES DE MEDEIROS,N,2017,09
04839900000340,00020084234415,MARIA DO SOCORRO COSTA DE MEDEIROS,N,2017,09
04839900000501,00014375362472,IVO NILSON LOPES DE MEDEIROS,N,2017,09
04839900000501,00020084234415,MARIA DO SOCORRO COSTA DE MEDEIROS,N,2017,09
04839900000773,00014375362472,IVO NILSON LOPES DE MEDEIROS,N,2017,09
04839900000773,00020084234415,MARIA DO SOCORRO COSTA DE MEDEIROS,N,2017,09
04839900000854,00014375362472,IVO NILSON LOPES DE MEDEIROS,N,2017,09
04839900000854,00020084234415,MARIA DO SOCORRO COSTA DE MEDEIROS,N,2017,09
04861899000198,00000899669450,ANA CLEZA DA COSTA,N,2017,09
04861899000198,00002435492456,MARIA NELMA DO NASCIMENTO COSTA,N,2017,09
04958358000263,00058289151420,ELISIEL UBIRAJARA MARQUES,N,2017,09
04958358000263,00066502705472,RONALDO ARAUJO DOS SANTOS,N,2017,09
04980258000586,00004496070898,MARIA DO SOCORRO RABELO,N,2017,09
04980258000586,00025122547807,ADRIANO RABELO,N,2017,09
04982974000179,00002360203401,GILSON GOMES DE MEDEIROS,N,2017,09
04987374000101,00003204632490,MARTA MESSIAS DE MESQUITA,N,2017,09
04987374000101,00006988230440,MAXKSON MESSIAS DE MESQUITA,N,2017,09
05009904000100,00004743503477,TUTOVAN DA SILVA MORAES,N,2017,09
05014128000128,00023039574434,MARCELO TRIGUEIRO DE MORAIS,N,2017,09
05014128000128,00042262330425,JOAO FELIX DA SILVA,N,2017,09
05020693000106,00004965749499,ALEXANDRE MAGNO MORAIS DA SILVA BRITO,N,2017,09
05029157000163,00002238112464,CLARA MARIA NETA DANTAS SOTERO,N,2017,09
05112922000104,00002734105470,ADRIANO PAIVA DE MELO,N,2017,09
05112922000104,00039493180468,DJALMA ALBUQUERQUE CARNEIRO DA CUNHA,N,2017,09
05140795000157,00006724713455,SAMUEL RODRIGO SOUZA DE SALES,N,2017,09
05140795000157,00015081613487,JOSE LUCAS DE SALES,N,2017,09
05140795000238,00006724713455,SAMUEL RODRIGO SOUZA DE SALES,N,2017,09
05140795000238,00015081613487,JOSE LUCAS DE SALES,N,2017,09
05146374000133,00002328539408,GERALDO ANDERSON MOREIRA FEITOSA,N,2017,09
05195530000156,00002769726439,RAILSON BENEDITO FERREIRA,N,2017,09
05195530000156,00055942342415,CLEONICE FELIPE DOS SANTOS,N,2017,09
05211683000140,00004212546450,PAULO CEZAR ALVES DE ARAUJO,N,2017,09
05211683000140,00005223255488,MARIA ELIZANGELA DA CUNHA DE ARAUJO,N,2017,09
05239267000150,00041380827434,MARIA EILMA ALVES DA SILVA,N,2017,09
05303455000108,00047388676449,PEDRO BRUNO DE SOUTO,N,2017,09
05369850000185,00002690961407,JOAO EDSON SOARES,N,2017,09
05369850000185,00087851075491,MAXMILIANO ANDRADE DE MENDONCA,N,2017,09
05427021000101,00001358786402,VIRGINIA CAROLINY MOREIRA MARINHO PAIVA,N,2017,09
05427021000101,00003593221403,MARIA DA GLORIA CABRAL GALVAO,N,2017,09
05427021000101,00076245993415,BRENO CABRAL GALVAO,N,2017,09
05434625000185,00077936922415,IVAN FRANCISCO ROCHA,N,2017,09
05452665000150,00005638211403,CARLA CAROLINE RODRIGUES DE SOUZA,N,2017,09
05452665000150,00063127660472,PEDRO GILSON DE SOUZA,N,2017,09
05587520000328,00005083696495,ANTONIO PAIVA FERNANDES FILHO,N,2017,09
05587520000328,00008296605422,LUANA LORENA DE OLIVEIRA SOUZA,N,2017,09
05587629000101,00004768516459,KAROLINE VASCONCELOS BEZERRA,N,2017,09
05660173000150,00001215658400,RICARLIANE SILVA DOS SANTOS,N,2017,09
05660173000150,00002488245461,RENATA SILVA DOS SANTOS,N,2017,09
05676120000127,00003091671402,ANA LIVIA QUEIROZ ALMEIDA LIMA,N,2017,09
05676120000127,00009027056447,JEFFERSON DA SILVA,N,2017,09
05676120000127,00023062681420,MARIA DE LOURDES ARAUJO DE LIMA,N,2017,09
05777741000105,00003032521467,MARINA SOARES GURGEL,N,2017,09
05777741000105,00004133166450,SAMARA CARDOSO DE SOUZA,N,2017,09
05823100000131,00001023811430,JOSE LAUIR FERREIRA DA SILVA FILHO,N,2017,09
05823100000131,00001311946403,LARISSA MARIA MENEZES DA SILVA,N,2017,09
06004897000108,00003588028498,MARIA JANAINA VASCONCELOS DE AMORIM,N,2017,09
06004897000108,00095219218549,FRANKLIN DOUGLAS VASCONCELOS DE AMORIM,N,2017,09
06047174000196,00001662234414,VINICIUS ELIEL CAVALCANTE DOS SANTOS,N,2017,09
06047174000196,00008512835435,ISA CAVALCANTE DOS SANTOS COSTA,N,2017,09
06053724000180,00081292180463,ELENILSON AUGUSTINHO,N,2017,09
06231164000106,00005714556461,JIVAGDA RAMONNA FERREIRA DOS SANTOS,N,2017,09
06231164000106,00010255271433,LUCIO FLAVIO GARCIA DE ARAUJO NETO,N,2017,09
06253658000191,00001357536437,MARIJAEL JACSON DA COSTA SILVA,N,2017,09
06281627000144,00000147754844,WILLIAM ARAUJO VASCONCELOS,N,2017,09
06281627000144,00001431216429,CINTHIA ARAUJO VASCONCELOS LIMA,N,2017,09
06369032000145,00001289143439,CECYLYANNE AUGUSTA DE PAIVA,N,2017,09
06369032000145,00044335741472,MARIA DE LOURDES PAIVA,N,2017,09
06912821000180,00001191224481,MARIA ADEILMA NUNES,N,2017,09
06912821000180,00048229628491,EDINALDO NUNES DE LIMA,N,2017,09
06989403000191,00003004404486,MESSALINA MARTINS ASSIS,N,2017,09
06989403000191,00081379854415,ANA CRISTINA DE ARAUJO,N,2017,09
06990440000110,00005688128402,FLAVIANO GOMES DA SILVA,N,2017,09
06990440000110,00007299692406,LUCIANA MAURICIO DE OLIVEIRA SILVA,N,2017,09
06994580000166,00001289143439,CECYLYANNE AUGUSTA DE PAIVA,N,2017,09
06994580000166,00037834282468,JAIRO AUGUSTO DE PAIVA,N,2017,09
07016933000116,00022168966400,TERESINHA PEREIRA DA SILVA,N,2017,09
07016933000116,00076129985487,TEREZA LAURA LUCAS PIRES,N,2017,09
07018761000110,00004966573483,THIAGO BRAGA WANDERLEY,N,2017,09
07018761000110,00078594863420,ROGERIO BEZERRA TINOCO,N,2017,09
07019741000163,00003422932496,EUNICE LEITE SILVA,N,2017,09
07019741000163,00004570018440,MARIA EUNICE LEITE SILVA,N,2017,09
07039495000101,00001311946403,LARISSA MARIA MENEZES DA SILVA,N,2017,09
07039495000101,00006465830426,ELIAS JACOB DE MENEZES NETO,N,2017,09
07039495000101,00006891979420,MARIO SOARES DA SILVA NETO,N,2017,09
07081522000104,00073887005449,LUIS CARLOS ANDRADE,N,2017,09
07081522000104,00094292574472,ANTONIO PINTO DA COSTA,N,2017,09
07095972000156,00002102460495,PATRICIA DE MEDEIROS,N,2017,09
07095972000156,00072122528400,ETELVINO PATRICIO DE MEDEIROS,N,2017,09
07096443000177,00004078903436,UZIEL BARBOSA DE FRANCA,N,2017,09
07096443000177,00006945436837,VAGNER CICCARELLI,N,2017,09
07109510000140,00002102460495,PATRICIA DE MEDEIROS,N,2017,09
07109510000140,00072122528400,ETELVINO PATRICIO DE MEDEIROS,N,2017,09
07114802000171,00001677924403,ALEXANDRE CESAR BATISTA DE MORAIS FILHO,N,2017,09
07114802000171,00003828543499,ROMEIKA DE MORAIS COSTA BATISTA,N,2017,09
07114802000171,00064288455472,JOSE RONALDO DE MORAIS COSTA,N,2017,09
07147050000145,00037878042420,CELIA DE MEDEIROS DANTAS PIRES FERREIRA,N,2017,09
07147050000145,00040568296400,HUMBERTO DANTAS PIRES FERREIRA,N,2017,09
07194915000124,00050304135453,JANETE MEDEIROS DE AZEVEDO OLIVEIRA,N,2017,09
07194915000124,00087744279468,EDINEIDE AZEVEDO DE OLIVEIRA,N,2017,09
07197718000916,00001342550382,NERTAN DE MELO RIBEIRO,N,2017,09
07197718000916,00056053363391,ANDRE LEAO RIBEIRO,N,2017,09
07197718000916,00077836715353,PABLO LEAO RIBEIRO,N,2017,09
07209477000120,00049834231415,MILTON  EZEQUIEL FONSECA FILHO,N,2017,09
07209477000120,00050070940487,PATRICIA TAVARES AFONSO FONSECA,N,2017,09
07212081000132,00002269019474,JOSE MOURA DE CARVALHO NETO,N,2017,09
07212081000132,00003418452485,NEZILDA DE ARAUJO DANTAS,N,2017,09
07262134000120,00056572492400,SONIA MARIA DOS SANTOS,N,2017,09
07262134000120,00077901797487,RAIMUNDO FREIRE DA SILVA,N,2017,09
07305986000157,00001697767435,JOSEILSON DANTAS DE MEDEIROS,N,2017,09
07305986000157,00002689583437,SEBASTIAO DE AZEVEDO DANTAS,N,2017,09
07326826000194,00030296773468,CARLOS ALBERTO DA CUNHA,N,2017,09
07326826000194,00040562697420,EDILMA MARIA FERNANDES,N,2017,09
07355441000155,00048939161491,BISMARCK MAGNUS DA SILVA,N,2017,09
07355441000155,00081323662472,LADJANE LOPES FRANCA MAGNUS,N,2017,09
07367977000190,00018407250600,MARIA CONCILIA SALES,N,2017,09
07367977000190,00034028242649,CARLOS FREDERICO SALES ANASTACIO,N,2017,09
07448838000191,00023119098434,FRANCISCO CARLOS DIAS CAMPOS,N,2017,09
07448838000191,00072186062704,JOSE ZENILDO DIAS CAMPOS,N,2017,09
07492224000107,00003102364446,FATIMA MARIA DE ARAUJO SOARES,N,2017,09
07501423000134,00005545621466,NUBIA ALVES DA SILVA,N,2017,09
07501423000134,00006648239476,LEONARDO ALVES DA SILVA,N,2017,09
07509062000172,00001215658400,RICARLIANE SILVA DOS SANTOS,N,2017,09
07509062000172,00002488245461,RENATA SILVA DOS SANTOS,N,2017,09
07518668000174,00008079507422,RAIMUNDO VICTOR FERNANDES CRUZ,N,2017,09
07518668000174,00048062260410,NAIR PAULA FERNANDES CRUZ,N,2017,09
07519899000100,00005068812455,LILIAN EMMANUELE MANICOBA GONCALVES,N,2017,09
07519899000100,00059785985415,FRANCISCO GENILSON DA SILVA,N,2017,09
07543171000106,00020207930406,ERINALDO MEDEIROS DE OLIVEIRA,N,2017,09
07543171000106,00022932720449,ANTONIO GALINHA DE MEDEIROS,N,2017,09
07552997000131,00007417433456,ERIKA CARVALHO DE SOUSA,N,2017,09
07552997000131,00057025819468,ZELIA MARIA COSME CARVALHO,N,2017,09
07601246000168,00000915578441,ELISDEIRE FERNANDES PINHEIRO,N,2017,09
07601246000168,00021455970425,SEBASTIAO PINHEIRO DE SOUZA,N,2017,09
07610338000104,00001434103340,MARILIA CAMPOS PESSOA NOGUEIRA,N,2017,09
07610338000104,00011636918441,NICOLAS CAMPOS NOGUEIRA,N,2017,09
07612031000142,00031598188453,EDINA MARIA BARBOSA DA SILVA ALMEIDA,N,2017,09
07807635000144,00002403377430,LUCILENE JUSTINO DANTAS,N,2017,09
07807635000144,00009222896467,IAGO VITOR DANTAS PEREIRA,N,2017,09
07887781000127,00001148936408,EMICARLA LIMA DANTAS DE AZEVEDO,N,2017,09
07887781000127,00002253919454,JUDENILDO KELLY FERNANDES DE AZEVEDO,N,2017,09
07939638000131,00002011423414,JOSE JEOMAR DE MEDEIROS,N,2017,09
07939638000131,00004168881431,MAXIMO WAGNER PEREIRA DE MACEDO,N,2017,09
07969641000106,00053761910444,MARQUIDONES VALAMIRA FERNANDES,N,2017,09
07969641000106,00056688946491,CLAUDIA MARIA DA COSTA FERNANDES,N,2017,09
07986555000101,00072197692453,ANTONIA EDNA SIMAO DO NASCIMENTO BEZERRA,N,2017,09
07986555000101,00073815527449,JOSE EDMO BEZERRA,N,2017,09
07991017000105,00000762675470,KLEIBER FLAVIO SILVA COSTA,N,2017,09
07991017000105,00000762676442,KLEYTON FABIO SILVA COSTA,N,2017,09
07991017000288,00000762675470,KLEIBER FLAVIO SILVA COSTA,N,2017,09
07991017000288,00000762676442,KLEYTON FABIO SILVA COSTA,N,2017,09
08010923000136,00000900738430,MARILENE MARIA MEDEIROS CRUZ,N,2017,09
08010923000136,00004189905496,RENATA SUZANA DE MEDEIROS CRUZ,N,2017,09
08010923000136,00004544920493,NARA MAIRA DE MEDEIROS CRUZ,N,2017,09
08040982000157,00001124609415,LEONILDES MARCOLINO DA COSTA,N,2017,09
08040982000157,00015461467415,CARLOS ALBERTO FREIRE DA COSTA,N,2017,09
08048027000166,00002138232417,EMILY CARDOSO GOMES DA SILVA CRIZANTO,N,2017,09
08048027000166,00002909790487,ALMERI GOMES DA SILVA,N,2017,09
08086001000102,00020019939434,NEWTON UCHOA DE ARAUJO,N,2017,09
08086001000102,00046681019404,FRANCINEIDE MAURA UCHOA DE ARAUJO,N,2017,09
08090078000156,00000775007412,DENIO ALVES DE OLIVEIRA,N,2017,09
08090078000156,00002828448487,JOSE ALVES NETO,N,2017,09
08090078000156,00096932350459,MARIA AUGUSTA DE OLIVEIRA ALVES,N,2017,09
08091529000170,00005940614400,FRANCISCO DAS CHAGAS PEREIRA DA SILVA,N,2017,09
08091529000170,00036496910430,FRANCISCO GINETE ANDRADE,N,2017,09
08149593000164,00002614219487,JOSE MARIA DE OLIVEIRA,N,2017,09
08149593000164,00079086721400,LUIS GONZAGA OLIVEIRA CARVALHO,N,2017,09
08222085000164,00003980102858,ELIETE ROCHA DANTAS,N,2017,09
08222085000164,08222085000164,ELETRO TECNICA INTERLAGOS IND. E COM. LTDA,N,2017,09
08229791000138,00007501447420,FERNANDO LUIZ DE FRANCA,N,2017,09
08229791000138,00020202067491,ROSICLER FERNANDES SANTOS DE FRANCA,N,2017,09
08238974000110,00001012769402,ADRIANO ROBERTO ARAUJO DE AZEVEDO,N,2017,09
08238974000110,00014378205491,PEDRO CAMPOS DE AZEVEDO,N,2017,09
08238974000209,00001012769402,ADRIANO ROBERTO ARAUJO DE AZEVEDO,N,2017,09
08238974000209,00014378205491,PEDRO CAMPOS DE AZEVEDO,N,2017,09
08248239000197,00000364312491,HUGO FREIRE PINTO,N,2017,09
08248239000197,00010606149449,RICARDO RUBENS BRASIL PINTO,N,2017,09
08248239000197,00015635600468,HUGO FREIRE PINTO JUNIOR,N,2017,09
08248239000197,00024306347400,MARILIA BRASIL PINTO FERNANDES,N,2017,09
08248239000197,00032624689400,CARLOS HENRIQUE BRASIL PINTO,N,2017,09
08248239000197,00041362551449,MARIA FRANCISCA TEREZA JESUS BRASIL PINTO,N,2017,09
08248403000166,00001161784420,JOSE AMADEU VALE,N,2017,09
08248403000166,00081364105420,MARIA GIZELDA DE MEDEIROS VALE,N,2017,09
08249104000731,00020081006420,MARCO ANTONIO PESSOA DE OLIVEIRA,N,2017,09
08249104000731,00027179664472,MIGUEL ARCANJO DE OLIVEIRA JUNIOR,N,2017,09
08249104000731,00042303524415,MARCELO JOAQUIM PESSOA DE OLIVEIRA,N,2017,09
08249104000731,00087506661420,MARCIO JOSE PESSOA DE OLIVEIRA,N,2017,09
08284630000147,00001174991453,ANTONIETA MEDEIROS,N,2017,09
08284630000147,00001259547434,EDWIGES MEDEIROS,N,2017,09
08284630000147,00012993280406,PAULO PINHEIRO LOPES,N,2017,09
08285124000172,00002530376468,FERNANDO ALBINO RODRIGUES,N,2017,09
08285124000172,00065470524434,HENRIQUE SODRE RODRIGUES,N,2017,09
08286262000176,00046672559434,KLEIBER ANTUNES FURTADO JUNIOR,N,2017,09
08286262000176,00093874022404,MARIA DO SOCORRO FURTADO,N,2017,09
08293840000100,00013913567801,MARIA DE LOURDES GUEDES SILVA,N,2017,09
08293840000100,00042251400400,FRANCISCO DAS CHAGAS SILVA,N,2017,09
08326720000153,00001167006453,JOSEBEL DA COSTA CIRNE,N,2017,09
08326720000153,00002358221406,FABSON LIRA CIRNE,N,2017,09
08326720000153,00003039123408,RICARDO LIRA CIRNE,N,2017,09
08326720000153,00037885928420,SERGIO ROBERTO DE MEDEIROS CIRNE,N,2017,09
08326720000153,00083729283472,MARIA DE FATIMA LIRA CIRNE,N,2017,09
08326720000153,00089816218453,GERLIZA LIRA CIRNE GASPAR,N,2017,09
08328395000834,00013056514487,JOAQUIM TARCISIO CAMARA FLOR,N,2017,09
08328395000834,00013912844453,TANIA MARIA FLOR RIBEIRO,N,2017,09
08328395000834,00014063654400,TULIO MAURICIO CAMARA FLOR,N,2017,09
08328395000834,00022133755420,THELMA MARIA FLOR ALENCAR,N,2017,09
08328395000834,00033651981487,TATIANA MARIA FLOR GUEDES,N,2017,09
08328395000834,00035758643491,TERCIO CAMARA FLOR,N,2017,09
08328395000834,00036998842449,TARCIO HENRIQUE CAMARA FLOR,N,2017,09
08328395000834,00037848585468,TANILDA MARIA CAMARA FLOR FREITAS,N,2017,09
08328395000834,00056585721420,MARIA DE LOURDES CAMARA FLOR,N,2017,09
08345621000119,00001210402408,CAMILA GOMES FERNANDES DE SOUZA,N,2017,09
08345621000119,00001210941465,CAROLINE GOMES FERNANDES DE SOUZA,N,2017,09
08345621000119,00003554335401,ENIO GOMES FERNANDES DE SOUZA,N,2017,09
08345621000119,00003796507468,FRANCISCO FERNANDES DE SOUZA,N,2017,09
08345621000119,00009048138434,MARIA DA CONCEICAO FERREIRA GOMES DE SOUZA,N,2017,09
08345698000199,00003524633412,KELY REGINA DAS CHAGAS MEDEIROS,N,2017,09
08363806000156,00007606877491,GUSTAVO ANTONIO CABRAL BEZERRA,N,2017,09
08363806000156,00037878425434,JOSETE CABRAL BEZERRA,N,2017,09
08385213000190,00000749347406,AILA AYRES NERY,N,2017,09
08385213000190,00002378816405,ALEA AIRES NERY SALUSTIANO,N,2017,09
08385213000190,00076207030478,ALEX AYRES NERY,N,2017,09
08385353000169,00012997544491,WELSON RODRIGUES DO NASCIMENTO,N,2017,09
08385353000169,00077901860430,ALCIVAN TADEUS GOMES DE ARAUJO,N,2017,09
08385809000190,00006919223490,CAIO SERGIO DAMASCENO DE ARAUJO,N,2017,09
08385809000190,00010680462449,ROBERTO SERGIO DE ARAUJO,N,2017,09
08397911000106,00001186450487,SEBASTIAO CARDOSO DE ARAUJO,N,2017,09
08397911000106,00015569713468,JANIO RICARDO CARDOSO DE MENEZES ARAUJO,N,2017,09
08397911000106,00022224815468,RICARDO LUIZ DE MENEZES CARDOSO,N,2017,09
08397911000106,00037941518449,ALICE MENEZES DE ARAUJO,N,2017,09
08403578000877,00001100289453,WELLINGTON JOSE MORAIS LUCENA,N,2017,09
08403578000877,00042292379449,JOSE CORDEIRO DE LUCENA NETO,N,2017,09
08403578000877,00056751141491,SERGIO GENTILE LUCENA,N,2017,09
08403578001253,00001100289453,WELLINGTON JOSE MORAIS LUCENA,N,2017,09
08403578001253,00042292379449,JOSE CORDEIRO DE LUCENA NETO,N,2017,09
08403578001253,00056751141491,SERGIO GENTILE LUCENA,N,2017,09
08412520000113,00001993720472,ROBERTO WILLIAM MONTENEGRO,N,2017,09
08412520000113,00037894706434,VERA LUCIA MONTENEGRO,N,2017,09
08412520000113,00082839123487,EMANUELLE MONTENEGRO BEZERRA,N,2017,09
08412520000113,00082839158434,MICHELLE MONTENEGRO DE SOUZA,N,2017,09
08412520000113,00082839182491,IGOR MONTENEGRO,N,2017,09
08424210000119,00012378453434,MARIA LUIZA PACHECO DIAS,N,2017,09
08424210000119,00078594626487,LORENA PACHECO DIAS MARINHO,N,2017,09
08459968000192,00040555186415,ENIO RICARDO SINEDINO DE OLIVEIR,N,2017,09
08459968000192,00072112603434,MICHELLE ALVES SINEDINO DE OLIVEIRA,N,2017,09
08480816000171,00030795397453,RUTENIO GONDIM DE QUEIROZ,N,2017,09
08480816000171,00032530102449,TERESA GLICIA GONDIM DE QUEIROZ,N,2017,09
08505026000101,00048410624834,ANEZIO MARQUES DE SOUZA,N,2017,09
08505026000101,00085271420400,MARIA IRLETE NUNES DE SOUZA,N,2017,09
08506693000109,00005008033409,JULIANA DE AZEVEDO BARBOSA MACEDO,N,2017,09
08506693000109,00009474498415,CANDIDO BARBOSA NETO,N,2017,09
08506693000109,00018243304487,DAILDE DE AZEVEDO BARBOSA,N,2017,09
08546773000180,00000896196410,CLAUDIA JAQUELINY NUNES FERNANDES,N,2017,09
08546773000180,00077942167453,JOHN LENNON FERNANDES LIMA,N,2017,09
08547432000129,00005117305434,HUGO NOBRE CABRAL,N,2017,09
08547432000129,00018236766420,LEA BARBOSA CABRAL,N,2017,09
08547432000200,00005117305434,HUGO NOBRE CABRAL,N,2017,09
08547432000200,00018236766420,LEA BARBOSA CABRAL,N,2017,09
08547432000552,00005117305434,HUGO NOBRE CABRAL,N,2017,09
08547432000552,00018236766420,LEA BARBOSA CABRAL,N,2017,09
08547432000714,00005117305434,HUGO NOBRE CABRAL,N,2017,09
08547432000714,00018236766420,LEA BARBOSA CABRAL,N,2017,09
08547432000803,00005117305434,HUGO NOBRE CABRAL,N,2017,09
08547432000803,00018236766420,LEA BARBOSA CABRAL,N,2017,09
08547432001010,00005117305434,HUGO NOBRE CABRAL,N,2017,09
08547432001010,00018236766420,LEA BARBOSA CABRAL,N,2017,09
08553216000196,00003947289472,MARIA CABRAL DE ALBUQUERQUE,N,2017,09
08553216000196,00015672778453,CORINA CABRAL DE ALBUQUERQUE,N,2017,09
08553216000196,00031203248415,JOSE CABRAL DE ALBUQUERQUE,N,2017,09
08555021000185,00017545331400,RONALDO MARQUES RODRIGUES,N,2017,09
08555021000185,00072137886472,ROSANE MENDONCA RODRIGUES,N,2017,09
08563934000143,00003036832440,JOSE DOS SANTOS PINHEIRO DA SILVA JUNIOR,N,2017,09
08563934000143,00087765942468,ANDRE CIRILO DE OLIVEIRA PINHEIRO,N,2017,09
08572950000100,00026718588415,ROBERTO PINTO SERQUIZ ELIAS,N,2017,09
08572950000100,00029303117468,MARIA TEREZA PINTO SERQUIZ MAIA,N,2017,09
08576605000137,00005375446405,FRANCISCO EDILSON XAVIER REBOUCAS SEGUNDO,N,2017,09
08576605000137,00013014110434,FRANCISCO EDILSON XAVIER REBOUCAS,N,2017,09
08576605000137,00022978712449,LINDONETE MARIA MOURA ROCHA REBOUCAS,N,2017,09
08692063000168,00019944578487,MARIA ZENI MARINHO MOREIRA,N,2017,09
08692063000168,00027543579472,RAIMUNDO LUCAS MOREIRA,N,2017,09
08692584000115,00042240603453,FLORACI CASSIANO DA SILVA,N,2017,09
08713513000151,00003203131404,JOSE MUNIZ UCHOA,N,2017,09
08713513000151,00042291712420,GLAUBER CAVALCANTE UCHOA,N,2017,09
08713513000151,00067147232453,GLEYBER CAVALCANTE UCHOA,N,2017,09
08713513000151,00072298235449,EDIZIA CAVALCANTE DE BRITO UCHOA,N,2017,09
08733671000173,00026128195415,ADJACIRA SOBREIRA DE CASTRO TEIXEIRA,N,2017,09
08847139000268,00000258636491,PAULO MENDONCA DE SOUSA,N,2017,09
08847139000268,00020705263487,PAULO MENDONCA MAIA,N,2017,09
08847139000268,00057210020420,DALVA MIRANDA DE SOUSA,N,2017,09
08883446000113,00008965947421,ALLYSON BERGSON FERNANDES DE MEDEIROS,N,2017,09
08883446000113,00046594370430,LUIZ JURANDIR DE MEDEIROS,N,2017,09
08883446000113,00079113583468,JUVANIRA FERNANDES DE MEDEIROS,N,2017,09
08933234000101,00004554960480,NATANAEL FERNANDES PINHEIRO,N,2017,09
08933234000101,00042935458400,ELZA MARIA FERNANDES PINHEIRO,N,2017,09
08940206000103,00063874067491,FREDIANO JALES ROSADO,N,2017,09
08940206000103,00079247806453,GREGORIO JALES ROSADO,N,2017,09
09080953000181,00006151597451,LOUISE STELLA LIMA BARBOSA,N,2017,09
09080953000181,00008479394480,LETICIA ALINE LIMA BARBOSA,N,2017,09
09080953000181,00033594724468,LUIZ HUGO VIDAL BARBOSA,N,2017,09
09080953000181,00082864888491,LEONARDO VIDAL BARBOSA,N,2017,09
09109547000102,00014383780415,PEDRO NASCIMENTO DE PAIVA FERNANDES,N,2017,09
09117268000182,00022989528415,SUEUDO BESSA REGIS,N,2017,09
09117268000182,00031507166400,IVANSUEUDO BESSA REGIS,N,2017,09
09117268000182,00049055240400,RAIMUNDA BESSA FREITAS,N,2017,09
09124474000110,00042379300410,FRANCISCO MANOEL FERREIRA DO NASCIMENTO,N,2017,09
09124474000110,00045649928487,EDNA BULHOES DO NASCIMENTO,N,2017,09
09162487000183,00001704705479,FRANCISCO XAVIER DE OLIVEIRA NETO,N,2017,09
09162487000183,00005070669443,MARIA EDINETE PEREIRA DA SILVA,N,2017,09
09178339000157,00002843112435,PEDRO FELIX DE MEDEIROS NETO,N,2017,09
09178339000157,00004680980460,NICACIA ARAUJO DA ROSA MEDEIROS,N,2017,09
09208172000120,00001236301420,DANIELLE MONIKE LIMA DE ALBUQUERQUE,N,2017,09
09208172000120,00006369763438,LUCIO FERNANDES DE ALBUQUERQUE JUNIOR,N,2017,09
09226892000118,00000957990448,VANDILSOM MOURA SILVA - ME,N,2017,09
09226892000118,00005095592479,VALERIA DE MOURA SILVA,N,2017,09
09246769000169,00002035939445,JEANE DANTAS DO NASCIMENTO,N,2017,09
09246769000169,00004136551487,FRANCISCO JACOME SARMENTO,N,2017,09
09302793000178,00002599924707,ADEMAR OSSAMI TAKEMURA,N,2017,09
09302793000178,00003752314710,MARIA VERONICA DO NASCIMENTO,N,2017,09
09305229000451,00066379270400,QUEZIA MAIA DANTAS OLIVEIRA,N,2017,09
09305229000451,00085171069468,PABLO MARCEL DE SOUSA OLIVEIRA,N,2017,09
09348867000107,00016057341953,JOSE TERCIO DE VICENTE,N,2017,09
09348867000107,00049633210178,MARCOS ELY MENDES,N,2017,09
09363802000130,00034202536487,JOSE MEDEIROS DANTAS,N,2017,09
09363802000130,00036991066400,ANGELA MARIA DE MEDEIROS,N,2017,09
09368724000167,00002764391552,ANDREIA TORRES DOS SANTOS,N,2017,09
09368724000167,00031940432855,RANDAL JULIANO PESSOA DAS NEVES,N,2017,09
09392341000124,00005011230325,SEVERINO RAMOS DE OLIVEIRA,N,2017,09
09392341000124,00051234980444,HELDER JANSEN RODRIGUES DE OLIVEIRA,N,2017,09
09392341000558,00005011230325,SEVERINO RAMOS DE OLIVEIRA,N,2017,09
09392341000558,00051234980444,HELDER JANSEN RODRIGUES DE OLIVEIRA,N,2017,09
09402009000284,00015599566404,GENILDO FERNANDES DE QUEIROZ,N,2017,09
09402009000284,00062713655404,JULIA FERNANDES DE QUEIROZ,N,2017,09
09431823000146,00002626355348,ERNANDO ESTEVAM NOGUEIRA,N,2017,09
09431823000146,00003586175370,SAMARA ESTEVAM PESSOA,N,2017,09
09459395000160,00002210973414,SANDRA FERNANDES DE MORAIS LOPES,N,2017,09
09459395000160,00056635699449,JOAO LOPES DA SILVA JUNIOR,N,2017,09
09459395000240,00002210973414,SANDRA FERNANDES DE MORAIS LOPES,N,2017,09
09459395000240,00056635699449,JOAO LOPES DA SILVA JUNIOR,N,2017,09
09500928000100,00083722610400,GONCALO JOAO SANTOS DE OLIVEIRA,N,2017,09
09500928000100,00091369444400,ELAINY CRISTINA SILVA FERNANDES OLIVEIRA,N,2017,09
09501742000175,00000794168450,JOSE TARCISIO DIOGENES JUNIOR,N,2017,09
09501742000175,00005086174481,SAVIO TARCIO GURGEL DIOGENES,N,2017,09
09501742000175,00010903579405,SAULLO RARYANO GURGEL DIOGENES,N,2017,09
09501742000175,00026073846487,ROSANGELA GURGEL DE OLIVEIRA DIOGENES,N,2017,09
09524685000140,00009288252304,JOSE AURINO ASEVEDO LOPES,N,2017,09
09524685000140,00021658684320,ISMENIA MACIEL SAMPAIO ASEVEDO,N,2017,09
09600404000190,00052318419434,TEOFILO FERREIRA DE SOUZA,N,2017,09
10013417000142,00053767063468,RONNIE CEZAR FERNANDES SILVA,N,2017,09
10013417000142,00072158824468,CLEINO MARCOS FERNANDES BENTO,N,2017,09
10141376000170,00002837251410,MARIA GORETE PEREIRA DA COSTA VASCO,N,2017,09
10141376000170,00079087809468,BENTO DE LIMA VASCO,N,2017,09
10264170000137,00001226403492,ALEXANDRE LACERDA URBANO,N,2017,09
10264170000137,00011488109869,IVETE LACERDA URBANO,N,2017,09
10328834000184,00054953006534,ALBERTO SOBRAL DA SILVA,N,2017,09
10328834000184,00067171044491,LUIZ ALBERTO BARBALHO GALVAO,N,2017,09
10328834000184,00075147491449,GUSTAVO HENRIQUE BARBALHO GALVAO,N,2017,09
10449378000120,00004558174489,ADRIANA BEZERRA LOPES MEDEIROS,N,2017,09
10449378000120,00094270732415,ADRIANO OLIVEIRA DE MEDEIROS,N,2017,09
10493637000110,00002099426490,TEREZA DE FATIMA DA SILVA,N,2017,09
10606327000165,00006067683431,ANGELO MARCOS DE HOLANDA,N,2017,09
10606327000165,00007558157420,AIANNE MIKAELLY GONCALVES DE HOLANDA,N,2017,09
10641461000105,00036915017453,MARIA APARECIDA FERREIRA DE ARAUJO,N,2017,09
10641461000105,00087570637453,VALDENOR OTACILIO DA SILVA ARAUJO,N,2017,09
10649161000164,00064851273215,ELISANGELA BANDEIRA RIZZI,N,2017,09
10649161000164,00069730768234,MARCELO BANDEIRA RIZZI,N,2017,09
10655938000101,00067104622420,FAUSTO CAVALCANTE DA SILVA JUNIOR,N,2017,09
10655938000101,00079073727472,ADRIANA CARLA DE OLIVEIRA SOUZA CAVALCANTE,N,2017,09
10683029000179,00022971513491,LUIZ GONZAGA DE OLIVEIRA,N,2017,09
10683029000179,00078542677404,DEISE LEITE DANTAS DE OLIVEIRA,N,2017,09
10700961000243,00000377295434,AMADEU VENANCIO DANTAS,N,2017,09
10700961000243,00001199757420,MANOEL VENANCIO DANTAS,N,2017,09
10700961000243,00018279376453,MANOEL VENANCIO DANTAS JUNIOR,N,2017,09
10700961000243,00026206935434,ILANA MARIA DANTAS SILVEIRA CRUZ,N,2017,09
10700961000243,00066417953491,IARA MARIA DANTAS DA COSTA,N,2017,09
10726669000119,00008852487409,TATIANA LIRA MARINHO,N,2017,09
10726669000119,00017613922472,GIACOMO FERNANDO TAVARES MARINHO,N,2017,09
10757598000111,00041927133300,ANTONIO ALESSANDRO DA SILVA PINHEIRO,N,2017,09
10757598000111,00096289511300,SHIRLEY SARINY LEITE COSTA PINHEIRO,N,2017,09
10761839000104,00018185533415,JOAO ALBERTO ALVES TEIXEIRA,N,2017,09
10761839000104,00026128195415,ADJACIRA SOBREIRA DE CASTRO TEIXEIRA,N,2017,09
10766931000159,00001055969497,MARIA FRANCKCIARA DA SILVA ARAUJO,N,2017,09
10766931000159,00007949077840,ALCINO ALVES DA SILVA,N,2017,09
10776848000160,00077902602434,VALDECI PIRES DE SOUZA,N,2017,09
10776848000160,00091312876468,MARIA GILVANEIDE PIRES DE SOUZA,N,2017,09
10790288000107,00002242077414,ELMA DANTAS DE MEDEIROS BRITO,N,2017,09
10790288000107,00002798835445,JAELSON DANTAS DE MEDEIROS BRITO,N,2017,09
10808409000192,00000939731444,CARLOS HENRIQUE CABRAL DE AZEVEDO,N,2017,09
10808409000192,00031586600400,JOAO MARIA AZEVEDO,N,2017,09
10857970000161,00006720633449,MARIA DALVA DE MESQUITA DIAS,N,2017,09
10857970000161,00031573126420,FRANCISCO MESSIAS DIAS,N,2017,09
10863094000186,00000771676433,MARIA DE FATIMA COSTA DOS SANTOS,N,2017,09
10863094000186,00045547521434,SILVAN MARCONI LEITE,N,2017,09
10867569000102,00001148829407,CIPRIANO GOMES LOPES,N,2017,09
10867569000102,00006645600402,LUIZ CARLOS GOMES LOPES,N,2017,09
10898135000170,00017854501823,LAILDO NECO DE MORAIS,N,2017,09
10898135000170,00065402898472,AMARO ANTONIO DA COSTA,N,2017,09
10933739000100,00007264253465,MONINNE RAQUEL OLIVEIRA MORAIS,N,2017,09
10933739000100,00007391041440,DEIVID VIANA DE AQUINO,N,2017,09
10951001000175,00001039386482,EDIVAN LIRA DA SILVA,N,2017,09
10951001000175,00081219512400,NICACIO GENIVAN LOPES,N,2017,09
10981924000170,00006111784439,MANUELLY MAKSON ARAUJO,N,2017,09
10981924000170,00070034090460,ELTON DA SILVA SANTOS,N,2017,09
11290066000180,00002978649470,RICARDO BRUNO SILVA DOS SANTOS,N,2017,09
11290066000180,00046534229404,FRANCINETE SILVA DOS SANTOS,N,2017,09
11511020000143,00002259218474,CESAR CARLOS SILVEIRA MARIZ,N,2017,09
11511020000143,00073950203400,ROBERIO CAIAFFO CAVALCANTE ANDRADE,N,2017,09
11689133000133,00008789080483,MARIANA PINHEIRO DE ARAUJO,N,2017,09
11689133000133,00009241584416,HELOA D AVILLA NERY SERRA DANTAS,N,2017,09
11689133000133,00039382249400,GEOVANILDO PEREIRA DE ARAUJO,N,2017,09
11786813000175,00000887915566,JACIARA GONCALVES DA SILVA,N,2017,09
11786813000175,00006369763438,LUCIO FERNANDES DE ALBUQUERQUE JUNIOR,N,2017,09
11939808000155,00008569157428,CAMILO DE LELLIS DANTAS DE AMORIM,N,2017,09
11939808000155,00018249604415,ANTONIO GOMES DE AMORIM,N,2017,09
11940467000138,00002023024404,OTACILIO CACIANO DO NASCIMENTO,N,2017,09
11940467000138,00008192320413,LUIS HENRIQUE DE FRANCA GOMES,N,2017,09
11940467000138,00023448270482,JOSE REGINALDO GOMES,N,2017,09
11982113000156,00029749840453,AFRANIO FERREIRA DE MIRANDA FILHO,N,2017,09
11982113000156,00040648320430,LUCIANO DE SOUSA MIRANDA,N,2017,09
11982113000156,00046528210420,PAULO CESAR DE SOUSA MIRANDA,N,2017,09
11982113000156,00053910168434,SILVANA GOMES DE MIRANDA,N,2017,09
11982113000580,00029749840453,AFRANIO FERREIRA DE MIRANDA FILHO,N,2017,09
11982113000580,00040648320430,LUCIANO DE SOUSA MIRANDA,N,2017,09
11982113000580,00046528210420,PAULO CESAR DE SOUSA MIRANDA,N,2017,09
11982113000580,00053910168434,SILVANA GOMES DE MIRANDA,N,2017,09
11982113000741,00029749840453,AFRANIO FERREIRA DE MIRANDA FILHO,N,2017,09
11982113000741,00040648320430,LUCIANO DE SOUSA MIRANDA,N,2017,09
11982113000741,00046528210420,PAULO CESAR DE SOUSA MIRANDA,N,2017,09
11982113000741,00053910168434,SILVANA GOMES DE MIRANDA,N,2017,09
12018070000156,00001237930413,FRANCISCO GLAUBENIO FELIX DE OLIVEIRA,N,2017,09
12018070000156,00031655297449,ANTONIA JAIRES DE LIMA AGOSTINHO,N,2017,09
12055990000144,00000871828405,MARCOS ANTONIO NUNES,N,2017,09
12055990000144,00001156341426,ANA CRISTINA BRITO,N,2017,09
12305387000173,00003525182430,RODRIGO FERNANDES DE CARVALHO,N,2017,09
12305387000173,00004644650447,EDUARDO FERNANDES DE CARVALHO,N,2017,09
12305387000173,00005916884419,FELIPE FERNANDES DE CARVALHO,N,2017,09
12305387000173,00009166947391,EDUARDO TAVARES DE CARVALHO,N,2017,09
12305387000173,00067185517400,FERNANDA FERNANDES DE CARVALHO,N,2017,09
12305387000173,40811440000143,PRONTOMEDICA PRODUTOS HOSPITALARES LTDA,N,2017,09
12328933000191,00002907964402,LEONARDO ALEXANDRE DA ROCHA,N,2017,09
12328933000191,00045135290400,KATIA COELLY VIRISSIMO DO NASCIMENTO ROCHA,N,2017,09
12528765000188,00004743790433,IVANILSON DOS SANTOS VERAS,N,2017,09
12528765000188,00041403517487,MARIA JOSE DOS SANTOS VERAS,N,2017,09
12640314000138,00003450130420,ROSEANA DE FREITAS RAMOS,N,2017,09
12640314000138,00005743249415,MARIA LECIMAR DE FREITAS RAMOS,N,2017,09
12648754000131,00020195737415,ANTONIO VIEIRA DA SILVA NETO,N,2017,09
12648754000131,00040580067491,ADELIA GURGEL VIEIRA,N,2017,09
12689295000134,00000988298406,WELLBERSON FLOR DE OLIVEIRA,N,2017,09
12689295000134,00005788039410,HUDYSON FLOR DE OLIVEIRA,N,2017,09
12689295000134,00008567921449,JAIRO ARAUJO DE OLIVEIRA,N,2017,09
12689295000134,00089798856449,MAXWELL FLOR DE OLIVEIRA,N,2017,09
12689295000304,00000988298406,WELLBERSON FLOR DE OLIVEIRA,N,2017,09
12689295000304,00005788039410,HUDYSON FLOR DE OLIVEIRA,N,2017,09
12689295000304,00008567921449,JAIRO ARAUJO DE OLIVEIRA,N,2017,09
12689295000304,00089798856449,MAXWELL FLOR DE OLIVEIRA,N,2017,09
12689295000720,00000988298406,WELLBERSON FLOR DE OLIVEIRA,N,2017,09
12689295000720,00005788039410,HUDYSON FLOR DE OLIVEIRA,N,2017,09
12689295000720,00008567921449,JAIRO ARAUJO DE OLIVEIRA,N,2017,09
12689295000720,00089798856449,MAXWELL FLOR DE OLIVEIRA,N,2017,09
12704516000104,00008789080483,MARIANA PINHEIRO DE ARAUJO,N,2017,09
12704516000104,00076205800420,MERCIA CRISTINA FERNANDES PINHEIRO,N,2017,09
12741070000180,00066453410400,FRANCISCO GILBERTO DA SILVA,N,2017,09
12746673000255,00002053611456,MARCONI DE ALMEIDA COSTA JUNIOR,N,2017,09
12746673000255,00005631971453,MARCONI DE ALMEIDA ROSADO COSTA,N,2017,09
12746673000255,00067308996468,MARIA DE FATIMA ALVES DE OLIVEIRA COSTA,N,2017,09
12756805000149,00001172383413,CARLOS FILIPE LUZ MOURA,N,2017,09
12756805000149,00008878331449,CARLOS ALBERTO MOURA,N,2017,09
12959542000175,00046537619491,CLAUDIA SOARES FERNANDES CAMARA,N,2017,09
12959542000175,00076104940463,FRANCISCO ERINALDO CAMARA,N,2017,09
12967658000156,00006806454461,MELINNA GURJAO DE PAIVA,N,2017,09
12967658000156,00041364970406,CIMARIA GURJAO DE MORAIS PAIVA,N,2017,09
12980520000197,00002668529476,CADJA PEREIRA DE MELO,N,2017,09
12980520000197,00034173005415,CASSIO PEREIRA DE MELO,N,2017,09
12980520000197,00067178456434,CLEBSON PEREIRA DE MELO,N,2017,09
12980520000197,00087684373404,CLEDJA PEREIRA DE MELO RASTELLI,N,2017,09
12980520000359,00002668529476,CADJA PEREIRA DE MELO,N,2017,09
12980520000359,00034173005415,CASSIO PEREIRA DE MELO,N,2017,09
12980520000359,00067178456434,CLEBSON PEREIRA DE MELO,N,2017,09
12980520000359,00087684373404,CLEDJA PEREIRA DE MELO RASTELLI,N,2017,09
13060597000101,00008214350433,SANDERSON CORTEZ DE QUEIROZ,N,2017,09
13060597000101,00027690172415,FRANCISCA LUCIMAR LIMA E SILVA,N,2017,09
13160859000100,00001644218402,GUILHERME BULHOES DA NOBREGA,N,2017,09
13160859000100,00079094210444,ALEXANDRE NIKOLAS DA NOBREGA,N,2017,09
13180055000172,00042240603453,FLORACI CASSIANO DA SILVA,N,2017,09
13180055000172,00085070599453,MAZILENE FERNANDES DE LIMA SILVA,N,2017,09
13190056000106,00046049096449,VALDECI TEIXEIRA JALES,N,2017,09
13190056000106,00070154112453,EDILEUSA TEIXEIRA JALES,N,2017,09
13191753000173,00005584247405,ISABELLE DE CASTILHO BERTULEZA CAVALCANTI DE SOUZA,N,2017,09
13191753000173,00005730032463,RENAN CAVALCANTI DE SOUZA,N,2017,09
13228559000115,00002659567492,VICTOR SIRUFFO DE CARVALHO,N,2017,09
13228559000115,00002744733482,SANZIA PATRICIA DE SOUZA SIRUFFO,N,2017,09
13259674000157,00011647263409,ERICK LORENZO NOLASCO SILVA,N,2017,09
13259674000157,00065339304434,FRANCISCO LUCIEUDES DA SILVA,N,2017,09
13259674000157,00086470566391,FRANCISCO JUCIVAN FERNANDES COSTA,N,2017,09
13384932000127,00005195912408,JANAINA BATISTA DA SILVA,N,2017,09
13405199000180,00001359478477,JOSE WILLTON CARLOS DE MEDEIROS,N,2017,09
13405199000180,00005086597447,PRISCILA GABRIELLE CARLOS DE MEDEIROS DIAS,N,2017,09
13536641000107,00063874067491,FREDIANO JALES ROSADO,N,2017,09
13536641000107,00079247806453,GREGORIO JALES ROSADO,N,2017,09
13536641000379,00063874067491,FREDIANO JALES ROSADO,N,2017,09
13536641000379,00079247806453,GREGORIO JALES ROSADO,N,2017,09
13587119000154,00008984451401,VERUSSIA CARLA ROCHA DE FARIAS,N,2017,09
13612657000151,00000871799464,ANDREZA ALVES DE OLIVEIRA CRUZ,N,2017,09
13612657000151,00005501697416,JOAO MANOEL DE OLIVEIRA NETO,N,2017,09
13612657000151,00009356397481,LUIS PAULO DE OLIVEIRA FERREIRA,N,2017,09
13839092000140,00003204632490,MARTA MESSIAS DE MESQUITA,N,2017,09
13839092000140,00006988230440,MAXKSON MESSIAS DE MESQUITA,N,2017,09
13938876000125,00063402882434,MIGUEL SOARES DE MOURA,N,2017,09
13938876000125,00067306896415,ERONEIDE ZACARIAS DA COSTA,N,2017,09
14147973000243,00002756655422,MARIA DJENANE DA SILVA,N,2017,09
14147973000243,00079711464349,LUIZ CLEDSON LINS DE AQUINO,N,2017,09
14288888000114,00005949233441,PRISCILA DAYANNE DOS SANTOS ARAUJO,N,2017,09
14288888000114,00030099943468,MARLUCE MARIA DOS SANTOS,N,2017,09
14296822000176,00005428537442,JAMIELLE MARIA DO NASCIMENTO BATISTA DE SOUZA,N,2017,09
14296822000176,00079194818487,ROSELHO DE SOUZA,N,2017,09
14428827000105,00049827731491,ROMUALDO TORRES BEZERRA JUNIOR,N,2017,09
14428827000105,00079153348400,ERINEIDE ELAINE DA SILVA TORRES,N,2017,09
14625888000162,00000851098436,MIGUEL RENATO DOS ANJOS,N,2017,09
14625888000162,00007060397426,ANA PATRICIA DA SILVA DOS ANJOS,N,2017,09
14717523000168,00001054505454,ROMULO ANTONIO SANTOS DA SILVA,N,2017,09
14717523000168,00023024780459,LEDA MARIA CORREIA DOS SANTOS,N,2017,09
14878644000272,00001225265460,LEANDRO DA SILVA PINHEIRO,N,2017,09
14878644000272,00014063654400,TULIO MAURICIO CAMARA FLOR,N,2017,09
15160493000102,00058289151420,ELISIEL UBIRAJARA MARQUES,N,2017,09
15160493000102,00066502705472,RONALDO ARAUJO DOS SANTOS,N,2017,09
15192676000100,00009763746418,JAILSON SOBRINHO,N,2017,09
15192676000100,00070239176405,ERIMAR NOGUEIRA DE SOUZA,N,2017,09
15243774000110,00001190427460,FABIANE SOARES DE QUEIROZ,N,2017,09
15243774000110,00008252579485,MURILO KENNEDY RADEMAKER DE SOUSA SOARES,N,2017,09
15359153000105,00001423663403,RAFAEL DE AMORIM DANTAS,N,2017,09
15359153000105,00009033662400,PATRICIA BERNARDO DE CASTRO AMORIM,N,2017,09
16783593000140,00035758643491,TERCIO CAMARA FLOR,N,2017,09
16783593000140,00050073940410,MARTA CUNHA DE PAIVA MARQUES FLOR,N,2017,09
16909633000157,00001404591460,ANDREIA LAYSE ADOLFO DA SILVA,N,2017,09
16909633000157,00054370302749,SEVERINO MANOEL ADOLFO,N,2017,09
16909633000157,22862359000100,ADOLFO & ADOLFO PARTICIPACOES LTDA,N,2017,09
17198254000169,00003570907481,WASHINGTON ALLAND MORAES DA ROCHA,N,2017,09
17198254000169,00076117073453,MICARLA SILVA DA CRUZ ROCHA,N,2017,09
17199619000170,00002978649470,RICARDO BRUNO SILVA DOS SANTOS,N,2017,09
17199619000170,00010614075432,FERNANDA PAULA MARQUES DA FONSECA,N,2017,09
17320267000169,00003501929870,OSMAR FELIPE DOS SANTOS,N,2017,09
17320267000169,00043973181829,ISABELLA CROISFELT SANTOS,N,2017,09
17514152000105,00005992322426,CLAUDIO HENRIQUE DA SILVA CARNEIRO,N,2017,09
17514152000105,00028916859468,JOSE CLAUDIONOR DA SILVA,N,2017,09
17570889000145,00005476066489,JOSE RADAMES FERNANDES MALHEIRO,N,2017,09
17570889000145,00045540829468,LUIZA PINHEIRO FERNANDES,N,2017,09
17640366000128,00006792523470,JACIARA DOS SANTOS GALVAO,N,2017,09
17640366000128,00008232460431,LUIS HENRIQUE SIQUEIRA DE ARAUJO LIMA,N,2017,09
17974520000106,00001735114499,SAYONARA KELLY DE ARAUJO SOUTO,N,2017,09
17974520000106,00005953568428,ANA PAULA DE ARAUJO SOUTO,N,2017,09
18087566000168,00000917685431,IVIS LEVI DE AGUIAR SANTOS,N,2017,09
18087566000168,00070259286400,IVIS LEVI LOPES ARAUJO AGUIAR,N,2017,09
18303935000102,00049061070449,RITA MARIA DAS CHAGAS,N,2017,09
18303935000102,00085268232487,EDNARDO FERREIRA DAS CHAGAS,N,2017,09
18359586000574,00012063983372,FRANCISCO HAROLDO CARVALHO MAPURUNGA,N,2017,09
18359586000574,00049643355349,CARLOS HAROLDO NOGUEIRA DE VASCONCELOS,N,2017,09
18630298000189,00006720633449,MARIA DALVA DE MESQUITA DIAS,N,2017,09
18630298000189,00031573126420,FRANCISCO MESSIAS DIAS,N,2017,09
18738375000119,00041415680400,LIGIA REGINA CARLOS LIMEIRA,N,2017,09
18738375000119,00042272939449,JARBAS ANTONIO DA SILVA BEZERRA,N,2017,09
18738375000119,00047336099300,TANIA MARIA DE OLIVEIRA PATRICIO,N,2017,09
18893260000107,00005390340450,FRANCISCO FERNANDES FRANCA JUNIOR,N,2017,09
18893260000107,00005601195420,PRISCILLA DE MENDONCA TEIXEIRA FRANCA,N,2017,09
18966174000179,00002908026449,JOSE LUCIANO CAMARA SOLINO,N,2017,09
18966174000179,00078604397434,JOELSON WILLIAM CAVALCANTE,N,2017,09
19020778000190,00000980350450,CARLOS VINICIUS ARAGAO COSTA LIMA,N,2017,09
19020778000190,00001014628407,JOSE ROBERTO DA COSTA LIMA SEGUNDO,N,2017,09
19210207000119,00008476704496,NICOLAS DANTAS DA CUNHA,N,2017,09
19210207000119,00053816285449,LYBIA MARIA DE ARAUJO,N,2017,09
19414509000290,00031604510463,GILENO CACHINA,N,2017,09
19414509000290,00059029218991,TULIO FERREIRA MARTINS,N,2017,09
19414509000290,00066874033972,JAIRTON TAVARES,N,2017,09
19445622000151,00002103240405,ANTONIO ALDO DA FONSECA,N,2017,09
19445622000151,00005294836459,GENILSON DANTAS DA SILVA,N,2017,09
19881198000198,00036905860468,ARISTOTELES DE VASCONCELOS NETO,N,2017,09
19881198000198,00065486552491,JOSE LIDERZIO FERREIRA DE VASCONCELOS JUNIOR,N,2017,09
20103659000180,00049827731491,ROMUALDO TORRES BEZERRA JUNIOR,N,2017,09
20229352000120,00008983172401,THAIS MENEZES DE OLIVEIRA,N,2017,09
20401459000104,00001181622417,DAVID CACHINA BARRETO,N,2017,09
20401459000104,00002319274448,BARBARA CACHINA BARRETO,N,2017,09
21255865000179,00020281919453,PAULO MANUEL DE MELO,N,2017,09
21286237000150,00002618033442,LYZANDRA MELLINNE PINHEIRO DOS SANTOS BEZERRA,N,2017,09
21286237000150,00063817071434,JOSE AURELIANO BEZERRA,N,2017,09
21592905000178,00005186356433,RONALDO MARQUES RODRIGUES FILHO,N,2017,09
21592905000178,00006150704424,LARISSA GIFFONI DE MEDEIROS NUNES PINHEIRO RODRIGUES,N,2017,09
21675852000159,00001194525458,ANA JUSSARA FEITOSA SOARES,N,2017,09
21675852000159,00090456700463,FRANCISCO DE ALCIR DOS SANTOS,N,2017,09
21709263000144,00005894086400,FABIO CESAE PEREIRA VALE,N,2017,09
21709263000144,00007386564457,MATHEUS VINICIUS SANTOS BEZERRA,N,2017,09
21725568000140,00004196367496,LIDIANE DE MEDEIROS EMERENCIANO,N,2017,09
21725568000140,00087482681434,MAIXIMILIANO FERNANDES DE OLIVEIRA,N,2017,09
21869689000165,00001085970400,MARIA RAQUEL MEDEIROS,N,2017,09
21869689000165,00087367033468,EDMILSON ALVES DA SILVA FILHO,N,2017,09
21920643000123,00001369168489,JANIO FERNANDES SALES,N,2017,09
21920643000123,00002872039481,JOSIANE SOARES DA SILVA,N,2017,09
22216720000202,00006291315467,IGOR RIBEIRO JACOME,N,2017,09
22216720000202,00009522358460,ANA CLAUDIA RIBEIRO JACOME,N,2017,09
22902573000143,00009261024432,GILSON TORRES DOS SANTOS LIMA NETO,N,2017,09
22902573000143,00067300260497,JOAO DUARTE DOS SANTOS LIMA NETO,N,2017,09
22902573000224,00009261024432,GILSON TORRES DOS SANTOS LIMA NETO,N,2017,09
22902573000224,00067300260497,JOAO DUARTE DOS SANTOS LIMA NETO,N,2017,09
23231914000169,00049827731491,ROMUALDO TORRES BEZERRA JUNIOR,N,2017,09
23303897000128,00000059109432,ROSANA DA SILVA MARIZ,N,2017,09
23303897000128,00049011570430,JOAO BATISTA,N,2017,09
23761095000161,00001677696427,LUCAS FREITAS VIANA,N,2017,09
23761095000161,00028473073894,EVANIO LIMA GONCALVES,N,2017,09
24013715000147,00002260938400,JORGE AMERICO CARLOS DE OLIVEIRA,N,2017,09
24013715000147,00094143560453,MARNE HUMMEL,N,2017,09
24206617000207,00004752797437,RODRIGO AUGUSTO DE OLIVEIRA,N,2017,09
24206617000207,00009437223491,MARCONDES AUGUSTO DE OLIVEIRA,N,2017,09
24206617000207,00021561605468,MARIA LUCIA DE OLIVEIRA FARIAS,N,2017,09
24206617001017,00004752797437,RODRIGO AUGUSTO DE OLIVEIRA,N,2017,09
24206617001017,00009437223491,MARCONDES AUGUSTO DE OLIVEIRA,N,2017,09
24206617001017,00021561605468,MARIA LUCIA DE OLIVEIRA FARIAS,N,2017,09
24206617001360,00004752797437,RODRIGO AUGUSTO DE OLIVEIRA,N,2017,09
24206617001360,00009437223491,MARCONDES AUGUSTO DE OLIVEIRA,N,2017,09
24206617001360,00021561605468,MARIA LUCIA DE OLIVEIRA FARIAS,N,2017,09
24206617001440,00004752797437,RODRIGO AUGUSTO DE OLIVEIRA,N,2017,09
24206617001440,00009437223491,MARCONDES AUGUSTO DE OLIVEIRA,N,2017,09
24206617001440,00021561605468,MARIA LUCIA DE OLIVEIRA FARIAS,N,2017,09
24206617001874,00004752797437,RODRIGO AUGUSTO DE OLIVEIRA,N,2017,09
24206617001874,00009437223491,MARCONDES AUGUSTO DE OLIVEIRA,N,2017,09
24206617001874,00021561605468,MARIA LUCIA DE OLIVEIRA FARIAS,N,2017,09
24206617002846,00004752797437,RODRIGO AUGUSTO DE OLIVEIRA,N,2017,09
24206617002846,00009437223491,MARCONDES AUGUSTO DE OLIVEIRA,N,2017,09
24206617002846,00021561605468,MARIA LUCIA DE OLIVEIRA FARIAS,N,2017,09
24362493001069,00075130998472,JOSIANE FELIPE SILVA GARCIA DE OLIVEIRA,N,2017,09
24367369000103,00015596966487,LUIZ ANTONIO BESERRA LACERDA,N,2017,09
24367369000103,00041292006404,LUIZ CARLOS LACERDA BEZERRA,N,2017,09
24380578002556,00007196755707,GUSTAVO AGUIAR DA COSTA,N,2017,09
24380578002556,00055001033772,SERGIO BREYER FILHO,N,2017,09
24380578002556,00074024060759,GILNEY PENNA BASTOS,N,2017,09
24380578002556,00099752441734,CARLOS ALBERTO HEITOR DE PAIVA,N,2017,09
24380578002556,05359709000100,PRAXAIR DO BRASIL LTDA,N,2017,09
24380578002556,35820448000136,WHITE MARTINS GASES INDUSTRIAS LTDA,N,2017,09
24506174000199,00001965211496,JOSE MARCELO GUEDES SOARES,N,2017,09
24506174000199,00003106273461,MARIA DE LOURDES GUEDES SOARES,N,2017,09
24515793000140,00000745930484,FRANCISCA HERCINA LEITE,N,2017,09
24515793000140,00002008262472,JOSE RIBAMAR LEITE,N,2017,09
24520892000110,00009610111491,JOSE CARLOS SILVINO,N,2017,09
24520892000110,00089293738449,FABIO RANIERE SILVA,N,2017,09
24521361000141,00001410673499,RAISSA DE HOLANDA MELO,N,2017,09
24521361000141,00005337088424,CIRO DE HOLANDA MELO,N,2017,09
24521361000141,00009822429487,PEDRO TERCEIRO DE MELO,N,2017,09
24523276000112,00012591270449,FABIO TORRES DE OLIVEIRA,N,2017,09
24523276000112,00024142930478,FRANCISCO TORRES FILHO,N,2017,09
24523276000112,00051257173472,FLADJA DE MEDEIROS MOURA TORRES,N,2017,09
24584607000124,00052284743404,VALDEMAR RIBEIRO DE ARA�JO J�NIOR,N,2017,09
24584607000124,00070793271487,MARIA DO SOCORRO COSTA ARAUJO,N,2017,09
24589319000162,00006737137415,TEREZINHA DO REGO NOBRE,N,2017,09
24589319000162,00009644172434,MARIA SOCORRO DO REGO NOBRE,N,2017,09
24922398000181,00008271902474,BARBARA MAIA,N,2017,09
24922398000181,00066405947491,JOSE EDMILSON DE AZEVEDO,N,2017,09
25249727000138,00002096309492,EVA MARIA  COSMO BERNARDO,N,2017,09
25249727000138,00026170515449,EZEQUIEL MOURA DE CARVALHO FILHO,N,2017,09
26084982000130,00005533518428,ANNE GABRIELLE DA SILVA XAVIER,N,2017,09
26084982000130,00006040350474,PEDRO DIOGO SILVA ALVES GONCALVES,N,2017,09
26094819000159,00006443329481,REBEKA RAQUEL FELICIANO QUEIROZ,N,2017,09
26094819000159,00006443331460,PEDRO LUCAS FELICIANO QUEIROZ,N,2017,09
26167936000103,00000818926406,ALAN DE LIMA PESSOA,N,2017,09
26167936000103,00008627347468,MARIA NEUZA FERREIRA,N,2017,09
26564007000120,00001031411461,CHALLON DA SILVA ALVES SATURNINO,N,2017,09
26564007000120,00005223639464,JARLEANE SANTOS DE SOUZA CAMARA SATURNINO,N,2017,09
26808305000118,00010368898407,ADRIANY PRYSCILLA DANTAS FONSECA,N,2017,09
26808305000118,00022224882491,EIDER PINTO DE OLIVEIRA,N,2017,09
27062419000124,00004788957477,WESLLEY MAIA BENICIO,N,2017,09
27062419000124,00092413749268,DANIEL ASSIS MOSINI,N,2017,09
29067113030931,00002484020724,JOAO CARLOS GONCALVES PADILHA,N,2017,09
29067113030931,00028180470563,HUMBERTO JORGE COELHO DE GOUVEA,N,2017,09
29067113030931,00028290275749,RONALDO MOREIRA VIEIRA,N,2017,09
29067113030931,00032386060420,FABIO DE ALENCAR RODRIGUES,N,2017,09
29067113030931,00051926555520,JOSE ANTERO DOS SANTOS,N,2017,09
29067113030931,00068741073568,JOSE ANTONIO DE SANTANA JUNIOR,N,2017,09
29067113030931,11303148000111,RVM EMPREENDIMENTOS LTDA,N,2017,09
29067113030931,12147422000173,GREEN MIX I EMPREENDIMENTOS S.A.,N,2017,09
35284991000247,00059774800400,JOSE VASCONCELOS DA ROCHA JUNIOR,N,2017,09
35284991000247,00090402693434,ANA EMILIA TRIGUEIRO CAVALCANTI DA ROCHA,N,2017,09
35285972000154,00002025310404,FRANCISCO FERNANDES DE MELO,N,2017,09
35285972000154,00059782730491,MARIA ELIANE PONTES FERNANDES,N,2017,09
35291038000145,00036982113434,WERNECK LIMA DE CARVALHO,N,2017,09
35291038000145,27017729000127,TC PARTICIPACOES LTDA,N,2017,09
35291038000145,27037834000128,WC PARTICIPACOES LTDA,N,2017,09
35291038000145,27850574000105,WT HOLDING PARTICIPACOES LTDA,N,2017,09
35292515000197,00002343755400,TASLA CAPISTRANO GONZAGA MENDES,N,2017,09
35292515000197,00003603888413,THAISA CAPISTRANO GONZAGA DE ANDRADE,N,2017,09
35292515000197,00004396499434,ANTONIO GONZAGA CHIMBINHO,N,2017,09
35292515000197,00085215473404,JANDIRA CAPISTRANO GONZAGA,N,2017,09
35292515000197,00085215570434,THIAGO CAPISTRANO GONZAGA,N,2017,09
35292515000197,24743960000100,INDEPENDENCIA PARTICIPACOES SOCIETARIAS LTDA,N,2017,09
35304898000176,00001375757423,FELIPE ABNER RODRIGUES DE SOUZA,N,2017,09
35304898000176,00008541673405,DANIEL VICTOR DE SOUZA,N,2017,09
35503721000360,00013640518420,OSVALDO RUI DIAS MARTINS,N,2017,09
35503721000360,00030276942434,MARIA FIRMINO DIAS MARTINS,N,2017,09
35648757000170,00002766596437,MARIA JUCINEIDE GUIMARAES,N,2017,09
35648757000170,00041466799404,IGEILDO GUIMARAES,N,2017,09
35649219000796,00000900478420,FRANCISCO ODON DE MACEDO FILHO,N,2017,09
35649219000796,00039355608420,ANGELO JOSE MEDEIROS DE MACEDO,N,2017,09
35653880000180,00009305444474,PEDRO CASSIMIRO DAS NEVES CEZAR,N,2017,09
35653880000180,00010768064490,JOSE ARTHUR DE GOIS SILVA,N,2017,09
35661743000197,00010697616487,JOSAFA ARAUJO DA COSTA,N,2017,09
35661743000197,00028898770430,MARIA DE LOURDES SILVA DA COSTA,N,2017,09
35662667000134,00008539956489,ARTHUR HENRIQUE COSTA LIMA,N,2017,09
35662667000134,00042939208468,MANOEL EDIVALDO DE LIMA,N,2017,09
40757908000169,00003573255400,BRUNA MARIA GUERRA DE FARIAS CAMARA,N,2017,09
40757908000169,00017469422404,EDUARDO JOSE DE FARIAS,N,2017,09
40757908000169,00369925000104,AUTOESTE AUTOMOVEIS LTDA,N,2017,09
40757908000169,08949194000188,LEGACY VEICULOS LTDA,N,2017,09
40760209000178,00001252554460,ERIVAN MYLLER MAFRA MEDEIROS,N,2017,09
40760209000178,00031700071491,JOSE ERIVAN DE MEDEIROS,N,2017,09
40761843000125,00031589120400,IVANALDO SEVERINO MALHEIRO,N,2017,09
40761843000125,00045540829468,LUIZA PINHEIRO FERNANDES,N,2017,09
40762320000101,00015652670444,JAILSON SILVA DE MACEDO,N,2017,09
40762320000101,00043375456468,IVOLEDA SOARES DE MACEDO,N,2017,09
40769416000193,00052541533420,HUMBERTO CANTALICE DE ARAUJO,N,2017,09
40769416000193,00078519675468,LUCIANA NOBREGA DE ANDRADE CANTALICE,N,2017,09
40777690000104,00006532866431,JEFFSON GALVAO RODRIGUES,N,2017,09
40777690000104,00029738628415,ZULEIDE GOMES GALVAO,N,2017,09
40777690000295,00006532866431,JEFFSON GALVAO RODRIGUES,N,2017,09
40777690000295,00029738628415,ZULEIDE GOMES GALVAO,N,2017,09
40778342000151,00002394607408,CARLOS EDUARDO PESSOA BARRETO,N,2017,09
40778342000151,00003373053404,CLOVIS DE FREITAS BARRETO,N,2017,09
40778342000151,00062677144468,LEONILDA PESSOA BARRETO,N,2017,09
40778342000151,00077854985472,CLOVIS EUGENIO PESSOA BARRETO,N,2017,09
40782468000108,00002740840403,ANDRE LUIZ JOSE GALVAO MATIAS,N,2017,09
40782468000108,00017209595449,FRANCISCO MATIAS,N,2017,09
40787152000109,00010593969472,VICENTE DE PAULO AVELINO SOBRINHO,N,2017,09
40787152000109,00010764135449,ELSAMAR BATISTA BARBOSA AVELINO,N,2017,09
40787152000109,00013084780463,MARIA DAS GRACAS DOS SANTOS AVELINO,N,2017,09
40787863000175,00006820354835,MARIA ELINEIDE NERES DA SILVA,N,2017,09
40787863000175,00056575653472,JOAO MARIA GUEDES DA SILVA,N,2017,09
40792210000184,00015039803400,PEDRO JEREMIAS FERNANDES NETO,N,2017,09
40792210000184,00015051978487,MARIA LOURDETE DA SILVEIRA FERNANDES,N,2017,09
40796146000371,00006291315467,IGOR RIBEIRO JACOME,N,2017,09
40796146000371,00009522358460,ANA CLAUDIA RIBEIRO JACOME,N,2017,09
40803645000187,00001613820453,ALDO CLEMENTE DE ARAUJO,N,2017,09
40803645000187,00010607285400,ZILMA FERNANDES DE ARAUJO,N,2017,09
40989857000109,00021427968420,FERNANDO ANTONIO PEREIRA GOMES,N,2017,09
40989857000109,00033652783468,ANA LYDIA FARIAS MONTEIRO PEREIRA GOMES,N,2017,09
40993123000195,00033479887449,MANOEL VENANCIO RODRIGUES JUNIOR,N,2017,09
40993123000195,00050715127420,MARIA DE FATIMA MOREIRA RODRIGUES,N,2017,09
40996472000160,00007966434400,JOAO ANTONIO MOREIRA SILVA,N,2017,09
40996472000160,00015077128472,MARIA DAS GRACAS PESSOA DA COSTA,N,2017,09
41001793000140,00037847961415,LUIZ GONZAGA DE ARAUJO JUNIOR,N,2017,09
41001793000140,00056752504415,NAIRE FERREIRA DE MEDEIROS,N,2017,09
41002643000151,00079213448449,INACIO DANTAS DE ARAUJO,N,2017,09
44021095000103,00001079302425,TEMISTOCLIS CEZAR XAVIER,N,2017,09
44021095000103,00002200710801,ROMILDO GONCALVES DA SILVA,N,2017,09
44734671000151,00003059886466,MARLUZA REBOUCAS DA SILVA,N,2017,09
44734671000151,00072155485468,PAULO CESAR DE LIMA,N,2017,09
60619202001209,00026175606434,DAMIAO TEOFILO DE SOUZA,N,2017,09
70024955000164,00000856798444,ISABELLE VELUCIA DIAS DE ARAUJO,N,2017,09
70024955000164,00031197884491,ARY TOMAZ DE ARAUJO FILHO,N,2017,09
70026240000140,00040620735449,ANA BEATRIZ DE CARVALHO WANDERLEY,N,2017,09
70026240000140,00046618945453,FLAVIO CARVALHO DANTAS WANDERLEY,N,2017,09
70027479000135,00001224548477,DIEGO DE PAIVA PESSOA,N,2017,09
70027479000135,00005705753462,DENNIS DE PAIVA PESSOA,N,2017,09
70046685000192,00015531520425,MARIA CILENE DE ALMEIDA,N,2017,09
70046685000192,00023089776472,CASCIMIRO FRANCISCO NETO,N,2017,09
70146949000180,00000176211861,JOSE FRANCISCO DA SILVA,N,2017,09
70146949000180,00070332177491,MARIA DE FATIMA AZEVEDO SILVA,N,2017,09
70147822000185,00010335217443,GABRIELLE ALESSANDRA MACIEL SILVA,N,2017,09
70147822000185,00037887580404,JOSE MARINALDO DA SILVA,N,2017,09
70151782000145,00043019684404,ANTONIO GURGEL DE BRITO,N,2017,09
70151782000145,00047475900487,HERONIDES GURGEL NETO,N,2017,09
70152095000144,00006922593413,LAYSE DE SOUZA MAIA,N,2017,09
70152095000144,00070242422489,LETICIA SOUZA CAVALCANTE,N,2017,09
70154968000158,00014157560400,PAULO JOSE FERREIRA DE MELO,N,2017,09
70154968000158,00035242191449,JOSE CLAUDIO FERREIRA DE MELO,N,2017,09
70154968000158,00044335695420,SILVIO JOSE FERREIRA DE MELO,N,2017,09
70154968000158,04410009000121,VENEZA PARCICIPAOES LTDA,N,2017,09
70158555000141,00000835246493,POLLYANNA MONICA CAVALCANTE OLIVEIRA,N,2017,09
70158555000141,00013114832415,LUIZ GONZAGA DE OLIVEIRA,N,2017,09
70158555000141,00079086721400,LUIS GONZAGA OLIVEIRA CARVALHO,N,2017,09
70166350000108,00030697832449,EDUARDO DE OLIVEIRA CARLOS DA SILVA,N,2017,09
70166350000108,00039012786487,RICARDO DE OLIVEIRA CARLOS DA SILVA,N,2017,09
70166350000108,00083990895400,ELIANE DE OLIVEIRA CARLOS DA SILVA FREIRE,N,2017,09
70166350000299,00030697832449,EDUARDO DE OLIVEIRA CARLOS DA SILVA,N,2017,09
70166350000299,00039012786487,RICARDO DE OLIVEIRA CARLOS DA SILVA,N,2017,09
70166350000299,00083990895400,ELIANE DE OLIVEIRA CARLOS DA SILVA FREIRE,N,2017,09
70309885000190,00001019338431,ALANOR MEDEIROS FILHO,N,2017,09
70309885000190,00002740741413,ALYSSON AZEVEDO DE MEDEIROS,N,2017,09
70309885000190,00067113710468,ALDENOR AZEVEDO MEDEIROS,N,2017,09
70309885000190,00091526248468,ALDEIZA AZEVEDO DE MEDEIROS,N,2017,09
70313697000136,00014300176434,FRANCISCO ASSIS DE LIMA,N,2017,09
70313697000136,00031672175453,HOSANA MARIA DE MEDEIROS,N,2017,09
70316179000176,00012711055434,JOSE ALBERTO NOVAIS DA SILVA BARBOSA,N,2017,09
70316179000176,00040704580420,REJANE MARTINS NOVAIS BARBOSA,N,2017,09
70320528000123,00026950413300,UBIRAJARA CARDOSO MIRANDA,N,2017,09
70320528000123,00093810300497,MARIJARA CUNHA MOURA MIRANDA,N,2017,09
97543205000155,00007626708431,IDAYANE ARAUJO CASSIANO,N,2017,09
97543205000155,00007626787471,ALDEMIR LOPES GALVAO JUNIOR,N,2017,09
