socio_cnpj_cpf_emitente,socio_cpf_socio_emitente,socio_nome_socio,socio_eh_adm,ano_nota,mes_nota
00622097000174,00048130192420,JORGE GODEIRO MASSUD,N,2016,08
00713399000158,00046539255420,ALDENOR WELLINGTON N DOS SANTOS,N,2016,08
00762100000155,00004113527415,PAULO BEZERRA DE AMORIM,N,2016,08
00762100000155,00080708773400,PAULO JUNIOR FONSECA DE AMORIM,N,2016,08
00800611000114,00000064730409,KLEYBER TINOCO DE ANDRADE,N,2016,08
00800611000114,00023125080444,WAGNER TINOCO DE ANDRADE,N,2016,08
00870515000223,00002006111434,MORVANILDO DOS SANTOS MEDEIROS,N,2016,08
00870515000223,00052960048415,MARIA DE FATIMA DE AZEVEDO MEDEIROS DE ARAUJO,N,2016,08
00870515000576,00002006111434,MORVANILDO DOS SANTOS MEDEIROS,N,2016,08
00870515000576,00052960048415,MARIA DE FATIMA DE AZEVEDO MEDEIROS DE ARAUJO,N,2016,08
00891024000188,00002280474476,FRANCISCA DAS CHAGAS NOBREGA DE ANDRADE,N,2016,08
00891024000188,00078519136400,JOSE ANTONIO NETO,N,2016,08
00993944000107,00000984238433,TALIA CRISTINA SOUZA NOBREGA,N,2016,08
00993944000107,00014480689168,UIRAJARA COSTA NOBREGA,N,2016,08
01122617000142,00001986953491,MANOEL FELICIANO MAIA DE SOUZA,N,2016,08
01122617000142,00067145752468,ROBERTO SHELMAN DE SOUZA,N,2016,08
01122617000142,00070220735468,RICARDO SHELMAN DE SOUZA,N,2016,08
01122617000142,00091405017449,MARILIA SHELMAN DE SOUZA,N,2016,08
01170738000160,00000745930484,FRANCISCA HERCINA LEITE,N,2016,08
01170738000160,00002008262472,JOSE RIBAMAR LEITE,N,2016,08
01184984000170,00020204078415,MARIA OLIVEIRA DE MEDEIROS,N,2016,08
01184984000170,00049011570430,JOAO BATISTA,N,2016,08
01299396000182,00001532218443,FRANCISCO HUGO AIRES NUNES,N,2016,08
01299396000182,00010865250430,FRANCISCO DAS CHAGAS NUNES,N,2016,08
01530251000140,00020257120491,ALVARO PAULA DA COSTA FILHO,N,2016,08
01530251000140,00046662650404,GEIVA DE ARAUJO PAULA,N,2016,08
01587150000106,00002285807490,NADJA PATRICIA DE LIMA FREDERICO,N,2016,08
01587150000106,00002794507451,ALLAN GLEYSON DE LIMA FREDERICO,N,2016,08
01653918000100,00020039514404,JOAQUIM FERNANDES NETO,N,2016,08
01653918000100,00042255627434,ANA MARCIA SANTOS DE SOUZA FERNANDES,N,2016,08
01663156000115,00002154512445,VERUSKA LORY GOIS OLIVEIRA DE ARAUJO,N,2016,08
01704013000104,00001422662489,LUCAS EDUARDO EMIDIO SARMENTO,N,2016,08
01704013000104,00003645123423,ANA PAULA SARMENTO EMIDIO DE SOUSA,N,2016,08
01704013000104,00005004212422,VINICIUS EMIDIO SARMENTO,N,2016,08
01704013000104,00005733790415,MANOEL EMIDIO DE SOUSA FILHO,N,2016,08
01704013000104,00076150267415,LUCICLEIA DE OLIVEIRA SARMENTO SOUSA,N,2016,08
01714488000181,00000473731487,JESUINO DE AZEVEDO FILHO,N,2016,08
01714488000181,00006898092391,ZENILTON DA COSTA DANTAS,N,2016,08
01714488000181,00052563952891,YOLITA DANTAS BATISTA,N,2016,08
01829334000135,00000284386472,AGNELO ALVES,N,2016,08
01829334000135,00013051873420,AGNELO ALVES FILHO,N,2016,08
01829334000135,00024264288487,CARLOS EDUARDO NUNES ALVES,N,2016,08
01829334000135,00035784830449,JOSE LUIZ NUNES ALVES,N,2016,08
01837729000422,00006865296850,LUIZ SERGIO BARBOSA,N,2016,08
01837729000422,00006927506810,LEONE HENRIQUE BARBOSA,N,2016,08
01837729000422,00009283899873,HAMILTON BARBOSA,N,2016,08
01837729000422,00029785251691,EDUARDO ZAIDAN QUEIROGA,N,2016,08
01937258000181,00007515413468,JOSE MARCOS FERREIRA DE MELO,N,2016,08
01937258000181,00014157560400,PAULO JOSE FERREIRA DE MELO,N,2016,08
01937258000181,00044335695420,SILVIO JOSE FERREIRA DE MELO,N,2016,08
01937258000181,04410009000121,VENEZA PARCICIPAOES LTDA,N,2016,08
01937258000262,00007515413468,JOSE MARCOS FERREIRA DE MELO,N,2016,08
01937258000262,00014157560400,PAULO JOSE FERREIRA DE MELO,N,2016,08
01937258000262,00044335695420,SILVIO JOSE FERREIRA DE MELO,N,2016,08
01937258000262,04410009000121,VENEZA PARCICIPAOES LTDA,N,2016,08
01937258000343,00007515413468,JOSE MARCOS FERREIRA DE MELO,N,2016,08
01937258000343,00014157560400,PAULO JOSE FERREIRA DE MELO,N,2016,08
01937258000343,00044335695420,SILVIO JOSE FERREIRA DE MELO,N,2016,08
01937258000343,04410009000121,VENEZA PARCICIPAOES LTDA,N,2016,08
01977832000125,00023045949487,GEORGE HENRIQUE AVELINO,N,2016,08
02037818000104,00003983282423,SABRINA NOGUEIRA CABRAL,N,2016,08
02037818000104,00091574579487,IVANILDO NERES DA SILVA,N,2016,08
02070623000166,00002240716452,NARY SEMONE DE FREITAS,N,2016,08
02070623000166,00070291187404,EDILENE FERREIRA DE AQUINO FREITAS,N,2016,08
02171385000690,00032257139453,FRANCISCO BORGES DE ANDRADE,N,2016,08
02171385000690,00042335000420,BERNADETE TEIXEIRA DE LIRA ANDRADE,N,2016,08
02223631000103,00042356580425,ADRIANA JACOME PATRIOTA MEDEIROS,N,2016,08
02223631000103,00050339095415,HELDER LIRA MEDEIROS,N,2016,08
02271201000159,00008296179814,CLAUDIR GALINDO MENDONCA,N,2016,08
02271201000159,00025891445808,MAURA ANDREA FATORI DA SILVA,N,2016,08
02271201000159,03690841000166,ASPERBRAS BRASIL S/A,N,2016,08
02271201000159,07187576000159,COLBRAS PARTICIPACOES SOCIETARIAS LTDA,N,2016,08
02343493000198,00000469718404,VALDINEI LOPES DE ARAUJO,N,2016,08
02343493000198,00010614460425,TELMA LOPES MELO DE ARAUJO,N,2016,08
02365912000192,00000871331489,GUSTAVO QUEIROZ CANDIDO,N,2016,08
02365912000192,00003961724407,LEANDRO DE MELO NASCIMENTO,N,2016,08
02365912000192,00007631367434,AGNELO CANDIDO DO NASCIMENTO,N,2016,08
02365912000192,00017613523420,ALBERTO PEREIRA NASCIMENTO,N,2016,08
02365912000192,00039014584415,MARIA DE LOURDES PEREIRA NASCIMENTO,N,2016,08
02365912000192,12613006000113,TRANSNACIONAL TRANSPORTE NACIONAL DE PASSAGEIROS LTDA,N,2016,08
02365912000273,00000871331489,GUSTAVO QUEIROZ CANDIDO,N,2016,08
02365912000273,00003961724407,LEANDRO DE MELO NASCIMENTO,N,2016,08
02365912000273,00007631367434,AGNELO CANDIDO DO NASCIMENTO,N,2016,08
02365912000273,00017613523420,ALBERTO PEREIRA NASCIMENTO,N,2016,08
02365912000273,00039014584415,MARIA DE LOURDES PEREIRA NASCIMENTO,N,2016,08
02365912000273,12613006000113,TRANSNACIONAL TRANSPORTE NACIONAL DE PASSAGEIROS LTDA,N,2016,08
02440676000121,00009640797472,RITA DE CASSIA DO NASCIMENTO BARBOSA,N,2016,08
02440676000121,00019923902404,ANTONIO FELIX BARBOSA FILHO,N,2016,08
02491457000171,00005505171460,MARIA MANUELA FERNANDES DE ARAUJO LOPES,N,2016,08
02491457000171,00005642353420,JOÃO DE DEUS MIRANDA DE ARAUJO,N,2016,08
02491457000171,00083892010463,JOAO CARLOS FERNANDES DE ARAUJO,N,2016,08
02620622000148,00004510385412,ARMISTRONG GLEIDSON DE MEDEIROS VALE,N,2016,08
02620622000148,00015594637400,VALDIR VALE DE ARAUJO,N,2016,08
02625717000154,00000953871452,VITOR NOBREGA DE PAIVA ALVES,N,2016,08
02625717000154,00006377486464,ARMANDO BEZERRA NOBREGA DE PAIVA,N,2016,08
02625717000154,00020035152400,ARMANDO NOBREGA DE PAIVA,N,2016,08
02625717000154,00059560819453,MARIA ISIS NOBREGA DE PAIVA,N,2016,08
02631392000546,00007807098457,EDUARDO AMARAL CAVALCANTI BECHARA,N,2016,08
02631392000546,00051035367491,DAYANA CAMPOS AMARAL BECHARA,N,2016,08
02669643000158,00065498941404,FABIA ROSANE DE OLIVEIRA DANTAS,N,2016,08
02669643000158,00065499042420,FERNANDO RANIERI DE OLIVEIRA DANTAS,N,2016,08
02669643000158,00081351607472,FERNANDA RONIZE DE OLIVEIRA DANTAS,N,2016,08
02669643000158,00085112577487,FRANCISCA OLIVEIRA DANTAS,N,2016,08
02717529000156,00002112371401,EMERSON GERALDO DE MEDEIROS,N,2016,08
02717529000156,00002663724491,ANTONIO GERALDO NETO,N,2016,08
02717529000156,00076241289420,JOSE WILLIAM GERALDO DE QUEIROZ,N,2016,08
02735557000104,00001286727499,LUCIA MARIA DE ANDRADE FILGUEIRA BARROS,N,2016,08
02735557000104,00042270928415,LUIZ ANTONIO DE ANDRADE FILGUEIRA,N,2016,08
02781783000113,00006516776458,THIAGO IGOR ALVES DE OLIVEIRA,N,2016,08
02781783000113,00039152014487,JOSEFA GONCALO DE MOURA,N,2016,08
02795690000148,00002837251410,MARIA GORETE PEREIRA DA COSTA VASCO,N,2016,08
02795690000148,00079087809468,BENTO DE LIMA VASCO,N,2016,08
02800122000198,00000742176401,ISABEL FERNANDES DE ARAUJO,N,2016,08
02800122000198,00001988867487,JOSE BEZERRA DE ARAUJO,N,2016,08
02838633000107,00005592794428,GILBERTO ELOY ANDRADE JUNIOR,N,2016,08
02838633000107,00005902408466,WALESKA FLORENCIO DE OLIVEIRA ANDRADE,N,2016,08
02842814000107,00003450130420,ROSEANA DE FREITAS RAMOS,N,2016,08
02842814000107,00005743249415,MARIA LECIMAR DE FREITAS RAMOS,N,2016,08
02874539000103,00001023811430,JOSE LAUIR FERREIRA DA SILVA FILHO,N,2016,08
02874539000103,00020160003415,MARIA COUTO DE MENEZES DA SILVA,N,2016,08
02874640000156,00082933090406,FRANCISCA FRASSINETE D G SANTOS,N,2016,08
03034090000120,00033662185415,GILMAR DOS SANTOS ARAUJO,N,2016,08
03034090000120,00085285978491,VERA LUCIA DE SOUZA,N,2016,08
03152420000181,00066387140404,ANTONIO GENIVAN DE OLIVEIRA,N,2016,08
03152420000181,00066387612420,FRANCISCO GEILSON DE OLIVEIRA,N,2016,08
03208595000163,00003328143432,MAGDALIA MARCIA DANTAS,N,2016,08
03208595000163,00040691462453,MARIA GORETI DE JESUS DANTAS,N,2016,08
03209454000165,00006973981453,FERNANDO ANTONIO MARINHO PEREIRA,N,2016,08
03209454000165,00085049948487,ANA LUCIA SOARES PEREIRA,N,2016,08
03248805000147,00004942674450,JUCILENE PAULINA DE QUEIROZ,N,2016,08
03338081000122,00007426993400,IGOR DE SA LEITAO PINHEIRO DE GOUVEIA,N,2016,08
03338081000122,00019973330404,ZARA DE SA LEITAO PINHEIRO DE GOUVEIA,N,2016,08
03397722000110,00087456338434,REGIO VILAR DE SOUZA NORONHA,N,2016,08
03397722000110,00091408318415,ELMA VILMA ANDRADE DE SOUZA NORONHA,N,2016,08
03462662000171,00002647008485,EMIKSON FABIO HENRIQUE BARRETO,N,2016,08
03462662000171,00010669086487,MARIA GORETH HENRIQUE GODEIRO BARRETO,N,2016,08
03462662000171,00020063709449,JOSE NILSON BARRETO,N,2016,08
03592402000110,00007627302420,DJISSONAH SHIN DE SOUZA,N,2016,08
03592402000110,00031637108400,EUGENIO LIMA DE SOUZA,N,2016,08
03592402000110,00052275914404,CATARINA SHIN LIMA DE SOUZA,N,2016,08
03592402000200,00007627302420,DJISSONAH SHIN DE SOUZA,N,2016,08
03592402000200,00031637108400,EUGENIO LIMA DE SOUZA,N,2016,08
03592402000200,00052275914404,CATARINA SHIN LIMA DE SOUZA,N,2016,08
03600250000150,00066405947491,JOSE EDMILSON DE AZEVEDO,N,2016,08
03600250000150,00085037281415,MARIA CIDENEIDE MAIA AZEVEDO,N,2016,08
03612070000199,00015055671491,JOSE VALE DE MENEZES,N,2016,08
03612070000199,00027524884168,MARIA GERALDA DOS SANTOS VALE,N,2016,08
03613359000122,00008548536420,JOSE AIRTON BEZERRA,N,2016,08
03613359000122,00049077856404,MARGARIDA PEREIRA DA SILVA BEZERRA,N,2016,08
03635253000120,00002550810490,MARIA JOSE DE ANDRADE REGES,N,2016,08
03635253000120,00007859902400,GILVAN MONTEIRO REGES,N,2016,08
03647696000130,00005009227487,FRANCISCO GENILDO CRUZ,N,2016,08
03647696000130,00007684088491,MARIA DE FATIMA FREITAS CRUZ,N,2016,08
03653650000124,00003094997473,JOSE CARLOS DA SILVA PEREIRA,N,2016,08
03735242000626,00000910662479,KARLA KATARINA LIMA NASCIMENTO,N,2016,08
03735242000626,00004591617416,DENISE LIMA NASCIMENTO,N,2016,08
03756499000150,00001081429496,SUZIANE ARAUJO DE AZEVEDO,N,2016,08
03756499000150,00037890247400,ALEX SANDRO MACEDO DE OLIVEIRA,N,2016,08
03756499000150,00087548003404,JACYANE MACEDO DE OLIVEIRA E SILVA,N,2016,08
03756642000103,00002697710426,ALMAQUIO SOARES NETO,N,2016,08
03756642000103,00070077892429,ARTHUR TORQUATO FERNANDES SOARES,N,2016,08
03845812000126,00000786425407,SIRLENE DE ARAUJO SOARES,N,2016,08
03845812000126,00087601699404,SIDNEY DIAS DE ARAUJO SOARES,N,2016,08
03845812000398,00000786425407,SIRLENE DE ARAUJO SOARES,N,2016,08
03845812000398,00087601699404,SIDNEY DIAS DE ARAUJO SOARES,N,2016,08
03954830000308,00014375362472,IVO NILSON LOPES DE MEDEIROS,N,2016,08
03954830000308,00020084234415,MARIA DO SOCORRO COSTA DE MEDEIROS,N,2016,08
03954830000499,00014375362472,IVO NILSON LOPES DE MEDEIROS,N,2016,08
03954830000499,00020084234415,MARIA DO SOCORRO COSTA DE MEDEIROS,N,2016,08
03954830000731,00014375362472,IVO NILSON LOPES DE MEDEIROS,N,2016,08
03954830000731,00020084234415,MARIA DO SOCORRO COSTA DE MEDEIROS,N,2016,08
03954830002432,00014375362472,IVO NILSON LOPES DE MEDEIROS,N,2016,08
03954830002432,00020084234415,MARIA DO SOCORRO COSTA DE MEDEIROS,N,2016,08
04028799000185,00014191202472,JOAO ITAMAR FIRMINO DOS SANTOS,N,2016,08
04028799000185,00035535490415,JOSE IRAMAR FIRMINO DOS SANTOS,N,2016,08
04065360000203,00002693069432,MANOEL ANSELMO DE SOUZA JUNIOR,N,2016,08
04065360000203,00003802116453,MANOEL ANSELMO DE SOUZA,N,2016,08
04114549000168,00000752466437,JOANITA TEIXEIRA DE LIRA POTIGUAR,N,2016,08
04114549000168,00035818018415,SEVERINO MOACIR DANTAS POTIGUAR JUNIOR,N,2016,08
04114549000168,00042951429487,JOACIR LIRA POTIGUAR,N,2016,08
04124583000113,00005196252428,MARCEL RAFAEL FRAZAO ARRUDA DINIZ,N,2016,08
04124583000113,00082826439472,ALZEMIR SOARES TRINDADE DINIZ,N,2016,08
04200779000220,00076122816434,JOÃO SILVESTRE NETO,N,2016,08
04200779000220,00087741520415,EDINALDO SILVESTRE DA SILVA,N,2016,08
04289900000151,00002016214449,JOAO SABINO DE MOURA,N,2016,08
04351247000103,00001256285447,ELTON GOMES SOUTO DO O,N,2016,08
04351247000103,00001473487498,EMERSON GOMES SOUTO DO O,N,2016,08
04351247000103,00002477235419,MIRNA SOUTO PESSOA DE MIRANDA FREIRE,N,2016,08
04351247000103,00056820151420,EDILEUZA GOMES SOUTO,N,2016,08
04385909000166,00048138002468,ALEXANDRE TORRES BARBALHO,N,2016,08
04385909000166,00091534690468,LENILDE TORRES GALVAO BARBALHO,N,2016,08
04451626000175,00018232450487,CLETO FERREIRA,N,2016,08
04451626000175,00041327330415,ANA MARIA PINHEIRO FERREIRA,N,2016,08
04457498000177,00087790769472,LADGERDE LOPES FERNANDES,N,2016,08
04508969000129,00010856790478,TULIO DE OLIVEIRA GOMES,N,2016,08
04652899000188,00059774800400,JOSE VASCONCELOS DA ROCHA JUNIOR,N,2016,08
04652899000188,00090402693434,ANA EMILIA TRIGUEIRO CAVALCANTI DA ROCHA,N,2016,08
04661568000104,00000989432432,MAISON WANDORTHE DE FONTES REGO,N,2016,08
04661568000104,00001333014430,CHARLES DEAN DE FONTES REGO,N,2016,08
04661568000104,00002467961460,NORAYDE JANAINA DE FONTES REGO BARRETO,N,2016,08
04661568000104,00010726225487,FRANCISCO XAVIER DO REGO,N,2016,08
04679119000193,00000848782402,SANDRA REJANE DA SILVA MOURA,N,2016,08
04679119000193,00042132797404,RENILSON NERY DE MOURA,N,2016,08
04701515000170,00002343755400,TASLA CAPISTRANO GONZAGA MENDES,N,2016,08
04701515000170,00003603888413,THAISA CAPISTRANO GONZAGA DE ANDRADE,N,2016,08
04701515000170,00029773300463,MARIA ILZA DA CONCEICAO CAPISTRANO,N,2016,08
04701515000170,00085215473404,JANDIRA CAPISTRANO GONZAGA,N,2016,08
04701515000170,00085215570434,THIAGO CAPISTRANO GONZAGA,N,2016,08
04702107000132,00008896011434,MILSON LIMA DA SILVA,N,2016,08
04731614000102,00056549407400,RENATO MELO TRIGUEIRO,N,2016,08
04731614000102,00065529472400,FLAVIO VARELA DE CARVALHO,N,2016,08
04770238000157,00000871330407,RODRIGO QUEIROZ CANDIDO,N,2016,08
04770238000157,00007631367434,AGNELO CANDIDO DO NASCIMENTO,N,2016,08
04770238000157,00017613523420,ALBERTO PEREIRA NASCIMENTO,N,2016,08
04770238000157,00039014584415,MARIA DE LOURDES PEREIRA NASCIMENTO,N,2016,08
04770238000157,12613006000113,TRANSNACIONAL TRANSPORTE NACIONAL DE PASSAGEIROS LTDA,N,2016,08
04770238000661,00000871330407,RODRIGO QUEIROZ CANDIDO,N,2016,08
04770238000661,00007631367434,AGNELO CANDIDO DO NASCIMENTO,N,2016,08
04770238000661,00017613523420,ALBERTO PEREIRA NASCIMENTO,N,2016,08
04770238000661,00039014584415,MARIA DE LOURDES PEREIRA NASCIMENTO,N,2016,08
04770238000661,12613006000113,TRANSNACIONAL TRANSPORTE NACIONAL DE PASSAGEIROS LTDA,N,2016,08
04805345000173,00079160395400,JOZILMA MARIA DE CARVALHO,N,2016,08
04839900000188,00014375362472,IVO NILSON LOPES DE MEDEIROS,N,2016,08
04839900000188,00020084234415,MARIA DO SOCORRO COSTA DE MEDEIROS,N,2016,08
04839900000340,00014375362472,IVO NILSON LOPES DE MEDEIROS,N,2016,08
04839900000340,00020084234415,MARIA DO SOCORRO COSTA DE MEDEIROS,N,2016,08
04839900000420,00014375362472,IVO NILSON LOPES DE MEDEIROS,N,2016,08
04839900000420,00020084234415,MARIA DO SOCORRO COSTA DE MEDEIROS,N,2016,08
04839900000501,00014375362472,IVO NILSON LOPES DE MEDEIROS,N,2016,08
04839900000501,00020084234415,MARIA DO SOCORRO COSTA DE MEDEIROS,N,2016,08
04839900000773,00014375362472,IVO NILSON LOPES DE MEDEIROS,N,2016,08
04839900000773,00020084234415,MARIA DO SOCORRO COSTA DE MEDEIROS,N,2016,08
04839900000854,00014375362472,IVO NILSON LOPES DE MEDEIROS,N,2016,08
04839900000854,00020084234415,MARIA DO SOCORRO COSTA DE MEDEIROS,N,2016,08
04848998000130,00054211670468,MARIA GORETE DE SOUSA SILVA,N,2016,08
04848998000130,00067315151400,UBIRAJARA FERREIRA DA SILVA,N,2016,08
04851183000100,00096946024400,EUDES DA COSTA LIMA,N,2016,08
04861899000198,00000899669450,ANA CLEZA DA COSTA,N,2016,08
04861899000198,00002435492456,MARIA NELMA DO NASCIMENTO COSTA,N,2016,08
04958358000263,00058289151420,ELISIEL UBIRAJARA MARQUES,N,2016,08
04958358000263,00066502705472,RONALDO ARAUJO DOS SANTOS,N,2016,08
05009904000100,00004743503477,TUTOVAN DA SILVA MORAES,N,2016,08
05140795000157,00006724713455,SAMUEL RODRIGO SOUZA DE SALES,N,2016,08
05140795000157,00015081613487,JOSE LUCAS DE SALES,N,2016,08
05164172000114,00005088497482,DANILLO DEYVSON SILVA DE OLIVEIRA,N,2016,08
05164172000114,00066387159415,GENIBALDO SILVA DE OLIVEIRA,N,2016,08
05195530000156,00002769726439,RAILSON BENEDITO FERREIRA,N,2016,08
05195530000156,00055942342415,CLEONICE FELIPE DOS SANTOS,N,2016,08
05211683000140,00004212546450,PAULO CEZAR ALVES DE ARAUJO,N,2016,08
05211683000140,00005223255488,MARIA ELIZANGELA DA CUNHA DE ARAUJO,N,2016,08
05292103000196,00001874309426,MARIA GLEIDE VENCESLAU CAMPOS,N,2016,08
05292103000196,00005959384426,AWERTON RAMOS VENCESLAU CAMPOS,N,2016,08
05303455000108,00047388676449,PEDRO BRUNO DE SOUTO,N,2016,08
05413415000100,00003531496409,CAIO MARCELL LOPES GOMES BARRETO,N,2016,08
05452665000150,00005638211403,CARLA CAROLINE RODRIGUES DE SOUZA,N,2016,08
05452665000150,00063127660472,PEDRO GILSON DE SOUZA,N,2016,08
05524500000146,00044343833453,MAURIBERTO FREIRE DIAS,N,2016,08
05524500000146,00096612959487,DEISE JANOVITZ GOMES DIAS,N,2016,08
05535238000135,00062685821449,FRANCISCO PIRES DE SOUZA,N,2016,08
05535238000135,00083713271453,SANDRA FERREIRA DE LIMA SOUZA,N,2016,08
05566640000187,00036626600400,DALVANI GOMES DA SILVA,N,2016,08
05566640000187,00036917141453,MARCIO ANTONIO MOTA MENDONCA,N,2016,08
05566640000187,00079255574434,SEBASTIAO LUCAS DA MOTA NETO,N,2016,08
05587629000101,00004768516459,KAROLINE VASCONCELOS BEZERRA,N,2016,08
05595445000185,00001244448494,JOAQUIM SANTIAGO DANTAS NETO,N,2016,08
05595445000185,00022942378468,MARIA DE LOURDES SARAIVA DANTAS MARIANO,N,2016,08
05660173000150,00001215658400,RICARLIANE SILVA DOS SANTOS,N,2016,08
05660173000150,00002488245461,RENATA SILVA DOS SANTOS,N,2016,08
05676120000127,00003091671402,ANA LIVIA QUEIROZ ALMEIDA LIMA,N,2016,08
05676120000127,00009027056447,JEFFERSON DA SILVA,N,2016,08
05676120000127,00023062681420,MARIA DE LOURDES ARAUJO DE LIMA,N,2016,08
05756905000100,00000871620405,FRANCISCO JAIME DE SOUZA JUNIOR,N,2016,08
05756905000100,00005100716436,DIEGO MICHEL DE SOUZA,N,2016,08
05772773000100,00004648696417,JUAREZ FERNANDES DE QUEIROZ NETO,N,2016,08
05772773000100,00004648701437,WILSON RODRIGUES FERNANDES JUNIOR,N,2016,08
05777741000105,00003032521467,MARINA SOARES GURGEL,N,2016,08
05777741000105,00004133166450,SAMARA CARDOSO DE SOUZA,N,2016,08
05794164000151,00000773670300,JOSE MARIA DE MEDEIROS,N,2016,08
05794164000151,00029396549487,WILSON RODRIGUES FERNANDES,N,2016,08
05794164000151,00063525720491,GILSELENO JALES CORREIA LIMA,N,2016,08
05818747000175,00001016600496,LUANA BATISTA DE MACEDO LACET,N,2016,08
05818747000175,00008766777402,WERNECK LIMA DE CARVALHO FILHO,N,2016,08
05823100000131,00001023811430,JOSE LAUIR FERREIRA DA SILVA FILHO,N,2016,08
05823100000131,00001311946403,LARISSA MARIA MENEZES DA SILVA,N,2016,08
05911157000192,00037577190420,JOSE ADILSON DA SILVA,N,2016,08
05911157000192,00046573500482,NEIDE LIMA DA SILVA,N,2016,08
05914341000196,00001070459402,JULIANA PATRICIA DE AZEVEDO,N,2016,08
05914341000196,00003562171404,ANDERSON ELIAS DE AZEVEDO,N,2016,08
05925760000123,00002910041484,BRUNO LUIZ RAMOS E SILVA,N,2016,08
05925760000123,00080700306404,ARNON CESAR RAMOS E SILVA,N,2016,08
05948553000275,00001804951358,ANDERSON DE OLIVEIRA JOVINO,N,2016,08
05948553000275,00001822118352,GEORGIA KATUSA DE OLIVEIRA JOVINO,N,2016,08
05971853000194,00003021370411,JOAO PAULO RODRIGUES DE LIMA,N,2016,08
05971853000194,00003619193444,MARIA GEISA DA SILVA,N,2016,08
06004897000108,00003588028498,MARIA JANAINA VASCONCELOS DE AMORIM,N,2016,08
06004897000108,00095219218549,FRANKLIN DOUGLAS VASCONCELOS DE AMORIM,N,2016,08
06089294000156,00004532576407,ANA RACHEL COSTA,N,2016,08
06089294000156,00007387424497,PEDRO HENRIQUE COSTA,N,2016,08
06095479000173,00002825074420,ALUISIO MACIEL DE BRITO,N,2016,08
06095479000173,00019959737420,OSAMI BEZERRA SOARES,N,2016,08
06098753000320,00028670221420,FRANCISCO HERMANO QUEIROZ CAVALCANTI,N,2016,08
06098753000320,00052767361468,OTAVIO BEZERRA DO REGO BARROS,N,2016,08
06098753000320,00066512034449,ROBERTO MORCOURT DO REGO BARROS,N,2016,08
06098753000320,00082864888491,LEONARDO VIDAL BARBOSA,N,2016,08
06214080000326,00004660033406,JANETE DOS SANTOS FERREIRA PAIVA,N,2016,08
06214080000326,00091394848404,FRANCINEI MARQUES PAIVA,N,2016,08
06231164000106,00005714556461,JIVAGDA RAMONNA FERREIRA DOS SANTOS,N,2016,08
06231164000106,00010255271433,LUCIO FLAVIO GARCIA DE ARAUJO NETO,N,2016,08
06281627000144,00000147754844,WILLIAM ARAUJO VASCONCELOS,N,2016,08
06281627000144,00001431216429,CINTHIA ARAUJO VASCONCELOS LIMA,N,2016,08
06334845000108,00000871089416,JOSE REGES DE SOUZA,N,2016,08
06334845000108,00005319182465,CELIANE KARINA DA SILVA,N,2016,08
06369032000145,00001289143439,CECYLYANNE AUGUSTA DE PAIVA,N,2016,08
06369032000145,00044335741472,MARIA DE LOURDES PAIVA,N,2016,08
06912821000180,00001191224481,MARIA ADEILMA NUNES,N,2016,08
06912821000180,00048229628491,EDINALDO NUNES DE LIMA,N,2016,08
06927514000173,00041353439453,SUZANA DE FARIAS MOISES,N,2016,08
06927514000173,00065569334491,VALMIR OLIVEIRA DE FARIAS,N,2016,08
06964537000158,00000819855413,ERIKA RAMOS DA CUNHA MEDEIROS,N,2016,08
06964537000158,00010874784484,INGRYD CUNHA MEDEIROS,N,2016,08
06989403000191,00003004404486,MESSALINA MARTINS ASSIS,N,2016,08
06989403000191,00081379854415,ANA CRISTINA DE ARAUJO,N,2016,08
06990440000110,00005688128402,FLAVIANO GOMES DA SILVA,N,2016,08
06990440000110,00007299692406,LUCIANA MAURICIO DE OLIVEIRA SILVA,N,2016,08
07016933000116,00022168966400,TERESINHA PEREIRA DA SILVA,N,2016,08
07016933000116,00076129985487,TEREZA LAURA LUCAS PIRES,N,2016,08
07018761000110,00004966573483,THIAGO BRAGA WANDERLEY,N,2016,08
07018761000110,00078594863420,ROGERIO BEZERRA TINOCO,N,2016,08
07019741000163,00003422932496,EUNICE LEITE SILVA,N,2016,08
07019741000163,00004570018440,MARIA EUNICE LEITE SILVA,N,2016,08
07066909000191,00052348946491,JOAO ALVES DE SOUZA,N,2016,08
07081522000104,00073887005449,LUIS CARLOS ANDRADE,N,2016,08
07081522000104,00094292574472,ANTONIO PINTO DA COSTA,N,2016,08
07095972000156,00002102460495,PATRICIA DE MEDEIROS,N,2016,08
07095972000156,00072122528400,ETELVINO PATRICIO DE MEDEIROS,N,2016,08
07114802000171,00001677924403,ALEXANDRE CESAR BATISTA DE MORAIS FILHO,N,2016,08
07114802000171,00003828543499,ROMEIKA DE MORAIS COSTA BATISTA,N,2016,08
07114802000171,00064288455472,JOSE RONALDO DE MORAIS COSTA,N,2016,08
07116969001577,00001152351400,GENIVAN JOSUE BATISTA,N,2016,08
07116969001577,28862538000124,JARDIM PARTICIPACOES LTDA,N,2016,08
07147050000145,00037878042420,CELIA DE MEDEIROS DANTAS PIRES FERREIRA,N,2016,08
07147050000145,00040568296400,HUMBERTO DANTAS PIRES FERREIRA,N,2016,08
07194915000124,00050304135453,JANETE MEDEIROS DE AZEVEDO OLIVEIRA,N,2016,08
07194915000124,00087744279468,EDINEIDE AZEVEDO DE OLIVEIRA,N,2016,08
07197718000916,00001342550382,NERTAN DE MELO RIBEIRO,N,2016,08
07197718000916,00056053363391,ANDRE LEAO RIBEIRO,N,2016,08
07197718000916,00077836715353,PABLO LEAO RIBEIRO,N,2016,08
07209477000120,00049834231415,MILTON  EZEQUIEL FONSECA FILHO,N,2016,08
07209477000120,00050070940487,PATRICIA TAVARES AFONSO FONSECA,N,2016,08
07305986000157,00001697767435,JOSEILSON DANTAS DE MEDEIROS,N,2016,08
07305986000157,00002689583437,SEBASTIAO DE AZEVEDO DANTAS,N,2016,08
07326826000194,00030296773468,CARLOS ALBERTO DA CUNHA,N,2016,08
07326826000194,00040562697420,EDILMA MARIA FERNANDES,N,2016,08
07350797000104,00007519565467,PHELIPE GABRIEL PINHEIRO DE ARAUJO,N,2016,08
07350797000104,00076205800420,MERCIA CRISTINA FERNANDES PINHEIRO,N,2016,08
07355441000155,00048939161491,BISMARCK MAGNUS DA SILVA,N,2016,08
07355441000155,00081323662472,LADJANE LOPES FRANCA MAGNUS,N,2016,08
07442301000114,00000820390461,FABIO PORCINO ROSADO CHAVES,N,2016,08
07442301000114,00012870174446,MELISSA PORCINO MELO,N,2016,08
07443696000170,00001416623442,RUDA FERNANDES PEREIRA,N,2016,08
07443696000170,00001416624414,SACHA FERNANDES PEREIRA,N,2016,08
07443696000170,00001416625496,SANDI FERNANDES PEREIRA,N,2016,08
07443696000170,00066455707400,LEILA MARIA FERNANDES AUGUSTO,N,2016,08
07448838000191,00023119098434,FRANCISCO CARLOS DIAS CAMPOS,N,2016,08
07448838000191,00072186062704,JOSE ZENILDO DIAS CAMPOS,N,2016,08
07492224000107,00003102364446,FATIMA MARIA DE ARAUJO SOARES,N,2016,08
07499370000164,00022223711472,IVONE LUCAS EVANGELISTA,N,2016,08
07499370000164,00096723530497,JOANITA GOMES EVANGELISTA,N,2016,08
07509062000172,00001215658400,RICARLIANE SILVA DOS SANTOS,N,2016,08
07509062000172,00002488245461,RENATA SILVA DOS SANTOS,N,2016,08
07518668000174,00008079507422,RAIMUNDO VICTOR FERNANDES CRUZ,N,2016,08
07518668000174,00048062260410,NAIR PAULA FERNANDES CRUZ,N,2016,08
07519899000100,00005068812455,LILIAN EMMANUELE MANICOBA GONCALVES,N,2016,08
07519899000100,00059785985415,FRANCISCO GENILSON DA SILVA,N,2016,08
07543171000106,00020207930406,ERINALDO MEDEIROS DE OLIVEIRA,N,2016,08
07543171000106,00022932720449,ANTONIO GALINHA DE MEDEIROS,N,2016,08
07552997000131,00007417433456,ERIKA CARVALHO DE SOUSA,N,2016,08
07552997000131,00057025819468,ZELIA MARIA COSME CARVALHO,N,2016,08
07610338000104,00001434103340,MARILIA CAMPOS PESSOA NOGUEIRA,N,2016,08
07610338000104,00011636918441,NICOLAS CAMPOS NOGUEIRA,N,2016,08
07612031000142,00031598188453,EDINA MARIA BARBOSA DA SILVA ALMEIDA,N,2016,08
07693730000164,00004418847413,SIMONIDA QUEIROZ LOPES,N,2016,08
07693730000164,00085159972404,SILNEI DE QUEIROZ LOPES,N,2016,08
07807635000144,00002403377430,LUCILENE JUSTINO DANTAS,N,2016,08
07807635000144,00009222896467,IAGO VITOR DANTAS PEREIRA,N,2016,08
07837447000320,00001077349408,ANDREA MILENA COSTA DE OLIVEIRA,N,2016,08
07837447000320,00009279252496,JOAO NOGUEIRA DA SILVA NETO,N,2016,08
07837447000320,00091447836472,FLAVIO CESAR NOGUEIRA,N,2016,08
07887781000127,00001148936408,EMICARLA LIMA DANTAS DE AZEVEDO,N,2016,08
07887781000127,00002253919454,JUDENILDO KELLY FERNANDES DE AZEVEDO,N,2016,08
07921434000173,00002697710426,ALMAQUIO SOARES NETO,N,2016,08
07921434000173,00003026083461,LARISSA MARLLA TORQUATO FERNANDES SOARES,N,2016,08
07939638000131,00002011423414,JOSE JEOMAR DE MEDEIROS,N,2016,08
07939638000131,00004168881431,MAXIMO WAGNER PEREIRA DE MACEDO,N,2016,08
07969641000106,00053761910444,MARQUIDONES VALAMIRA FERNANDES,N,2016,08
07969641000106,00056688946491,CLAUDIA MARIA DA COSTA FERNANDES,N,2016,08
07991017000105,00000762675470,KLEIBER FLAVIO SILVA COSTA,N,2016,08
07991017000105,00000762676442,KLEYTON FABIO SILVA COSTA,N,2016,08
07991017000288,00000762675470,KLEIBER FLAVIO SILVA COSTA,N,2016,08
07991017000288,00000762676442,KLEYTON FABIO SILVA COSTA,N,2016,08
08045732000100,00006901207450,MARCELLUS UCHOA SILVA DE MEDEIROS,N,2016,08
08045732000100,00007108037459,MARINA NAYARA SILVA DE MEDEIROS,N,2016,08
08049405000126,00001086189434,SEBASTIAO GODEIRO CARLOS,N,2016,08
08049405000126,00007109539415,JOSE SERGIO CARLOS,N,2016,08
08086001000102,00020019939434,NEWTON UCHOA DE ARAUJO,N,2016,08
08086001000102,00046681019404,FRANCINEIDE MAURA UCHOA DE ARAUJO,N,2016,08
08090078000156,00000775007412,DENIO ALVES DE OLIVEIRA,N,2016,08
08090078000156,00002828448487,JOSE ALVES NETO,N,2016,08
08090078000156,00096932350459,MARIA AUGUSTA DE OLIVEIRA ALVES,N,2016,08
08091529000170,00005940614400,FRANCISCO DAS CHAGAS PEREIRA DA SILVA,N,2016,08
08091529000170,00036496910430,FRANCISCO GINETE ANDRADE,N,2016,08
08130668000165,00005684650406,HAZENCLEVE FREIRE DE MEDEIROS,N,2016,08
08130668000165,00028230779449,DORALICE FREIRE DE MEDEIROS,N,2016,08
08130668000165,00037643240400,JOANA DARC FREIRE DE MEDEIROS,N,2016,08
08149593000164,00002614219487,JOSE MARIA DE OLIVEIRA,N,2016,08
08149593000164,00079086721400,LUIS GONZAGA OLIVEIRA CARVALHO,N,2016,08
08222903000129,00003360792491,FRANCISCO ARAUJO DA COSTA,N,2016,08
08222903000129,00005720591400,MARGARIDA MARIA DE MORAIS COSTA,N,2016,08
08224149000166,00006728391487,VERONICA M DE AZEVEDO BATISTA,N,2016,08
08229791000138,00007501447420,FERNANDO LUIZ DE FRANCA,N,2016,08
08229791000138,00020202067491,ROSICLER FERNANDES SANTOS DE FRANCA,N,2016,08
08238974000110,00001012769402,ADRIANO ROBERTO ARAUJO DE AZEVEDO,N,2016,08
08238974000110,00014378205491,PEDRO CAMPOS DE AZEVEDO,N,2016,08
08238974000209,00001012769402,ADRIANO ROBERTO ARAUJO DE AZEVEDO,N,2016,08
08238974000209,00014378205491,PEDRO CAMPOS DE AZEVEDO,N,2016,08
08248403000166,00001161784420,JOSE AMADEU VALE,N,2016,08
08248403000166,00081364105420,MARIA GIZELDA DE MEDEIROS VALE,N,2016,08
08248965000290,00001164392468,NELSON LUCAS PIRES,N,2016,08
08248965000290,00008987607470,LUCAS VICTOR PIRES,N,2016,08
08248965000290,00040576531472,NELSON LUCAS PIRES JUNIOR,N,2016,08
08272908000166,00000284386472,AGNELO ALVES,N,2016,08
08272908000166,00000287016404,GERALDO RAMOS DOS SANTOS,N,2016,08
08272908000166,00000308030478,FRANCISCO SERÁFICO DANTAS,N,2016,08
08272908000166,00000364525487,FRANCISCO FERREIRA SOUTO FILHO,N,2016,08
08272908000166,00000369349415,NEVALDO ROCHA,N,2016,08
08272908000166,00000442810482,GARIBALDI ALVES FILHO,N,2016,08
08272908000166,00000837467497,IVONE LIRA ALVES,N,2016,08
08272908000166,00001153480425,FRANCISCO NILO SOARES,N,2016,08
08272908000166,00001988433487,LUIZ FERNANDO PEREIRA DE MELO,N,2016,08
08272908000166,00002252163704,AUGUSTOJOSÉ ARISTON,N,2016,08
08272908000166,00013047019720,HENRIQUE EDUARDO LYRA ALVES,N,2016,08
08272908000166,00022190635420,RICARDO LUIZ DE VASCONCELOS ALVES,N,2016,08
08272908000166,00023092025415,ROSANA LÚCIA ALVES DE VILAR,N,2016,08
08272908000166,00029706254404,PAULA ÂNGELA DE VASCONCELOS ALVES GAMA,N,2016,08
08272908000166,00036295906753,ANA CATARINA LYRA ALVES,N,2016,08
08272908000166,00044404689187,ALUIZIO ALVES NETO,N,2016,08
08272908000166,00066730368772,HENRIQUE JOSE LIRA ALVES,N,2016,08
08272908000166,00066755344753,ESPÓLIO DE ULISSES CAVALCANTI,N,2016,08
08284630000147,00001174991453,ANTONIETA MEDEIROS,N,2016,08
08284630000147,00001259547434,EDWIGES MEDEIROS,N,2016,08
08284630000147,00012993280406,PAULO PINHEIRO LOPES,N,2016,08
08285124000172,00002530376468,FERNANDO ALBINO RODRIGUES,N,2016,08
08285124000172,00065470524434,HENRIQUE SODRE RODRIGUES,N,2016,08
08285124000415,00002530376468,FERNANDO ALBINO RODRIGUES,N,2016,08
08285124000415,00065470524434,HENRIQUE SODRE RODRIGUES,N,2016,08
08286262000176,00046672559434,KLEIBER ANTUNES FURTADO JUNIOR,N,2016,08
08286262000176,00093874022404,MARIA DO SOCORRO FURTADO,N,2016,08
08293840000100,00013913567801,MARIA DE LOURDES GUEDES SILVA,N,2016,08
08293840000100,00042251400400,FRANCISCO DAS CHAGAS SILVA,N,2016,08
08328395000834,00013056514487,JOAQUIM TARCISIO CAMARA FLOR,N,2016,08
08328395000834,00013912844453,TANIA MARIA FLOR RIBEIRO,N,2016,08
08328395000834,00014063654400,TULIO MAURICIO CAMARA FLOR,N,2016,08
08328395000834,00022133755420,THELMA MARIA FLOR ALENCAR,N,2016,08
08328395000834,00033651981487,TATIANA MARIA FLOR GUEDES,N,2016,08
08328395000834,00035758643491,TERCIO CAMARA FLOR,N,2016,08
08328395000834,00036998842449,TARCIO HENRIQUE CAMARA FLOR,N,2016,08
08328395000834,00037848585468,TANILDA MARIA CAMARA FLOR FREITAS,N,2016,08
08328395000834,00056585721420,MARIA DE LOURDES CAMARA FLOR,N,2016,08
08345621000119,00001210402408,CAMILA GOMES FERNANDES DE SOUZA,N,2016,08
08345621000119,00001210941465,CAROLINE GOMES FERNANDES DE SOUZA,N,2016,08
08345621000119,00003554335401,ENIO GOMES FERNANDES DE SOUZA,N,2016,08
08345621000119,00003796507468,FRANCISCO FERNANDES DE SOUZA,N,2016,08
08345621000119,00009048138434,MARIA DA CONCEICAO FERREIRA GOMES DE SOUZA,N,2016,08
08345698000199,00003524633412,KELY REGINA DAS CHAGAS MEDEIROS,N,2016,08
08363806000156,00007606877491,GUSTAVO ANTONIO CABRAL BEZERRA,N,2016,08
08363806000156,00037878425434,JOSETE CABRAL BEZERRA,N,2016,08
08378366000100,00000364452404,JERONIMO NOGUCHI DE GOIS ROSADO,N,2016,08
08378366000100,00002015846468,IZAURA ARUZA DE GOIS ROSADO,N,2016,08
08378366000100,00002985761476,JERONIMO NOGUCHI DE GOIS ROSADO FILHO,N,2016,08
08378366000100,00009482075404,JERONIMO ALEXANDER DE GOIS ROSADO,N,2016,08
08378366000100,00081361939400,NEIDE DA FROTA ROSADO,N,2016,08
08383481000173,00020019939434,NEWTON UCHOA DE ARAUJO,N,2016,08
08383481000173,00046681019404,FRANCINEIDE MAURA UCHOA DE ARAUJO,N,2016,08
08385213000190,00000749347406,AILA AYRES NERY,N,2016,08
08385213000190,00002378816405,ALEA AIRES NERY SALUSTIANO,N,2016,08
08385213000190,00076207030478,ALEX AYRES NERY,N,2016,08
08385213000514,00000749347406,AILA AYRES NERY,N,2016,08
08385213000514,00002378816405,ALEA AIRES NERY SALUSTIANO,N,2016,08
08385213000514,00076207030478,ALEX AYRES NERY,N,2016,08
08385213000786,00000749347406,AILA AYRES NERY,N,2016,08
08385213000786,00002378816405,ALEA AIRES NERY SALUSTIANO,N,2016,08
08385213000786,00076207030478,ALEX AYRES NERY,N,2016,08
08385262000123,00002588897487,AMACIO DA SILVA LIMA,N,2016,08
08385262000123,00096715871434,SEVERINA MARIA DA SILVA,N,2016,08
08385353000169,00012997544491,WELSON RODRIGUES DO NASCIMENTO,N,2016,08
08385353000169,00077901860430,ALCIVAN TADEUS GOMES DE ARAUJO,N,2016,08
08385809000190,00006919223490,CAIO SERGIO DAMASCENO DE ARAUJO,N,2016,08
08385809000190,00010680462449,ROBERTO SERGIO DE ARAUJO,N,2016,08
08390833000118,00049077597468,TEONIO VIEIRA PINTO FILHO,N,2016,08
08399054000183,00005721806168,ROBSON DE MACEDO VIEIRA,N,2016,08
08399054000183,00038006634491,THELMA LUCIA CHAGAS DE MACEDO,N,2016,08
08403578000109,00001100289453,WELLINGTON JOSE MORAIS LUCENA,N,2016,08
08403578000109,00042292379449,JOSE CORDEIRO DE LUCENA NETO,N,2016,08
08403578000109,00056751141491,SERGIO GENTILE LUCENA,N,2016,08
08412520000113,00001993720472,ROBERTO WILLIAM MONTENEGRO,N,2016,08
08412520000113,00037894706434,VERA LUCIA MONTENEGRO,N,2016,08
08412520000113,00082839123487,EMANUELLE MONTENEGRO BEZERRA,N,2016,08
08412520000113,00082839158434,MICHELLE MONTENEGRO DE SOUZA,N,2016,08
08412520000113,00082839182491,IGOR MONTENEGRO,N,2016,08
08412520000385,00001993720472,ROBERTO WILLIAM MONTENEGRO,N,2016,08
08412520000385,00037894706434,VERA LUCIA MONTENEGRO,N,2016,08
08412520000385,00082839123487,EMANUELLE MONTENEGRO BEZERRA,N,2016,08
08412520000385,00082839158434,MICHELLE MONTENEGRO DE SOUZA,N,2016,08
08412520000385,00082839182491,IGOR MONTENEGRO,N,2016,08
08418279000130,00009622004415,MARIA DA CONCEICAO SERQUIZ ELIAS PINHEIRO,N,2016,08
08418279000130,00010836462491,MARIA LUCIA PINTO SERQUIZ DE AZEVEDO,N,2016,08
08453698000102,00001987909453,OLINTO GOMES,N,2016,08
08453698000102,00002204621439,JULIERME LOPES GOMES,N,2016,08
08453698000102,00083716211400,OLINTO GOMES JUNIOR,N,2016,08
08453698000102,00091419247468,JANAINA LOPES GOMES,N,2016,08
08466823000119,00013888196434,TEREZINHA CAMARA DE ANDRADE,N,2016,08
08466823000119,00023025301449,JOAO BOSCO DE ANDRADE,N,2016,08
08473985000184,00002764341458,THAYANNE FLOR ALVARES DANTAS,N,2016,08
08473985000184,00007485506404,DIOGENES DANTAS ALVARES,N,2016,08
08473985000265,00002764341458,THAYANNE FLOR ALVARES DANTAS,N,2016,08
08473985000265,00007485506404,DIOGENES DANTAS ALVARES,N,2016,08
08474319000160,00003378058498,MARIA VALDENIRA DA SILVA,N,2016,08
08474319000160,00063259907220,JOAO BEZERRA DE QUEIROZ NETO,N,2016,08
08494403000146,00000984539476,ROMULO CARREIRO NOBRE DA SILVA,N,2016,08
08494403000146,00004453037430,RAILMA CARREIRO NOBRE DA SILVA,N,2016,08
08494403000146,00006000811411,RAQUEL CARREIRO NOBRE DA SILVA,N,2016,08
08494403000146,00021835128491,MANOEL CARREIRO FILHO,N,2016,08
08494403000146,00081208235400,RAIMUNDA NOBRE DA SILVA CARREIRO,N,2016,08
08505026000101,00048410624834,ANEZIO MARQUES DE SOUZA,N,2016,08
08505026000101,00085271420400,MARIA IRLETE NUNES DE SOUZA,N,2016,08
08505901000147,00033614920410,JOSIVALDO CLEMENTE DE OLIVEIRA,N,2016,08
08505901000147,00087804603487,MARIA NIVALDA DE OLIVEIRA,N,2016,08
08505901000147,08399834000123,ALVARO DE OLIVEIRA & CIA LTDA,N,2016,08
08506693000109,00005008033409,JULIANA DE AZEVEDO BARBOSA MACEDO,N,2016,08
08506693000109,00009474498415,CANDIDO BARBOSA NETO,N,2016,08
08506693000109,00018243304487,DAILDE DE AZEVEDO BARBOSA,N,2016,08
08510133001000,00027628027415,JOSE MARIA JACOME BEZERRA,N,2016,08
08510133001000,00047446609400,MARIA LUIZA DE ALMEIDA RIBEIRO JACOME,N,2016,08
08537029000119,00000804618402,KADIDJA SIMPLICIO LOPES,N,2016,08
08537029000119,00003929957434,SERVULO LOPES NETO,N,2016,08
08537029000119,00049011669487,ROSA MARIA SIMPLICIO LOPES,N,2016,08
08546773000180,00000896196410,CLAUDIA JAQUELINY NUNES FERNANDES,N,2016,08
08546773000180,00077942167453,JOHN LENNON FERNANDES LIMA,N,2016,08
08547432000129,00005117305434,HUGO NOBRE CABRAL,N,2016,08
08547432000129,00018236766420,LEA BARBOSA CABRAL,N,2016,08
08547432000552,00005117305434,HUGO NOBRE CABRAL,N,2016,08
08547432000552,00018236766420,LEA BARBOSA CABRAL,N,2016,08
08547432000714,00005117305434,HUGO NOBRE CABRAL,N,2016,08
08547432000714,00018236766420,LEA BARBOSA CABRAL,N,2016,08
08547432000803,00005117305434,HUGO NOBRE CABRAL,N,2016,08
08547432000803,00018236766420,LEA BARBOSA CABRAL,N,2016,08
08553216000196,00003947289472,MARIA CABRAL DE ALBUQUERQUE,N,2016,08
08553216000196,00015672778453,CORINA CABRAL DE ALBUQUERQUE,N,2016,08
08553216000196,00031203248415,JOSE CABRAL DE ALBUQUERQUE,N,2016,08
08555021000185,00017545331400,RONALDO MARQUES RODRIGUES,N,2016,08
08555021000185,00072137886472,ROSANE MENDONCA RODRIGUES,N,2016,08
08563934000143,00003036832440,JOSE DOS SANTOS PINHEIRO DA SILVA JUNIOR,N,2016,08
08563934000143,00087765942468,ANDRE CIRILO DE OLIVEIRA PINHEIRO,N,2016,08
08572950000100,00026718588415,ROBERTO PINTO SERQUIZ ELIAS,N,2016,08
08572950000100,00029303117468,MARIA TEREZA PINTO SERQUIZ MAIA,N,2016,08
08576605000137,00005375446405,FRANCISCO EDILSON XAVIER REBOUCAS SEGUNDO,N,2016,08
08576605000137,00013014110434,FRANCISCO EDILSON XAVIER REBOUCAS,N,2016,08
08576605000137,00022978712449,LINDONETE MARIA MOURA ROCHA REBOUCAS,N,2016,08
08578007000105,00001119729491,LUIZ GONZAGA DE MELO,N,2016,08
08578007000105,00005337088424,CIRO DE HOLANDA MELO,N,2016,08
08578007000105,00025469932400,MARCOS EFRAIM DE MELO,N,2016,08
08586059000115,00010594370400,AURY MEDEIROS SOBRINHO,N,2016,08
08690810000129,00031543278434,JOSEFA MARIA DA SILVA,N,2016,08
08690810000129,00087570467434,MARIA SULENE DE LIRA SILVA,N,2016,08
08692584000115,00042240603453,FLORACI CASSIANO DA SILVA,N,2016,08
08865584000170,00003203966492,KELLY MARQUES TEIXEIRA DE GOES CUNHA,N,2016,08
08865584000170,00091441692487,MARINEIDE DINIZ BRITO DE AZEVEDO,N,2016,08
08883446000113,00008965947421,ALLYSON BERGSON FERNANDES DE MEDEIROS,N,2016,08
08883446000113,00046594370430,LUIZ JURANDIR DE MEDEIROS,N,2016,08
08883446000113,00079113583468,JUVANIRA FERNANDES DE MEDEIROS,N,2016,08
08940206000103,00063874067491,FREDIANO JALES ROSADO,N,2016,08
08940206000103,00079247806453,GREGORIO JALES ROSADO,N,2016,08
09018974000177,00013022822472,JOSE TADEU RODRIGUES SARMENTO,N,2016,08
09018974000177,00066471125453,CREMEILDA JACOME SARMENTO,N,2016,08
09075326000152,00023081627400,JOACI GONCALVES MAFRA,N,2016,08
09075326000152,00085064912404,ANA TEREZA MONTENEGRO DINIZ MAFRA,N,2016,08
09080953000181,00006151597451,LOUISE STELLA LIMA BARBOSA,N,2016,08
09080953000181,00008479394480,LETICIA ALINE LIMA BARBOSA,N,2016,08
09080953000181,00033594724468,LUIZ HUGO VIDAL BARBOSA,N,2016,08
09080953000181,00082864888491,LEONARDO VIDAL BARBOSA,N,2016,08
09109547000102,00014383780415,PEDRO NASCIMENTO DE PAIVA FERNANDES,N,2016,08
09111667000136,00008552914867,LUCIA TOMOKO NAGATOMI VIEGAS,N,2016,08
09111667000136,00048179205487,FABIO DO NASCIMENTO VIEGAS,N,2016,08
09117186000138,00009286482493,IAGO CARLOS BRITO MORAIS,N,2016,08
09117186000138,00032870779453,RUIVAN CARLOS MORAIS,N,2016,08
09117268000182,00022989528415,SUEUDO BESSA REGIS,N,2016,08
09117268000182,00031507166400,IVANSUEUDO BESSA REGIS,N,2016,08
09117268000182,00049055240400,RAIMUNDA BESSA FREITAS,N,2016,08
09117268000263,00022989528415,SUEUDO BESSA REGIS,N,2016,08
09117268000263,00031507166400,IVANSUEUDO BESSA REGIS,N,2016,08
09117268000263,00049055240400,RAIMUNDA BESSA FREITAS,N,2016,08
09124474000110,00042379300410,FRANCISCO MANOEL FERREIRA DO NASCIMENTO,N,2016,08
09124474000110,00045649928487,EDNA BULHOES DO NASCIMENTO,N,2016,08
09178339000157,00002843112435,PEDRO FELIX DE MEDEIROS NETO,N,2016,08
09178339000157,00004680980460,NICACIA ARAUJO DA ROSA MEDEIROS,N,2016,08
09196733000118,00022965785434,GEOVANE DA SILVA BEZERRA,N,2016,08
09196733000118,00054604176434,FRANCISCA DAS CHAGAS DA SILVA BEZERRA,N,2016,08
09208172000120,00001236301420,DANIELLE MONIKE LIMA DE ALBUQUERQUE,N,2016,08
09208172000120,00006369763438,LUCIO FERNANDES DE ALBUQUERQUE JUNIOR,N,2016,08
09222654000134,00002252484411,ALEXSANDRO DOS SANTOS,N,2016,08
09246769000169,00002035939445,JEANE DANTAS DO NASCIMENTO,N,2016,08
09246769000169,00004136551487,FRANCISCO JACOME SARMENTO,N,2016,08
09266128000338,00004791004469,ARTHUR GUSTAVO VAZ TOLENTINO,N,2016,08
09266128000338,00006346740482,PAULO RONALDO TOLENTINO,N,2016,08
09363802000130,00034202536487,JOSE MEDEIROS DANTAS,N,2016,08
09363802000130,00036991066400,ANGELA MARIA DE MEDEIROS,N,2016,08
09368724000167,00002764391552,ANDREIA TORRES DOS SANTOS,N,2016,08
09368724000167,00031940432855,RANDAL JULIANO PESSOA DAS NEVES,N,2016,08
09374422000100,00002483367461,WILSON JOSE FERREIRA,N,2016,08
09374422000100,00035803746487,RAIMUNDO MIGUEL FERREIRA FILHO,N,2016,08
09374422000100,00047615079420,MARIA DE ARAUJO FERREIRA,N,2016,08
09378675000143,00001719958483,HIGOR ALVES BATISTA,N,2016,08
09378675000143,00089773683400,LUZANETE ALVES DE MOURA BATISTA,N,2016,08
09392341000124,00005011230325,SEVERINO RAMOS DE OLIVEIRA,N,2016,08
09392341000124,00051234980444,HELDER JANSEN RODRIGUES DE OLIVEIRA,N,2016,08
09392341000558,00005011230325,SEVERINO RAMOS DE OLIVEIRA,N,2016,08
09392341000558,00051234980444,HELDER JANSEN RODRIGUES DE OLIVEIRA,N,2016,08
09392341000639,00005011230325,SEVERINO RAMOS DE OLIVEIRA,N,2016,08
09392341000639,00051234980444,HELDER JANSEN RODRIGUES DE OLIVEIRA,N,2016,08
09392341000981,00005011230325,SEVERINO RAMOS DE OLIVEIRA,N,2016,08
09392341000981,00051234980444,HELDER JANSEN RODRIGUES DE OLIVEIRA,N,2016,08
09402009000284,00015599566404,GENILDO FERNANDES DE QUEIROZ,N,2016,08
09402009000284,00062713655404,JULIA FERNANDES DE QUEIROZ,N,2016,08
09404534000158,00008580367468,PEDRO FERNANDES DA SILVEIRA,N,2016,08
09431823000146,00002626355348,ERNANDO ESTEVAM NOGUEIRA,N,2016,08
09431823000146,00003586175370,SAMARA ESTEVAM PESSOA,N,2016,08
09459395000240,00002210973414,SANDRA FERNANDES DE MORAIS LOPES,N,2016,08
09459395000240,00056635699449,JOAO LOPES DA SILVA JUNIOR,N,2016,08
09481837000174,00002764341458,THAYANNE FLOR ALVARES DANTAS,N,2016,08
09481837000174,00007485506404,DIOGENES DANTAS ALVARES,N,2016,08
09500928000100,00083722610400,GONCALO JOAO SANTOS DE OLIVEIRA,N,2016,08
09500928000100,00091369444400,ELAINY CRISTINA SILVA FERNANDES OLIVEIRA,N,2016,08
09501742000175,00000794168450,JOSE TARCISIO DIOGENES JUNIOR,N,2016,08
09501742000175,00005086174481,SAVIO TARCIO GURGEL DIOGENES,N,2016,08
09501742000175,00010903579405,SAULLO RARYANO GURGEL DIOGENES,N,2016,08
09501742000175,00026073846487,ROSANGELA GURGEL DE OLIVEIRA DIOGENES,N,2016,08
09524685000140,00009288252304,JOSE AURINO ASEVEDO LOPES,N,2016,08
09524685000140,00021658684320,ISMENIA MACIEL SAMPAIO ASEVEDO,N,2016,08
09600404000190,00052318419434,TEOFILO FERREIRA DE SOUZA,N,2016,08
09813406000168,00009270949400,VALTER ANUNCIATO DA SILVEIRA,N,2016,08
10013417000142,00053767063468,RONNIE CEZAR FERNANDES SILVA,N,2016,08
10013417000142,00072158824468,CLEINO MARCOS FERNANDES BENTO,N,2016,08
10141376000170,00002837251410,MARIA GORETE PEREIRA DA COSTA VASCO,N,2016,08
10141376000170,00079087809468,BENTO DE LIMA VASCO,N,2016,08
10328834000184,00054953006534,ALBERTO SOBRAL DA SILVA,N,2016,08
10328834000184,00067171044491,LUIZ ALBERTO BARBALHO GALVAO,N,2016,08
10328834000184,00075147491449,GUSTAVO HENRIQUE BARBALHO GALVAO,N,2016,08
10449378000120,00004558174489,ADRIANA BEZERRA LOPES MEDEIROS,N,2016,08
10449378000120,00094270732415,ADRIANO OLIVEIRA DE MEDEIROS,N,2016,08
10493637000110,00002099426490,TEREZA DE FATIMA DA SILVA,N,2016,08
10597640000184,00002229581465,TAQUIANO MACEDO BARAUNA,N,2016,08
10597640000184,00083695745487,CELMA FELICIANO DO NASCIMENTO BARAUNA,N,2016,08
10606327000165,00006067683431,ANGELO MARCOS DE HOLANDA,N,2016,08
10606327000165,00007558157420,AIANNE MIKAELLY GONCALVES DE HOLANDA,N,2016,08
10641461000105,00036915017453,MARIA APARECIDA FERREIRA DE ARAUJO,N,2016,08
10641461000105,00087570637453,VALDENOR OTACILIO DA SILVA ARAUJO,N,2016,08
10655938000101,00067104622420,FAUSTO CAVALCANTE DA SILVA JUNIOR,N,2016,08
10655938000101,00079073727472,ADRIANA CARLA DE OLIVEIRA SOUZA CAVALCANTE,N,2016,08
10698983000135,00001276683499,ROSILDA  ALVES DE ARAUJO,N,2016,08
10698983000135,00052349268420,ROSANILDO MARCAL DE ARAUJO,N,2016,08
10700961000243,00000377295434,AMADEU VENANCIO DANTAS,N,2016,08
10700961000243,00001199757420,MANOEL VENANCIO DANTAS,N,2016,08
10700961000243,00018279376453,MANOEL VENANCIO DANTAS JUNIOR,N,2016,08
10700961000243,00026206935434,ILANA MARIA DANTAS SILVEIRA CRUZ,N,2016,08
10700961000243,00066417953491,IARA MARIA DANTAS DA COSTA,N,2016,08
10704476000167,00005854881420,GERALDO NOGUEIRA,N,2016,08
10704476000167,00023798050406,MARIA SUELI MACIEL NOGUEIRA,N,2016,08
10757598000111,00041927133300,ANTONIO ALESSANDRO DA SILVA PINHEIRO,N,2016,08
10757598000111,00096289511300,SHIRLEY SARINY LEITE COSTA PINHEIRO,N,2016,08
10761839000104,00018185533415,JOAO ALBERTO ALVES TEIXEIRA,N,2016,08
10761839000104,00026128195415,ADJACIRA SOBREIRA DE CASTRO TEIXEIRA,N,2016,08
10766931000159,00001055969497,MARIA FRANCKCIARA DA SILVA ARAUJO,N,2016,08
10766931000159,00007949077840,ALCINO ALVES DA SILVA,N,2016,08
10790288000107,00002242077414,ELMA DANTAS DE MEDEIROS BRITO,N,2016,08
10790288000107,00002798835445,JAELSON DANTAS DE MEDEIROS BRITO,N,2016,08
10808409000192,00000939731444,CARLOS HENRIQUE CABRAL DE AZEVEDO,N,2016,08
10808409000192,00031586600400,JOAO MARIA AZEVEDO,N,2016,08
10844966000169,00004936833487,EGMAR GONCALVES VIEIRA,N,2016,08
10844966000169,00031011730430,TANIA MARIA CARDOSO DA SILVA GONCALVES,N,2016,08
10857970000161,00006720633449,MARIA DALVA DE MESQUITA DIAS,N,2016,08
10857970000161,00031573126420,FRANCISCO MESSIAS DIAS,N,2016,08
10863094000186,00000771676433,MARIA DE FATIMA COSTA DOS SANTOS,N,2016,08
10863094000186,00045547521434,SILVAN MARCONI LEITE,N,2016,08
10898135000170,00017854501823,LAILDO NECO DE MORAIS,N,2016,08
10898135000170,00065402898472,AMARO ANTONIO DA COSTA,N,2016,08
10933739000100,00007264253465,MONINNE RAQUEL OLIVEIRA MORAIS,N,2016,08
10933739000100,00007391041440,DEIVID VIANA DE AQUINO,N,2016,08
10942492000198,00001171382405,LUANNA CHRISTINA DE SOUZA MOURA MARTINS,N,2016,08
10942492000198,00096777788468,MARCIO ANDRE MARTINS,N,2016,08
10981924000170,00006111784439,MANUELLY MAKSON ARAUJO,N,2016,08
10981924000170,00070034090460,ELTON DA SILVA SANTOS,N,2016,08
11037013000151,00002394607408,CARLOS EDUARDO PESSOA BARRETO,N,2016,08
11037013000151,00002623449473,LORENA EMILLY DO NASCIMENTO DAPIEVE BARRETO,N,2016,08
11037013000151,00003373053404,CLOVIS DE FREITAS BARRETO,N,2016,08
11037013000151,00077854985472,CLOVIS EUGENIO PESSOA BARRETO,N,2016,08
11161972000184,00008656876414,BRENO FELIPE ALBUQUERQUE TAVARES DE AQUINO,N,2016,08
11161972000184,00009501957403,BRUNO RICARDO ALBUQUERQUE TAVARES DE AQUINO,N,2016,08
11189118000126,00007914005495,ANA CRISTINA ALVES,N,2016,08
11189118000126,00009918446455,SABYTA RAYANNE MAIA SALES,N,2016,08
11233325000130,00040639584420,JAILTON AURELIANO DA SILVA,N,2016,08
11233325000130,00042328209491,WBIRANILTON LINHARES DE ARAUJO,N,2016,08
11290066000180,00002978649470,RICARDO BRUNO SILVA DOS SANTOS,N,2016,08
11290066000180,00046534229404,FRANCINETE SILVA DOS SANTOS,N,2016,08
11417150000111,00003472766441,RILTON DE MENEZEZ BEZERRA,N,2016,08
11417150000111,00005071352451,ALEXSANDRO BARBOSA DA CRUZ,N,2016,08
11417150000111,00063505533491,GUEIDE MARCOS DA FONSECA,N,2016,08
11417150000111,00085217409487,MAGNO ROCHA DE FRANCA,N,2016,08
11423604000167,00000794867464,ELISIANE LEMOS DA SILVA,N,2016,08
11423604000167,00002835432485,ALEXANDRE DA SILVA BATISTA,N,2016,08
11431413000147,00005128409465,FRANCISCOLUCIVAN FREIRE DE SOUZA,N,2016,08
11431413000147,00006792462403,VANDERLEA DE PAIVA DUARTE SOUZA,N,2016,08
11511020000143,00002259218474,CESAR CARLOS SILVEIRA MARIZ,N,2016,08
11511020000143,00073950203400,ROBERIO CAIAFFO CAVALCANTE ANDRADE,N,2016,08
11689133000133,00008789080483,MARIANA PINHEIRO DE ARAUJO,N,2016,08
11689133000133,00009241584416,HELOA D AVILLA NERY SERRA DANTAS,N,2016,08
11689133000133,00039382249400,GEOVANILDO PEREIRA DE ARAUJO,N,2016,08
11786813000175,00000887915566,JACIARA GONCALVES DA SILVA,N,2016,08
11786813000175,00006369763438,LUCIO FERNANDES DE ALBUQUERQUE JUNIOR,N,2016,08
11855278000167,00003282675461,MIRTHS MARIA MEDEIROS DA SILVA,N,2016,08
11855278000167,00090460839420,ANTONIA VALDERICE DE MACEDO SOUZA,N,2016,08
11865729000147,00010478050496,DIEGO ARMANDO MARADONA PALACIO DA COSTA,N,2016,08
11934940000174,00000971215413,MIQUELINA MARIA DOS SANTOS MEDEIROS NETA,N,2016,08
11934940000174,00007569922492,MORSINALDO DE AZEVEDO MEDEIROS,N,2016,08
11936085000130,00042349869415,CARLOS ANTONIO DE SOUZA,N,2016,08
11936085000130,00063127660472,PEDRO GILSON DE SOUZA,N,2016,08
11937778000148,00002215925477,MARILU TRINDADE DANTAS,N,2016,08
11937778000148,00009809589468,CLEODOMAR GREGORIO DANTAS,N,2016,08
11939808000155,00008569157428,CAMILO DE LELLIS DANTAS DE AMORIM,N,2016,08
11939808000155,00018249604415,ANTONIO GOMES DE AMORIM,N,2016,08
11940467000138,00002023024404,OTACILIO CACIANO DO NASCIMENTO,N,2016,08
11940467000138,00008192320413,LUIS HENRIQUE DE FRANCA GOMES,N,2016,08
11940467000138,00023448270482,JOSE REGINALDO GOMES,N,2016,08
11981669000128,00018566561104,JOAO MARIA DE OLIVEIRA,N,2016,08
11981669000128,00056519796468,MARIA AUXILIADORA TARGINO DE OLIVEIRA,N,2016,08
11982113000237,00029749840453,AFRANIO FERREIRA DE MIRANDA FILHO,N,2016,08
11982113000237,00040648320430,LUCIANO DE SOUSA MIRANDA,N,2016,08
11982113000237,00046528210420,PAULO CESAR DE SOUSA MIRANDA,N,2016,08
11982113000237,00053910168434,SILVANA GOMES DE MIRANDA,N,2016,08
11982113000660,00029749840453,AFRANIO FERREIRA DE MIRANDA FILHO,N,2016,08
11982113000660,00040648320430,LUCIANO DE SOUSA MIRANDA,N,2016,08
11982113000660,00046528210420,PAULO CESAR DE SOUSA MIRANDA,N,2016,08
11982113000660,00053910168434,SILVANA GOMES DE MIRANDA,N,2016,08
12018070000156,00001237930413,FRANCISCO GLAUBENIO FELIX DE OLIVEIRA,N,2016,08
12018070000156,00031655297449,ANTONIA JAIRES DE LIMA AGOSTINHO,N,2016,08
12055990000144,00000871828405,MARCOS ANTONIO NUNES,N,2016,08
12055990000144,00001156341426,ANA CRISTINA BRITO,N,2016,08
12165870000108,00001009691430,FRANCISCO BERGJANIO DE OLIVEIRA SILVA,N,2016,08
12165870000108,00087708140404,FRANCISCO BERCLESON DE OLIVEIRA SILVA,N,2016,08
12305387000173,00003525182430,RODRIGO FERNANDES DE CARVALHO,N,2016,08
12305387000173,00004644650447,EDUARDO FERNANDES DE CARVALHO,N,2016,08
12305387000173,00005916884419,FELIPE FERNANDES DE CARVALHO,N,2016,08
12305387000173,00009166947391,EDUARDO TAVARES DE CARVALHO,N,2016,08
12305387000173,00067185517400,FERNANDA FERNANDES DE CARVALHO,N,2016,08
12305387000173,40811440000143,PRONTOMEDICA PRODUTOS HOSPITALARES LTDA,N,2016,08
12328933000191,00002907964402,LEONARDO ALEXANDRE DA ROCHA,N,2016,08
12328933000191,00045135290400,KATIA COELLY VIRISSIMO DO NASCIMENTO ROCHA,N,2016,08
12528765000188,00004743790433,IVANILSON DOS SANTOS VERAS,N,2016,08
12528765000188,00041403517487,MARIA JOSE DOS SANTOS VERAS,N,2016,08
12637492000100,00065499360472,OSORIO DANTAS DA ROCHA,N,2016,08
12637492000100,00070266111432,EMMANUELY FELIX OLIVEIRA ROCHA,N,2016,08
12639927000155,00000827617445,RICARDO VASCONCELOS DE CARVALHO,N,2016,08
12639927000155,00000827618417,THIAGO VASCONCELOS DE CARVALHO,N,2016,08
12686128000130,00001559085452,GABRIELE MARIELY BEZERRA DE OLIVEIRA,N,2016,08
12686128000130,00072050551487,ANA CLEA BEZERRA DE MEDEIROS,N,2016,08
12689295000134,00000988298406,WELLBERSON FLOR DE OLIVEIRA,N,2016,08
12689295000134,00005788039410,HUDYSON FLOR DE OLIVEIRA,N,2016,08
12689295000134,00008567921449,JAIRO ARAUJO DE OLIVEIRA,N,2016,08
12689295000134,00089798856449,MAXWELL FLOR DE OLIVEIRA,N,2016,08
12689295000215,00000988298406,WELLBERSON FLOR DE OLIVEIRA,N,2016,08
12689295000215,00005788039410,HUDYSON FLOR DE OLIVEIRA,N,2016,08
12689295000215,00008567921449,JAIRO ARAUJO DE OLIVEIRA,N,2016,08
12689295000215,00089798856449,MAXWELL FLOR DE OLIVEIRA,N,2016,08
12689295000304,00000988298406,WELLBERSON FLOR DE OLIVEIRA,N,2016,08
12689295000304,00005788039410,HUDYSON FLOR DE OLIVEIRA,N,2016,08
12689295000304,00008567921449,JAIRO ARAUJO DE OLIVEIRA,N,2016,08
12689295000304,00089798856449,MAXWELL FLOR DE OLIVEIRA,N,2016,08
12689295000568,00000988298406,WELLBERSON FLOR DE OLIVEIRA,N,2016,08
12689295000568,00005788039410,HUDYSON FLOR DE OLIVEIRA,N,2016,08
12689295000568,00008567921449,JAIRO ARAUJO DE OLIVEIRA,N,2016,08
12689295000568,00089798856449,MAXWELL FLOR DE OLIVEIRA,N,2016,08
12704516000104,00008789080483,MARIANA PINHEIRO DE ARAUJO,N,2016,08
12704516000104,00076205800420,MERCIA CRISTINA FERNANDES PINHEIRO,N,2016,08
12741070000180,00066453410400,FRANCISCO GILBERTO DA SILVA,N,2016,08
12746673000255,00002053611456,MARCONI DE ALMEIDA COSTA JUNIOR,N,2016,08
12746673000255,00005631971453,MARCONI DE ALMEIDA ROSADO COSTA,N,2016,08
12746673000255,00067308996468,MARIA DE FATIMA ALVES DE OLIVEIRA COSTA,N,2016,08
12747440000196,00004107594491,LUIS PAIZINHO DANTAS,N,2016,08
12747440000196,00008627479453,DAMIANA APARECIDA DE AZEVEDO,N,2016,08
12872320000110,00005117860500,JOSE ANTONIO SILVA LUZ,N,2016,08
12872320000110,00005486428421,JASSY LUCAS PIRES LUZ,N,2016,08
12990798000145,00001756347425,RIZZA GABRIELA FELIPE DE ANDRADE,N,2016,08
12990798000145,00005643596458,RAIZA BERNARDO LINS LISBOA,N,2016,08
12990798000145,00037867253491,CLEBIA MARIA SENA FELIPE DE ANDRADE,N,2016,08
13060597000101,00008214350433,SANDERSON CORTEZ DE QUEIROZ,N,2016,08
13060597000101,00027690172415,FRANCISCA LUCIMAR LIMA E SILVA,N,2016,08
13118382000102,00002038543496,EUZIMAR DIAS DE CASTRO,N,2016,08
13118382000102,00010460541471,DANIELE KARINE DE FREITAS CASTRO,N,2016,08
13160859000100,00001644218402,GUILHERME BULHOES DA NOBREGA,N,2016,08
13160859000100,00079094210444,ALEXANDRE NIKOLAS DA NOBREGA,N,2016,08
13180055000172,00042240603453,FLORACI CASSIANO DA SILVA,N,2016,08
13180055000172,00085070599453,MAZILENE FERNANDES DE LIMA SILVA,N,2016,08
13190056000106,00046049096449,VALDECI TEIXEIRA JALES,N,2016,08
13190056000106,00070154112453,EDILEUSA TEIXEIRA JALES,N,2016,08
13228559000115,00002659567492,VICTOR SIRUFFO DE CARVALHO,N,2016,08
13228559000115,00002744733482,SANZIA PATRICIA DE SOUZA SIRUFFO,N,2016,08
13259674000157,00011647263409,ERICK LORENZO NOLASCO SILVA,N,2016,08
13259674000157,00065339304434,FRANCISCO LUCIEUDES DA SILVA,N,2016,08
13259674000157,00086470566391,FRANCISCO JUCIVAN FERNANDES COSTA,N,2016,08
13384932000127,00005195912408,JANAINA BATISTA DA SILVA,N,2016,08
13413643000109,00001836397402,TEREZINHA TAVARES DA SILVA MARTINS,N,2016,08
13413643000109,00003882032421,JEANE MARIA DA SILVA TAVARES,N,2016,08
13413643000109,00048167991415,RANULFO TAVARES DA SILVA,N,2016,08
13413643000109,00055539343468,RINALDO TAVARES DA SILVA,N,2016,08
13536641000379,00063874067491,FREDIANO JALES ROSADO,N,2016,08
13536641000379,00079247806453,GREGORIO JALES ROSADO,N,2016,08
13587119000154,00008984451401,VERUSSIA CARLA ROCHA DE FARIAS,N,2016,08
13662971000149,00004598161442,DIEGO STEFANIO DO COUTO,N,2016,08
13662971000149,08356048000149,PETROSOLUCTION FOMENTO MERCANTIL LTDA,N,2016,08
13728806000142,00066379270400,QUEZIA MAIA DANTAS OLIVEIRA,N,2016,08
13728806000142,00085171069468,PABLO MARCEL DE SOUSA OLIVEIRA,N,2016,08
13808091000138,00013139722400,SARA MONIQUE MESSIAS SOLIDADE,N,2016,08
13808091000138,00070309411440,JESSIKA ALVES MESSIAS SOLIDADE,N,2016,08
13839092000140,00003204632490,MARTA MESSIAS DE MESQUITA,N,2016,08
13839092000140,00006988230440,MAXKSON MESSIAS DE MESQUITA,N,2016,08
13938876000125,00063402882434,MIGUEL SOARES DE MOURA,N,2016,08
13938876000125,00067306896415,ERONEIDE ZACARIAS DA COSTA,N,2016,08
14055588000195,00009659602421,ADJAMILTON SERVULO PESSOA DANTAS,N,2016,08
14110228000149,00070399433449,MARIA PATRICIA MATTA DE OLIVEIRA,N,2016,08
14133509000117,00002147922420,FERNANDA REGINA DA SILVA OLIVEIRA,N,2016,08
14133509000117,00032377223400,GUSTAVO FURTADO DA CAMARA,N,2016,08
14296822000176,00005428537442,JAMIELLE MARIA DO NASCIMENTO BATISTA DE SOUZA,N,2016,08
14296822000176,00079194818487,ROSELHO DE SOUZA,N,2016,08
14318691000180,00032403143472,MARCOS ANTONIO CABRAL,N,2016,08
14318691000180,00072109718404,TANIA MARIA LOURENCO CABRAL,N,2016,08
14378801000108,00006291315467,IGOR RIBEIRO JACOME,N,2016,08
14378801000108,00009522358460,ANA CLAUDIA RIBEIRO JACOME,N,2016,08
14428827000105,00049827731491,ROMUALDO TORRES BEZERRA JUNIOR,N,2016,08
14428827000105,00079153348400,ERINEIDE ELAINE DA SILVA TORRES,N,2016,08
14436874000109,00005830449480,LUIS CLENILSON DE MEDEIROS FILHO,N,2016,08
14436874000109,00007597521413,LYSSANDRO LOPES DE ARAUJO MEDEIROS,N,2016,08
14436874000109,00024148547404,ELIZABETH LOPES DE ARAUJO,N,2016,08
14717523000168,00001054505454,ROMULO ANTONIO SANTOS DA SILVA,N,2016,08
14717523000168,00023024780459,LEDA MARIA CORREIA DOS SANTOS,N,2016,08
15243774000110,00001190427460,FABIANE SOARES DE QUEIROZ,N,2016,08
15243774000110,00008252579485,MURILO KENNEDY RADEMAKER DE SOUSA SOARES,N,2016,08
15258710000193,00010185036414,ALINE PEREIRA DA SILVA ARAUJO,N,2016,08
15258710000193,00064244997334,CLEANTO DE ARAUJO FERREIRA,N,2016,08
15305927000107,00003131595485,ABRAAO SOARES DE SOUZA,N,2016,08
15305927000107,00006917238422,LIERICA SOUSA DA SILVA,N,2016,08
15359153000105,00001423663403,RAFAEL DE AMORIM DANTAS,N,2016,08
15359153000105,00009033662400,PATRICIA BERNARDO DE CASTRO AMORIM,N,2016,08
15866751000162,00000876596464,JOSEFA VERIDYANA REGO FONSECA DE CARVALHO,N,2016,08
15866751000162,00077955315472,LEONARDO NOGUEIRA DE CARVALHO,N,2016,08
16585268000172,00002715215460,ADRIANO DA SILVA DANTAS,N,2016,08
16585268000172,00006383593412,CARLOS ALBERTO DA SILVA DANTAS,N,2016,08
16676833000107,00001265089418,MESAQUE MARINHO COSTA,N,2016,08
16676833000107,00007975283428,FRANCISCA ROSALBA DE SOUZA MENEZES SILVA,N,2016,08
16723530000106,00050333100468,HERACLITO MARIA SOARES JUNIOR,N,2016,08
16723530000106,00087832712449,SHEYLA MEIRE DA SILVA,N,2016,08
16737759000191,00006324712478,CIMARA CRISTIANE DOS SANTOS,N,2016,08
16737759000191,00007705029464,JARLEIDE SUELY MEDEIROS DA SILVA,N,2016,08
16783593000140,00035758643491,TERCIO CAMARA FLOR,N,2016,08
16783593000140,00050073940410,MARTA CUNHA DE PAIVA MARQUES FLOR,N,2016,08
16826043000160,00004470265420,ELIAS SIMÕES DE ARAÚJO,N,2016,08
16826043000160,00007496400491,MARISETE FERNANDES BEZERRA FONTES,N,2016,08
16870551000146,00001195622430,JOSE AUGUSTO ALVES,N,2016,08
16870551000146,00008892109421,WANESSA CRISTINA RODRIGUES DA SILVA,N,2016,08
16909633000157,00001404591460,ANDREIA LAYSE ADOLFO DA SILVA,N,2016,08
16909633000157,00054370302749,SEVERINO MANOEL ADOLFO,N,2016,08
16909633000157,22862359000100,ADOLFO & ADOLFO PARTICIPACOES LTDA,N,2016,08
17199619000170,00002978649470,RICARDO BRUNO SILVA DOS SANTOS,N,2016,08
17199619000170,00010614075432,FERNANDA PAULA MARQUES DA FONSECA,N,2016,08
17320267000169,00003501929870,OSMAR FELIPE DOS SANTOS,N,2016,08
17320267000169,00043973181829,ISABELLA CROISFELT SANTOS,N,2016,08
17328794000110,00005341131410,MARIANA ALVES FIDELIS DE MEDEIROS,N,2016,08
17328794000110,00006540952481,EDILASIO CANUTO GURGEL,N,2016,08
17514152000105,00005992322426,CLAUDIO HENRIQUE DA SILVA CARNEIRO,N,2016,08
17514152000105,00028916859468,JOSE CLAUDIONOR DA SILVA,N,2016,08
17570889000145,00005476066489,JOSE RADAMES FERNANDES MALHEIRO,N,2016,08
17570889000145,00045540829468,LUIZA PINHEIRO FERNANDES,N,2016,08
17602864000186,00000945851480,CELSO RODRIGO DA COSTA CRUZ,N,2016,08
17602864000186,00009268669315,MARIA IRENICE LOPES CALADO,N,2016,08
17602864000186,00076097200463,EDNA MACHADO DO REGO BARROS,N,2016,08
17640366000128,00006792523470,JACIARA DOS SANTOS GALVAO,N,2016,08
17640366000128,00008232460431,LUIS HENRIQUE SIQUEIRA DE ARAUJO LIMA,N,2016,08
17650878000175,00000499062329,MONICA ESTEVAM PESSOA,N,2016,08
17650878000175,00008276241409,GUILHERME ANDRE RODRIGUES NEGREIROS,N,2016,08
17669333000100,00004418847413,SIMONIDA QUEIROZ LOPES,N,2016,08
17669333000100,00085159972404,SILNEI DE QUEIROZ LOPES,N,2016,08
18087566000168,00000917685431,IVIS LEVI DE AGUIAR SANTOS,N,2016,08
18087566000168,00070259286400,IVIS LEVI LOPES ARAUJO AGUIAR,N,2016,08
18359586000574,00012063983372,FRANCISCO HAROLDO CARVALHO MAPURUNGA,N,2016,08
18359586000574,00049643355349,CARLOS HAROLDO NOGUEIRA DE VASCONCELOS,N,2016,08
18562463000102,00003038825492,NAILDSON GONCALVES GALVAO,N,2016,08
18562463000102,00003600967436,CRISTIANE FELIX VICENTE GALVAO,N,2016,08
18596214000138,00006123052446,LUIZE ARAUJO COUTINHO,N,2016,08
18596214000138,00007358000498,LILIAN ARAUJO COUTINHO,N,2016,08
18596214000138,00052346285404,GERANIZE MARIA DE ARAUJO,N,2016,08
18779283000187,00070099941457,MARCOS DOMINGOS DA SILVA FILHO,N,2016,08
18779283000187,00070449493474,MARYLANDIA KEITIELE DOMINGOS DA SILVA,N,2016,08
18893260000107,00005390340450,FRANCISCO FERNANDES FRANCA JUNIOR,N,2016,08
18893260000107,00005601195420,PRISCILLA DE MENDONCA TEIXEIRA FRANCA,N,2016,08
18949348000195,00062690230410,JAILSON DANTAS QUEIROZ,N,2016,08
18949348000195,00075140152487,LENILSA MENDES DE ANDRADE,N,2016,08
19085389000143,00005098016410,HUGO VICTOR BARBOSA ROCHA,N,2016,08
19414509000109,00031604510463,GILENO CACHINA,N,2016,08
19414509000109,00059029218991,TULIO FERREIRA MARTINS,N,2016,08
19414509000109,00066874033972,JAIRTON TAVARES,N,2016,08
19881198000198,00036905860468,ARISTOTELES DE VASCONCELOS NETO,N,2016,08
19881198000198,00065486552491,JOSE LIDERZIO FERREIRA DE VASCONCELOS JUNIOR,N,2016,08
19888422000173,00006223022484,MARIA LIDIANE LIMA DE OLIVEIRA,N,2016,08
19888422000173,00010569172454,ILNA DA SILVA LIMA BERNARDO,N,2016,08
20103659000180,00049827731491,ROMUALDO TORRES BEZERRA JUNIOR,N,2016,08
20229352000120,00008983172401,THAIS MENEZES DE OLIVEIRA,N,2016,08
20658518000124,00079060730453,HUMBERTO TORRES DA ROCHA,N,2016,08
20658518000124,00083898930459,DEBORA ALESSANDRA SILVA SOBRAL,N,2016,08
20680801000152,00006726807422,FLAVIO HENRIQUE RODRIGUES MEDEIROS,N,2016,08
20680801000152,00007228778464,INGRID TATIANE DE MEDEIROS,N,2016,08
20758306010262,00000641340672,NEIF MATTAR,N,2016,08
20802223000180,00001788664400,MIGUEL ANGELO DE OLIVEIRA AMORIM,N,2016,08
20802223000180,00079154379415,PAULO EVERTON GURGEL DE AMORIM,N,2016,08
21255865000179,00020281919453,PAULO MANUEL DE MELO,N,2016,08
21286237000150,00002618033442,LYZANDRA MELLINNE PINHEIRO DOS SANTOS BEZERRA,N,2016,08
21286237000150,00063817071434,JOSE AURELIANO BEZERRA,N,2016,08
21675852000159,00001194525458,ANA JUSSARA FEITOSA SOARES,N,2016,08
21675852000159,00090456700463,FRANCISCO DE ALCIR DOS SANTOS,N,2016,08
21725568000140,00004196367496,LIDIANE DE MEDEIROS EMERENCIANO,N,2016,08
21725568000140,00087482681434,MAIXIMILIANO FERNANDES DE OLIVEIRA,N,2016,08
21869689000165,00001085970400,MARIA RAQUEL MEDEIROS,N,2016,08
21869689000165,00087367033468,EDMILSON ALVES DA SILVA FILHO,N,2016,08
22216720000121,00006291315467,IGOR RIBEIRO JACOME,N,2016,08
22216720000121,00009522358460,ANA CLAUDIA RIBEIRO JACOME,N,2016,08
22216720000202,00006291315467,IGOR RIBEIRO JACOME,N,2016,08
22216720000202,00009522358460,ANA CLAUDIA RIBEIRO JACOME,N,2016,08
22317258000159,00003411821418,MARCELO MEDEIROS CUNHA,N,2016,08
22317258000159,00078522870420,PATRICIA MEDEIROS CUNHA,N,2016,08
22317258000159,00091405998415,POLIANA MEDEIROS CUNHA DANTAS,N,2016,08
22368433000137,00005182964587,ANTONIA ALVES SOARES,N,2016,08
22368433000137,00091252725515,KEYNES ALVES GARCEZ,N,2016,08
22902573000143,00009261024432,GILSON TORRES DOS SANTOS LIMA NETO,N,2016,08
22902573000143,00067300260497,JOAO DUARTE DOS SANTOS LIMA NETO,N,2016,08
22953824000119,00067441203449,KIMENIA MARIA DE OLIVEIRA PEQUENO,N,2016,08
22953824000119,00076094650468,RIVAILDO RODRIGUES PEQUENO,N,2016,08
23257972000161,00001826266445,IZABELE DA SILVA,N,2016,08
23257972000161,00005050878470,RICARDO DA COSTA SANTOS,N,2016,08
24204703000108,00046553665400,ANTONIO DE FREITAS NETO,N,2016,08
24204703000108,00055362060449,FRANCISCO OSIMAR FERREIRA CHAVES,N,2016,08
24206617000207,00004752797437,RODRIGO AUGUSTO DE OLIVEIRA,N,2016,08
24206617000207,00009437223491,MARCONDES AUGUSTO DE OLIVEIRA,N,2016,08
24206617000207,00021561605468,MARIA LUCIA DE OLIVEIRA FARIAS,N,2016,08
24206617000550,00004752797437,RODRIGO AUGUSTO DE OLIVEIRA,N,2016,08
24206617000550,00009437223491,MARCONDES AUGUSTO DE OLIVEIRA,N,2016,08
24206617000550,00021561605468,MARIA LUCIA DE OLIVEIRA FARIAS,N,2016,08
24206617001017,00004752797437,RODRIGO AUGUSTO DE OLIVEIRA,N,2016,08
24206617001017,00009437223491,MARCONDES AUGUSTO DE OLIVEIRA,N,2016,08
24206617001017,00021561605468,MARIA LUCIA DE OLIVEIRA FARIAS,N,2016,08
24206617001360,00004752797437,RODRIGO AUGUSTO DE OLIVEIRA,N,2016,08
24206617001360,00009437223491,MARCONDES AUGUSTO DE OLIVEIRA,N,2016,08
24206617001360,00021561605468,MARIA LUCIA DE OLIVEIRA FARIAS,N,2016,08
24206617001440,00004752797437,RODRIGO AUGUSTO DE OLIVEIRA,N,2016,08
24206617001440,00009437223491,MARCONDES AUGUSTO DE OLIVEIRA,N,2016,08
24206617001440,00021561605468,MARIA LUCIA DE OLIVEIRA FARIAS,N,2016,08
24206617001874,00004752797437,RODRIGO AUGUSTO DE OLIVEIRA,N,2016,08
24206617001874,00009437223491,MARCONDES AUGUSTO DE OLIVEIRA,N,2016,08
24206617001874,00021561605468,MARIA LUCIA DE OLIVEIRA FARIAS,N,2016,08
24206617002846,00004752797437,RODRIGO AUGUSTO DE OLIVEIRA,N,2016,08
24206617002846,00009437223491,MARCONDES AUGUSTO DE OLIVEIRA,N,2016,08
24206617002846,00021561605468,MARIA LUCIA DE OLIVEIRA FARIAS,N,2016,08
24206815000190,00001313806480,JOAQUIM AUGUSTO MAIA DA COSTA,N,2016,08
24206815000190,00018214070406,AGAMENON DA COSTA MELO,N,2016,08
24271343000159,00003516195428,JOSE DE ARIMATEIA RIBEIRO DE QUEIROZ,N,2016,08
24271343000159,00085270512491,JOCELIA BARROS DE LIMA QUEIROZ,N,2016,08
24363368000182,00006714536453,LUZARDO SOARES FLOR,N,2016,08
24363368000182,00085234214400,VANIA DE OLIVEIRA FLOR,N,2016,08
24373896000112,00002202256482,JEFERSON DA SILVA SOUZA,N,2016,08
24373896000112,00002202935460,JOSE DE ARIMATEIA DE SOUZA JUNIOR,N,2016,08
24373896000112,00043021026400,ANA LUCIA SILVA GARCIA DE OLIVEIRA,N,2016,08
24380578002556,00007196755707,GUSTAVO AGUIAR DA COSTA,N,2016,08
24380578002556,00055001033772,SERGIO BREYER FILHO,N,2016,08
24380578002556,00074024060759,GILNEY PENNA BASTOS,N,2016,08
24380578002556,00099752441734,CARLOS ALBERTO HEITOR DE PAIVA,N,2016,08
24380578002556,05359709000100,PRAXAIR DO BRASIL LTDA,N,2016,08
24380578002556,35820448000136,WHITE MARTINS GASES INDUSTRIAS LTDA,N,2016,08
24515793000140,00000745930484,FRANCISCA HERCINA LEITE,N,2016,08
24515793000140,00002008262472,JOSE RIBAMAR LEITE,N,2016,08
24515819000150,00000745930484,FRANCISCA HERCINA LEITE,N,2016,08
24515819000150,00002008262472,JOSE RIBAMAR LEITE,N,2016,08
24520892000110,00009610111491,JOSE CARLOS SILVINO,N,2016,08
24520892000110,00089293738449,FABIO RANIERE SILVA,N,2016,08
24523276000112,00012591270449,FABIO TORRES DE OLIVEIRA,N,2016,08
24523276000112,00024142930478,FRANCISCO TORRES FILHO,N,2016,08
24523276000112,00051257173472,FLADJA DE MEDEIROS MOURA TORRES,N,2016,08
24537078000108,00056554001468,RICARDO BAYERLEIN,N,2016,08
24537078000108,00056554087400,EDUARDO BAYERLEIN,N,2016,08
24589319000162,00006737137415,TEREZINHA DO REGO NOBRE,N,2016,08
24589319000162,00009644172434,MARIA SOCORRO DO REGO NOBRE,N,2016,08
24592636000138,00002964282480,FABIO AUGUSTO NASCIMENTO FERNANDES DE QUEIROZ,N,2016,08
24592636000138,00004748697415,EDIVALDO FERNANDES DE QUEIROZ,N,2016,08
24592636000138,00080671713434,MARLUCE MARIA DO NASCIMNENTO  FERNANDES DE QUEIROZ,N,2016,08
35274091000138,00017138779372,FRANCISCA ALTAIR MOTA LUCIANO,N,2016,08
35274091000138,00029360005304,JOAO LUCIANO NETO,N,2016,08
35277102000133,00003081169410,RICHARLLI MEDEIROS DE ARAUJO,N,2016,08
35277102000133,00004866658444,KATAYANNA MEDEIROS DE ARAUJO,N,2016,08
35277102000133,00019923058468,MARIA JOSE DIAS DE ARAUJO,N,2016,08
35284991000247,00059774800400,JOSE VASCONCELOS DA ROCHA JUNIOR,N,2016,08
35284991000247,00090402693434,ANA EMILIA TRIGUEIRO CAVALCANTI DA ROCHA,N,2016,08
35291038000145,00036982113434,WERNECK LIMA DE CARVALHO,N,2016,08
35291038000145,27017729000127,TC PARTICIPACOES LTDA,N,2016,08
35291038000145,27037834000128,WC PARTICIPACOES LTDA,N,2016,08
35291038000145,27850574000105,WT HOLDING PARTICIPACOES LTDA,N,2016,08
35292515000197,00002343755400,TASLA CAPISTRANO GONZAGA MENDES,N,2016,08
35292515000197,00003603888413,THAISA CAPISTRANO GONZAGA DE ANDRADE,N,2016,08
35292515000197,00004396499434,ANTONIO GONZAGA CHIMBINHO,N,2016,08
35292515000197,00085215473404,JANDIRA CAPISTRANO GONZAGA,N,2016,08
35292515000197,00085215570434,THIAGO CAPISTRANO GONZAGA,N,2016,08
35292515000197,24743960000100,INDEPENDENCIA PARTICIPACOES SOCIETARIAS LTDA,N,2016,08
35297639000165,00041373510404,PEDRO JORGE REBOUCAS PEREIRA,N,2016,08
35297639000165,00073716120430,ELCICARMEM FREITAS DE MORAIS PEREIRA,N,2016,08
35428978000133,00007686730468,ISMAR LOPES DE QUEIROZ,N,2016,08
35503721000360,00013640518420,OSVALDO RUI DIAS MARTINS,N,2016,08
35503721000360,00030276942434,MARIA FIRMINO DIAS MARTINS,N,2016,08
35648757000170,00002766596437,MARIA JUCINEIDE GUIMARAES,N,2016,08
35648757000170,00041466799404,IGEILDO GUIMARAES,N,2016,08
35649219000281,00000900478420,FRANCISCO ODON DE MACEDO FILHO,N,2016,08
35649219000281,00039355608420,ANGELO JOSE MEDEIROS DE MACEDO,N,2016,08
35649219000796,00000900478420,FRANCISCO ODON DE MACEDO FILHO,N,2016,08
35649219000796,00039355608420,ANGELO JOSE MEDEIROS DE MACEDO,N,2016,08
35653757000169,00014622181487,SERGIO FERNANDES DE MATOS SEREJO,N,2016,08
35653757000169,00030776058487,SOLANGE MARIA TORRES SEREJO,N,2016,08
35654425000107,00058769420491,JOSE HAIRTON SOARES FERREIRA,N,2016,08
35654425000107,00072117613420,MARCOS SERGIO SOARES FERREIRA,N,2016,08
35662667000134,00008539956489,ARTHUR HENRIQUE COSTA LIMA,N,2016,08
35662667000134,00042939208468,MANOEL EDIVALDO DE LIMA,N,2016,08
40757908000169,00003573255400,BRUNA MARIA GUERRA DE FARIAS CAMARA,N,2016,08
40757908000169,00017469422404,EDUARDO JOSE DE FARIAS,N,2016,08
40757908000169,00369925000104,AUTOESTE AUTOMOVEIS LTDA,N,2016,08
40757908000169,08949194000188,LEGACY VEICULOS LTDA,N,2016,08
40760209000178,00001252554460,ERIVAN MYLLER MAFRA MEDEIROS,N,2016,08
40760209000178,00031700071491,JOSE ERIVAN DE MEDEIROS,N,2016,08
40761843000125,00031589120400,IVANALDO SEVERINO MALHEIRO,N,2016,08
40761843000125,00045540829468,LUIZA PINHEIRO FERNANDES,N,2016,08
40762320000101,00015652670444,JAILSON SILVA DE MACEDO,N,2016,08
40762320000101,00043375456468,IVOLEDA SOARES DE MACEDO,N,2016,08
40769416000193,00052541533420,HUMBERTO CANTALICE DE ARAUJO,N,2016,08
40769416000193,00078519675468,LUCIANA NOBREGA DE ANDRADE CANTALICE,N,2016,08
40777690000104,00006532866431,JEFFSON GALVAO RODRIGUES,N,2016,08
40777690000104,00029738628415,ZULEIDE GOMES GALVAO,N,2016,08
40777690000295,00006532866431,JEFFSON GALVAO RODRIGUES,N,2016,08
40777690000295,00029738628415,ZULEIDE GOMES GALVAO,N,2016,08
40782468000108,00002740840403,ANDRE LUIZ JOSE GALVAO MATIAS,N,2016,08
40782468000108,00017209595449,FRANCISCO MATIAS,N,2016,08
40787152000109,00010593969472,VICENTE DE PAULO AVELINO SOBRINHO,N,2016,08
40787152000109,00010764135449,ELSAMAR BATISTA BARBOSA AVELINO,N,2016,08
40787152000109,00013084780463,MARIA DAS GRACAS DOS SANTOS AVELINO,N,2016,08
40792210000184,00015039803400,PEDRO JEREMIAS FERNANDES NETO,N,2016,08
40792210000184,00015051978487,MARIA LOURDETE DA SILVEIRA FERNANDES,N,2016,08
40796146000371,00006291315467,IGOR RIBEIRO JACOME,N,2016,08
40796146000371,00009522358460,ANA CLAUDIA RIBEIRO JACOME,N,2016,08
40796153000101,00048074926400,FRANCISCO LINS SOBRINHO,N,2016,08
40796153000101,00066402735434,MARIA NEUSA DOS SANTOS LINS,N,2016,08
40803645000187,00001613820453,ALDO CLEMENTE DE ARAUJO,N,2016,08
40803645000187,00010607285400,ZILMA FERNANDES DE ARAUJO,N,2016,08
40811101000167,00009738250498,WALLACE LUIZ LINHARES DE ARAUJO JUNIOR,N,2016,08
40811101000167,00042328209491,WBIRANILTON LINHARES DE ARAUJO,N,2016,08
40994501000155,00002966816104,JOSE ERIVALDO FERREIRA DE MOURA,N,2016,08
40994501000155,00065530705472,DAURA MOREIRA MOURA,N,2016,08
40996472000160,00007966434400,JOAO ANTONIO MOREIRA SILVA,N,2016,08
40996472000160,00015077128472,MARIA DAS GRACAS PESSOA DA COSTA,N,2016,08
44021095000103,00001079302425,TEMISTOCLIS CEZAR XAVIER,N,2016,08
44021095000103,00002200710801,ROMILDO GONCALVES DA SILVA,N,2016,08
60409075015770,00001361598778,LUIZ MARCELO DE CARVALHO LIMA MELCHIOR,N,2016,08
60409075015770,00004228627897,JOSE FLAVIO AROUCHE DE SOUZA,N,2016,08
60409075015770,00015796246852,MARCO ANTONIO GRAZIANO CUSTODIO,N,2016,08
60409075015770,00023184419878,BERNHARD MICHAEL JOST,N,2016,08
60409075015770,00023402068800,PEDRO JUAN OLIVA RODRIGUEZ,N,2016,08
60409075015770,00023598384823,LIBERATO MILO,N,2016,08
60409075015770,00023737721831,LUIS ANGEL GARCIA PRIETO,N,2016,08
60409075015770,00023881240187,MARCELO MAIA DO NASCIMENTO,N,2016,08
60409075015770,05497900000100,NESTLE S.A,N,2016,08
60409075015770,33036849000174,SOCOPAL SOCIEDADE COMERCIAL DE CORRETAGEM DE SEGUROS E DE PA,N,2016,08
60619202001209,00026175606434,DAMIAO TEOFILO DE SOUZA,N,2016,08
70024955000164,00000856798444,ISABELLE VELUCIA DIAS DE ARAUJO,N,2016,08
70024955000164,00031197884491,ARY TOMAZ DE ARAUJO FILHO,N,2016,08
70026240000140,00040620735449,ANA BEATRIZ DE CARVALHO WANDERLEY,N,2016,08
70026240000140,00046618945453,FLAVIO CARVALHO DANTAS WANDERLEY,N,2016,08
70027479000135,00001224548477,DIEGO DE PAIVA PESSOA,N,2016,08
70027479000135,00005705753462,DENNIS DE PAIVA PESSOA,N,2016,08
70030416000138,00043023630453,JOSE GILMARIO DE CARVALHO,N,2016,08
70030416000138,00048950572400,WILSON LEITE DUARTE JUNIOR,N,2016,08
70030416000138,00076242676400,JOSE SOARES DE SOUSA FILHO,N,2016,08
70038880000170,00027266451434,WELLINGTON RODRIGUES FERNANDES,N,2016,08
70038880000170,00046506209453,WINSTON RODRIGUES FERNANDES,N,2016,08
70042429000399,00004410394487,EXPEDITO IVO BATISTA,N,2016,08
70042429000399,00009606998487,MARIA LEIDE DIAS DA COSTA BATISTA,N,2016,08
70042429001794,00004410394487,EXPEDITO IVO BATISTA,N,2016,08
70042429001794,00009606998487,MARIA LEIDE DIAS DA COSTA BATISTA,N,2016,08
70046685000192,00015531520425,MARIA CILENE DE ALMEIDA,N,2016,08
70046685000192,00023089776472,CASCIMIRO FRANCISCO NETO,N,2016,08
70047188000109,00020114885400,ADIVIO FERNANDES DA SILVA,N,2016,08
70047188000109,00024147257453,SELMA BATISTA DE ARAUJO E SILVA,N,2016,08
70141742000112,00010668446404,RITA DA SILVA,N,2016,08
70141742000112,00023109122472,EDILSON ALVES DE OLIVEIRA,N,2016,08
70141908000109,00065524128434,JOSE LAERCIO DA CUNHA,N,2016,08
70141908000109,00070368376400,MANOEL LAUDIMI DA CUNHA,N,2016,08
70147822000185,00010335217443,GABRIELLE ALESSANDRA MACIEL SILVA,N,2016,08
70147822000185,00037887580404,JOSE MARINALDO DA SILVA,N,2016,08
70162029000155,00000838382444,POLLYANA GOMES DE AZEVEDO,N,2016,08
70162029000155,00027470695400,JOSE ADONIAS DE AZEVEDO,N,2016,08
70164710000132,00045052590482,SEVERINO RAMOS DE VASCONCELOS FILHO,N,2016,08
70164710000132,00067004032434,SANDRA VALERIA BARBOSA DE VASCONCELOS,N,2016,08
70166350000299,00030697832449,EDUARDO DE OLIVEIRA CARLOS DA SILVA,N,2016,08
70166350000299,00039012786487,RICARDO DE OLIVEIRA CARLOS DA SILVA,N,2016,08
70166350000299,00083990895400,ELIANE DE OLIVEIRA CARLOS DA SILVA FREIRE,N,2016,08
70309885000190,00001019338431,ALANOR MEDEIROS FILHO,N,2016,08
70309885000190,00002740741413,ALYSSON AZEVEDO DE MEDEIROS,N,2016,08
70309885000190,00067113710468,ALDENOR AZEVEDO MEDEIROS,N,2016,08
70309885000190,00091526248468,ALDEIZA AZEVEDO DE MEDEIROS,N,2016,08
70313697000136,00014300176434,FRANCISCO ASSIS DE LIMA,N,2016,08
70313697000136,00031672175453,HOSANA MARIA DE MEDEIROS,N,2016,08
70315106003347,00001263282423,ROSEMBERG DE OLIVEIRA DANTAS,N,2016,08
70315106003347,00046067540797,RUBENS GUILHERME DANTAS,N,2016,08
70316179000176,00012711055434,JOSE ALBERTO NOVAIS DA SILVA BARBOSA,N,2016,08
70316179000176,00040704580420,REJANE MARTINS NOVAIS BARBOSA,N,2016,08
70320528000123,00026950413300,UBIRAJARA CARDOSO MIRANDA,N,2016,08
70320528000123,00093810300497,MARIJARA CUNHA MOURA MIRANDA,N,2016,08
70321492000100,00090365810444,FRANCISCO ANTONIO DE OLIVEIRA,N,2016,08
79719613000133,00014777614468,GUIMAR ALVES DA SILVA,N,2016,08
93209765043274,00005920548886,CLEBER EUGENIO VOELZKE,N,2016,08
93209765043274,00006977619830,FLAVIO FIGUEIRA COTINI,N,2016,08
93209765043274,00010500482888,ALEXANDRE MARQUES ESPER,N,2016,08
93209765043274,00013362357806,LIVIA CRISTINA DE AZEVEDO MOTTA E SILVA,N,2016,08
93209765043274,00023557327876,BERNARDO JORGE GARCIA PERLOIRO,N,2016,08
93209765043274,00045652074000,DANIEL GROSS GARCIA,N,2016,08
93209765043274,18646277000151,"BRAZIL SEGUNDO, LLC",N,2016,08
93209765043274,30621687000143,BOMPRECO DO BRASIL PARTICIPACOES S.A.,N,2016,08
97543205000155,00007626708431,IDAYANE ARAUJO CASSIANO,N,2016,08
97543205000155,00007626787471,ALDEMIR LOPES GALVAO JUNIOR,N,2016,08
