socio_cnpj_cpf_emitente,socio_cpf_socio_emitente,socio_nome_socio,socio_eh_adm,ano_nota,mes_nota
00474300001346,00005954844844,CARLO PORRO,N,2018,06
00474300001346,00006351160812,LUIZ ROBERTO MALDONADO BARCELOS,N,2018,06
00474300001346,00012558704869,RICHARD AUGUST MULLER,N,2018,06
00474300001346,00041392400406,MARCONI CLIMACO DE LIMA,N,2018,06
00474300001346,06138654000162,HIGH QUALITY SOCIEDAD ANONIMA,N,2018,06
00474300001346,10741987000159,FAMOSA PARTICIPACOES S/A,N,2018,06
00496632000198,00003164949413,JACQUELINE SERAFIM DOS SANTOS,N,2018,06
00496632000198,00007570856287,MARIA DA CONCEICAO SERAFIM DOS SANTOS,N,2018,06
00593058000196,00009637486453,IVANILDO PEREIRA DE AZEVEDO,N,2018,06
00593058000196,00079114288400,MARIA LIDIA DE SOUZA PEREIRA,N,2018,06
00622097000174,00048130192420,JORGE GODEIRO MASSUD,N,2018,06
00713399000158,00046539255420,ALDENOR WELLINGTON N DOS SANTOS,N,2018,06
00800611000114,00000064730409,KLEYBER TINOCO DE ANDRADE,N,2018,06
00800611000114,00023125080444,WAGNER TINOCO DE ANDRADE,N,2018,06
00870515000223,00002006111434,MORVANILDO DOS SANTOS MEDEIROS,N,2018,06
00870515000223,00052960048415,MARIA DE FATIMA DE AZEVEDO MEDEIROS DE ARAUJO,N,2018,06
00891024000188,00002280474476,FRANCISCA DAS CHAGAS NOBREGA DE ANDRADE,N,2018,06
00891024000188,00078519136400,JOSE ANTONIO NETO,N,2018,06
01115454000170,00000833207415,WALTER BYRON DORE,N,2018,06
01115454000170,00003385219418,MARCEL BERNARDO FONTES DORE,N,2018,06
01115454000170,00010622047434,WALTER BYRON DORE JUNIOR,N,2018,06
01115454000170,00016199448472,ROBERT SIDNEY DORE,N,2018,06
01115454000170,00028205561400,ANTONIO CHAVES CABRAL,N,2018,06
01115454000170,00049887793434,STANLEY LUIZ DORE,N,2018,06
01115454000170,00087800012468,FABIO DORE DA SILVA MAGALHAES,N,2018,06
01122617000142,00001986953491,MANOEL FELICIANO MAIA DE SOUZA,N,2018,06
01122617000142,00067145752468,ROBERTO SHELMAN DE SOUZA,N,2018,06
01122617000142,00070220735468,RICARDO SHELMAN DE SOUZA,N,2018,06
01122617000142,00091405017449,MARILIA SHELMAN DE SOUZA,N,2018,06
01170738000160,00000745930484,FRANCISCA HERCINA LEITE,N,2018,06
01170738000160,00002008262472,JOSE RIBAMAR LEITE,N,2018,06
01184984000170,00020204078415,MARIA OLIVEIRA DE MEDEIROS,N,2018,06
01184984000170,00049011570430,JOAO BATISTA,N,2018,06
01274126000117,00053029968715,TERESA CRISTINA RODRIGUES ALVES,N,2018,06
01274126000117,00066999421749,ANTONIO MARCOS RODRIGUES ALVES,N,2018,06
01299396000182,00001532218443,FRANCISCO HUGO AIRES NUNES,N,2018,06
01299396000182,00010865250430,FRANCISCO DAS CHAGAS NUNES,N,2018,06
01587150000106,00002285807490,NADJA PATRICIA DE LIMA FREDERICO,N,2018,06
01587150000106,00002794507451,ALLAN GLEYSON DE LIMA FREDERICO,N,2018,06
01611859000280,00062630202453,POLIANA MARA DE GOES CUNHA FERNANDES,N,2018,06
01611859000280,00072217740482,ROBINSON MARIUS DE GOES CUNHA,N,2018,06
01653918000100,00020039514404,JOAQUIM FERNANDES NETO,N,2018,06
01653918000100,00042255627434,ANA MARCIA SANTOS DE SOUZA FERNANDES,N,2018,06
01663156000115,00002154512445,VERUSKA LORY GOIS OLIVEIRA DE ARAUJO,N,2018,06
01911115000109,00053086082453,ELIAS MACEDO DE MEDEIROS,N,2018,06
02004602000142,00043023630453,JOSE GILMARIO DE CARVALHO,N,2018,06
02004602000142,00076242676400,JOSE SOARES DE SOUSA FILHO,N,2018,06
02037818000104,00003983282423,SABRINA NOGUEIRA CABRAL,N,2018,06
02037818000104,00091574579487,IVANILDO NERES DA SILVA,N,2018,06
02070623000166,00002240716452,NARY SEMONE DE FREITAS,N,2018,06
02070623000166,00070291187404,EDILENE FERREIRA DE AQUINO FREITAS,N,2018,06
02185406000111,00006781769499,ANTONIO JARDSON SILVA DE FREITAS,N,2018,06
02185406000111,00009664931411,LEILIANNY NADJA RIBEIRO ROCHA FREITAS,N,2018,06
02363498000182,00057457603468,ILENILDO JACOME DE OLIVEIRA,N,2018,06
02363498000182,00085268216449,ALEXANDRA LUCIO OLIVEIRA JACOME,N,2018,06
02374149000166,00006126754409,RITA DE KARCIA DOS SANTOS VALE,N,2018,06
02374149000166,00053817796404,SOSTENES DE OLIVEIRA VALE,N,2018,06
02440676000121,00009640797472,RITA DE CASSIA DO NASCIMENTO BARBOSA,N,2018,06
02440676000121,00019923902404,ANTONIO FELIX BARBOSA FILHO,N,2018,06
02442808000154,00070423326449,MARCELO CAETANO DE LEMOS,N,2018,06
02519646000105,00059622717420,CESAR HENRIQUE COUTINHO DE MEDEIROS,N,2018,06
02519646000105,00085086070406,RACHEL DUARTE AZEVEDO DE MEDEIROS,N,2018,06
02620622000148,00004510385412,ARMISTRONG GLEIDSON DE MEDEIROS VALE,N,2018,06
02620622000148,00015594637400,VALDIR VALE DE ARAUJO,N,2018,06
02625717000154,00000953871452,VITOR NOBREGA DE PAIVA ALVES,N,2018,06
02625717000154,00006377486464,ARMANDO BEZERRA NOBREGA DE PAIVA,N,2018,06
02625717000154,00020035152400,ARMANDO NOBREGA DE PAIVA,N,2018,06
02625717000154,00059560819453,MARIA ISIS NOBREGA DE PAIVA,N,2018,06
02636262000172,00001369219490,PEDRO VICTOR NOLASCO MOREIRA MAIA,N,2018,06
02636262000172,00028232216468,JORGE MOREIRA MAIA NETO,N,2018,06
02715754000153,00006091841483,DAVID DA SILVA ARAUJO,N,2018,06
02715754000153,00008600896495,DIEGO DA SILVA ARAUJO,N,2018,06
02727729000190,00063883600415,ANAIRES PAIVA DA SILVA BEZERRA,N,2018,06
02795690000148,00002837251410,MARIA GORETE PEREIRA DA COSTA VASCO,N,2018,06
02795690000148,00079087809468,BENTO DE LIMA VASCO,N,2018,06
02800122000198,00000742176401,ISABEL FERNANDES DE ARAUJO,N,2018,06
02800122000198,00001988867487,JOSE BEZERRA DE ARAUJO,N,2018,06
02830307000226,00004030500498,GUILHERME DE ALMEIDA DA FONTE,N,2018,06
02830307000226,00004613970482,EDUARDO DOURADO DA FONTE,N,2018,06
02830307000226,00023277823415,CELEIDA EULINA DE ALMEIDA DA FONTE,N,2018,06
02830307000226,00065582101349,MARIA CECILIA BEZERRA CAVALCANTI DA FONTE,N,2018,06
02830307000226,00079769853372,MARIANA BEZERRA CAVALCANTI DA FONTE,N,2018,06
02838633000107,00005592794428,GILBERTO ELOY ANDRADE JUNIOR,N,2018,06
02838633000107,00005902408466,WALESKA FLORENCIO DE OLIVEIRA ANDRADE,N,2018,06
02867473000116,00000752466437,JOANITA TEIXEIRA DE LIRA POTIGUAR,N,2018,06
02867473000116,00035818018415,SEVERINO MOACIR DANTAS POTIGUAR JUNIOR,N,2018,06
02867473000116,00042951429487,JOACIR LIRA POTIGUAR,N,2018,06
02874539000103,00001023811430,JOSE LAUIR FERREIRA DA SILVA FILHO,N,2018,06
02874539000103,00020160003415,MARIA COUTO DE MENEZES DA SILVA,N,2018,06
02874640000156,00082933090406,FRANCISCA FRASSINETE D G SANTOS,N,2018,06
03034090000120,00033662185415,GILMAR DOS SANTOS ARAUJO,N,2018,06
03034090000120,00085285978491,VERA LUCIA DE SOUZA,N,2018,06
03152420000181,00066387140404,ANTONIO GENIVAN DE OLIVEIRA,N,2018,06
03152420000181,00066387612420,FRANCISCO GEILSON DE OLIVEIRA,N,2018,06
03209454000165,00006973981453,FERNANDO ANTONIO MARINHO PEREIRA,N,2018,06
03209454000165,00085049948487,ANA LUCIA SOARES PEREIRA,N,2018,06
03224567000130,00008628599487,ANTONIO ALVINO DE SOUZA NETO,N,2018,06
03224567000130,00031506941400,ALZIR LISBOA DE AQUINO SOUZA,N,2018,06
03248805000147,00004942674450,JUCILENE PAULINA DE QUEIROZ,N,2018,06
03271641000179,00000762675470,KLEIBER FLAVIO SILVA COSTA,N,2018,06
03271641000179,00000762676442,KLEYTON FABIO SILVA COSTA,N,2018,06
03271641000179,00010697616487,JOSAFA ARAUJO DA COSTA,N,2018,06
03276046000126,00057006890497,MARIVAUDO MEDEIROS DE ARAUJO,N,2018,06
03276046000126,00065083385449,FRANCENILDA DANTAS DE MEDEIROS,N,2018,06
03319496000159,00005654519441,SAULO CEZAR DE ARAUJO,N,2018,06
03319496000159,00083738657487,MAGNUS SOARES DA COSTA,N,2018,06
03338081000122,00007426993400,IGOR DE SA LEITAO PINHEIRO DE GOUVEIA,N,2018,06
03338081000122,00019973330404,ZARA DE SA LEITAO PINHEIRO DE GOUVEIA,N,2018,06
03462662000171,00002647008485,EMIKSON FABIO HENRIQUE BARRETO,N,2018,06
03462662000171,00010669086487,MARIA GORETH HENRIQUE GODEIRO BARRETO,N,2018,06
03462662000171,00020063709449,JOSE NILSON BARRETO,N,2018,06
03468606000144,00056510365120,FRANCISCO DE ASSIS BEZERRA DE LI,N,2018,06
03470629000193,00013092855434,LUIZ BEZERRA DE SOUZA,N,2018,06
03470629000193,00063238926349,RICARDO MEDEIROS DE SOUZA,N,2018,06
03524050000166,00001359321497,MARILIA MEDEIROS DE MENDONCA BEZERRA,N,2018,06
03524050000166,00008858110463,LUZIA FRANCISCA MEDEIROS DE MENDONCA,N,2018,06
03612070000199,00015055671491,JOSE VALE DE MENEZES,N,2018,06
03612070000199,00027524884168,MARIA GERALDA DOS SANTOS VALE,N,2018,06
03647696000130,00005009227487,FRANCISCO GENILDO CRUZ,N,2018,06
03647696000130,00007684088491,MARIA DE FATIMA FREITAS CRUZ,N,2018,06
03653650000124,00003094997473,JOSE CARLOS DA SILVA PEREIRA,N,2018,06
03756642000103,00002697710426,ALMAQUIO SOARES NETO,N,2018,06
03756642000103,00070077892429,ARTHUR TORQUATO FERNANDES SOARES,N,2018,06
03954830000308,00014375362472,IVO NILSON LOPES DE MEDEIROS,N,2018,06
03954830000308,00020084234415,MARIA DO SOCORRO COSTA DE MEDEIROS,N,2018,06
03954830000499,00014375362472,IVO NILSON LOPES DE MEDEIROS,N,2018,06
03954830000499,00020084234415,MARIA DO SOCORRO COSTA DE MEDEIROS,N,2018,06
03954830000731,00014375362472,IVO NILSON LOPES DE MEDEIROS,N,2018,06
03954830000731,00020084234415,MARIA DO SOCORRO COSTA DE MEDEIROS,N,2018,06
03954830002432,00014375362472,IVO NILSON LOPES DE MEDEIROS,N,2018,06
03954830002432,00020084234415,MARIA DO SOCORRO COSTA DE MEDEIROS,N,2018,06
04385537000178,00037819402415,MARIA APARECIDA DE SOUSA OLIVEIRA,N,2018,06
04385537000178,00079136311472,GERHARD MULLER CARLOS TOMAS,N,2018,06
04385909000166,00048138002468,ALEXANDRE TORRES BARBALHO,N,2018,06
04385909000166,00091534690468,LENILDE TORRES GALVAO BARBALHO,N,2018,06
04451626000175,00018232450487,CLETO FERREIRA,N,2018,06
04451626000175,00041327330415,ANA MARIA PINHEIRO FERREIRA,N,2018,06
04451626000337,00018232450487,CLETO FERREIRA,N,2018,06
04451626000337,00041327330415,ANA MARIA PINHEIRO FERREIRA,N,2018,06
04457498000177,00087790769472,LADGERDE LOPES FERNANDES,N,2018,06
04471402000125,00000938449486,WAGNER MENDONCA EBARA,N,2018,06
04471402000125,00011995670944,PEDRO TAKUO EBARA,N,2018,06
04471402000125,00092606008553,EVERTON MENDONCA EBARA,N,2018,06
04471402000125,00092689248549,GILDO MENDONCA EBARA,N,2018,06
04508969000129,00010856790478,TULIO DE OLIVEIRA GOMES,N,2018,06
04540064000136,00083745130472,PAOLA FRASSINETTI GARCIA DA COSTA,N,2018,06
04540064000136,00083788344415,GEILSON MONTEIRO DE ALMEIDA SILVA,N,2018,06
04629001000150,00011400831474,MARIA ALICE LOPES VIDAL TRINDADE,N,2018,06
04629001000150,00065273907420,MARIA DE LOURDES LOPES VIDAL,N,2018,06
04652899000188,00059774800400,JOSE VASCONCELOS DA ROCHA JUNIOR,N,2018,06
04652899000188,00090402693434,ANA EMILIA TRIGUEIRO CAVALCANTI DA ROCHA,N,2018,06
04661568000104,00000989432432,MAISON WANDORTHE DE FONTES REGO,N,2018,06
04661568000104,00001333014430,CHARLES DEAN DE FONTES REGO,N,2018,06
04661568000104,00002467961460,NORAYDE JANAINA DE FONTES REGO BARRETO,N,2018,06
04661568000104,00010726225487,FRANCISCO XAVIER DO REGO,N,2018,06
04666364000166,00002853233421,GLEIDE MARIA DA SILVA MEDEIROS,N,2018,06
04666364000166,00059765615434,MARIA LUIZA E SILVA MARTINS,N,2018,06
04679119000193,00000848782402,SANDRA REJANE DA SILVA MOURA,N,2018,06
04679119000193,00042132797404,RENILSON NERY DE MOURA,N,2018,06
04701515000170,00002343755400,TASLA CAPISTRANO GONZAGA MENDES,N,2018,06
04701515000170,00003603888413,THAISA CAPISTRANO GONZAGA DE ANDRADE,N,2018,06
04701515000170,00029773300463,MARIA ILZA DA CONCEICAO CAPISTRANO,N,2018,06
04701515000170,00085215473404,JANDIRA CAPISTRANO GONZAGA,N,2018,06
04701515000170,00085215570434,THIAGO CAPISTRANO GONZAGA,N,2018,06
04702107000132,00008896011434,MILSON LIMA DA SILVA,N,2018,06
04731614000102,00056549407400,RENATO MELO TRIGUEIRO,N,2018,06
04731614000102,00065529472400,FLAVIO VARELA DE CARVALHO,N,2018,06
04770238000157,00000871330407,RODRIGO QUEIROZ CANDIDO,N,2018,06
04770238000157,00007631367434,AGNELO CANDIDO DO NASCIMENTO,N,2018,06
04770238000157,00017613523420,ALBERTO PEREIRA NASCIMENTO,N,2018,06
04770238000157,00039014584415,MARIA DE LOURDES PEREIRA NASCIMENTO,N,2018,06
04770238000157,12613006000113,TRANSNACIONAL TRANSPORTE NACIONAL DE PASSAGEIROS LTDA,N,2018,06
04805345000173,00079160395400,JOZILMA MARIA DE CARVALHO,N,2018,06
04839900000188,00014375362472,IVO NILSON LOPES DE MEDEIROS,N,2018,06
04839900000188,00020084234415,MARIA DO SOCORRO COSTA DE MEDEIROS,N,2018,06
04839900000340,00014375362472,IVO NILSON LOPES DE MEDEIROS,N,2018,06
04839900000340,00020084234415,MARIA DO SOCORRO COSTA DE MEDEIROS,N,2018,06
04839900000501,00014375362472,IVO NILSON LOPES DE MEDEIROS,N,2018,06
04839900000501,00020084234415,MARIA DO SOCORRO COSTA DE MEDEIROS,N,2018,06
04839900000773,00014375362472,IVO NILSON LOPES DE MEDEIROS,N,2018,06
04839900000773,00020084234415,MARIA DO SOCORRO COSTA DE MEDEIROS,N,2018,06
04839900000854,00014375362472,IVO NILSON LOPES DE MEDEIROS,N,2018,06
04839900000854,00020084234415,MARIA DO SOCORRO COSTA DE MEDEIROS,N,2018,06
04958358000263,00058289151420,ELISIEL UBIRAJARA MARQUES,N,2018,06
04958358000263,00066502705472,RONALDO ARAUJO DOS SANTOS,N,2018,06
04982974000179,00002360203401,GILSON GOMES DE MEDEIROS,N,2018,06
04987374000101,00003204632490,MARTA MESSIAS DE MESQUITA,N,2018,06
04987374000101,00006988230440,MAXKSON MESSIAS DE MESQUITA,N,2018,06
05009904000100,00004743503477,TUTOVAN DA SILVA MORAES,N,2018,06
05112922000104,00002734105470,ADRIANO PAIVA DE MELO,N,2018,06
05112922000104,00039493180468,DJALMA ALBUQUERQUE CARNEIRO DA CUNHA,N,2018,06
05140795000157,00006724713455,SAMUEL RODRIGO SOUZA DE SALES,N,2018,06
05140795000157,00015081613487,JOSE LUCAS DE SALES,N,2018,06
05140795000238,00006724713455,SAMUEL RODRIGO SOUZA DE SALES,N,2018,06
05140795000238,00015081613487,JOSE LUCAS DE SALES,N,2018,06
05146374000133,00002328539408,GERALDO ANDERSON MOREIRA FEITOSA,N,2018,06
05195530000156,00002769726439,RAILSON BENEDITO FERREIRA,N,2018,06
05195530000156,00055942342415,CLEONICE FELIPE DOS SANTOS,N,2018,06
05211683000140,00004212546450,PAULO CEZAR ALVES DE ARAUJO,N,2018,06
05211683000140,00005223255488,MARIA ELIZANGELA DA CUNHA DE ARAUJO,N,2018,06
05303455000108,00047388676449,PEDRO BRUNO DE SOUTO,N,2018,06
05369850000185,00002690961407,JOAO EDSON SOARES,N,2018,06
05369850000185,00087851075491,MAXMILIANO ANDRADE DE MENDONCA,N,2018,06
05412154000104,00005352825400,ANDRE DE VASCONCELOS CAMPELO,N,2018,06
05412154000104,00042848350415,GERALDO HENRIQUE CAMPELO FILHO,N,2018,06
05434625000185,00077936922415,IVAN FRANCISCO ROCHA,N,2018,06
05452665000150,00005638211403,CARLA CAROLINE RODRIGUES DE SOUZA,N,2018,06
05452665000150,00063127660472,PEDRO GILSON DE SOUZA,N,2018,06
05524500000146,00044343833453,MAURIBERTO FREIRE DIAS,N,2018,06
05524500000146,00096612959487,DEISE JANOVITZ GOMES DIAS,N,2018,06
05587520000328,00005083696495,ANTONIO PAIVA FERNANDES FILHO,N,2018,06
05587520000328,00008296605422,LUANA LORENA DE OLIVEIRA SOUZA,N,2018,06
05587629000101,00004768516459,KAROLINE VASCONCELOS BEZERRA,N,2018,06
05660173000150,00001215658400,RICARLIANE SILVA DOS SANTOS,N,2018,06
05660173000150,00002488245461,RENATA SILVA DOS SANTOS,N,2018,06
05676120000127,00003091671402,ANA LIVIA QUEIROZ ALMEIDA LIMA,N,2018,06
05676120000127,00009027056447,JEFFERSON DA SILVA,N,2018,06
05676120000127,00023062681420,MARIA DE LOURDES ARAUJO DE LIMA,N,2018,06
05772773000100,00004648696417,JUAREZ FERNANDES DE QUEIROZ NETO,N,2018,06
05772773000100,00004648701437,WILSON RODRIGUES FERNANDES JUNIOR,N,2018,06
05777741000105,00003032521467,MARINA SOARES GURGEL,N,2018,06
05777741000105,00004133166450,SAMARA CARDOSO DE SOUZA,N,2018,06
05818747000175,00001016600496,LUANA BATISTA DE MACEDO LACET,N,2018,06
05818747000175,00008766777402,WERNECK LIMA DE CARVALHO FILHO,N,2018,06
05823100000131,00001023811430,JOSE LAUIR FERREIRA DA SILVA FILHO,N,2018,06
05823100000131,00001311946403,LARISSA MARIA MENEZES DA SILVA,N,2018,06
05981186000120,00035724633434,ALDEMIR GUEDES REGO,N,2018,06
05981186000120,00072311002449,NAGMACILENE MAIA REGO,N,2018,06
06004897000108,00003588028498,MARIA JANAINA VASCONCELOS DE AMORIM,N,2018,06
06004897000108,00095219218549,FRANKLIN DOUGLAS VASCONCELOS DE AMORIM,N,2018,06
06053724000180,00081292180463,ELENILSON AUGUSTINHO,N,2018,06
06098753000168,00028670221420,FRANCISCO HERMANO QUEIROZ CAVALCANTI,N,2018,06
06098753000168,00052767361468,OTAVIO BEZERRA DO REGO BARROS,N,2018,06
06098753000168,00066512034449,ROBERTO MORCOURT DO REGO BARROS,N,2018,06
06098753000168,00082864888491,LEONARDO VIDAL BARBOSA,N,2018,06
06098753000320,00028670221420,FRANCISCO HERMANO QUEIROZ CAVALCANTI,N,2018,06
06098753000320,00052767361468,OTAVIO BEZERRA DO REGO BARROS,N,2018,06
06098753000320,00066512034449,ROBERTO MORCOURT DO REGO BARROS,N,2018,06
06098753000320,00082864888491,LEONARDO VIDAL BARBOSA,N,2018,06
06198597000107,00027187322453,FRANCISCA SOLANGE DE SOUSA COSTA,N,2018,06
06198597000107,00053410505504,JOSE PEREIRA DA COSTA JUNIOR,N,2018,06
06231164000106,00005714556461,JIVAGDA RAMONNA FERREIRA DOS SANTOS,N,2018,06
06231164000106,00010255271433,LUCIO FLAVIO GARCIA DE ARAUJO NETO,N,2018,06
06281452000175,00037935810478,ARNALDO BEZERRA DA COSTA,N,2018,06
06912821000180,00001191224481,MARIA ADEILMA NUNES,N,2018,06
06912821000180,00048229628491,EDINALDO NUNES DE LIMA,N,2018,06
06990440000110,00005688128402,FLAVIANO GOMES DA SILVA,N,2018,06
06990440000110,00007299692406,LUCIANA MAURICIO DE OLIVEIRA SILVA,N,2018,06
07010513000122,00075195739404,LUZIVAM LINO DO NASCIMENTO,N,2018,06
07010513000122,00082910588491,ALVANA MAGALY ALVES DE SOUZA LINO,N,2018,06
07018761000110,00004966573483,THIAGO BRAGA WANDERLEY,N,2018,06
07018761000110,00078594863420,ROGERIO BEZERRA TINOCO,N,2018,06
07019741000163,00003422932496,EUNICE LEITE SILVA,N,2018,06
07019741000163,00004570018440,MARIA EUNICE LEITE SILVA,N,2018,06
07039495000101,00001311946403,LARISSA MARIA MENEZES DA SILVA,N,2018,06
07039495000101,00006465830426,ELIAS JACOB DE MENEZES NETO,N,2018,06
07039495000101,00006891979420,MARIO SOARES DA SILVA NETO,N,2018,06
07081522000104,00073887005449,LUIS CARLOS ANDRADE,N,2018,06
07081522000104,00094292574472,ANTONIO PINTO DA COSTA,N,2018,06
07096443000177,00004078903436,UZIEL BARBOSA DE FRANCA,N,2018,06
07096443000177,00006945436837,VAGNER CICCARELLI,N,2018,06
07109510000140,00002102460495,PATRICIA DE MEDEIROS,N,2018,06
07109510000140,00072122528400,ETELVINO PATRICIO DE MEDEIROS,N,2018,06
07114802000171,00001677924403,ALEXANDRE CESAR BATISTA DE MORAIS FILHO,N,2018,06
07114802000171,00003828543499,ROMEIKA DE MORAIS COSTA BATISTA,N,2018,06
07114802000171,00064288455472,JOSE RONALDO DE MORAIS COSTA,N,2018,06
07116969000848,00001152351400,GENIVAN JOSUE BATISTA,N,2018,06
07116969000848,28862538000124,JARDIM PARTICIPACOES LTDA,N,2018,06
07147050000145,00037878042420,CELIA DE MEDEIROS DANTAS PIRES FERREIRA,N,2018,06
07147050000145,00040568296400,HUMBERTO DANTAS PIRES FERREIRA,N,2018,06
07194915000124,00050304135453,JANETE MEDEIROS DE AZEVEDO OLIVEIRA,N,2018,06
07194915000124,00087744279468,EDINEIDE AZEVEDO DE OLIVEIRA,N,2018,06
07197718000916,00001342550382,NERTAN DE MELO RIBEIRO,N,2018,06
07197718000916,00056053363391,ANDRE LEAO RIBEIRO,N,2018,06
07197718000916,00077836715353,PABLO LEAO RIBEIRO,N,2018,06
07209477000120,00049834231415,MILTON  EZEQUIEL FONSECA FILHO,N,2018,06
07209477000120,00050070940487,PATRICIA TAVARES AFONSO FONSECA,N,2018,06
07212081000132,00002269019474,JOSE MOURA DE CARVALHO NETO,N,2018,06
07212081000132,00003418452485,NEZILDA DE ARAUJO DANTAS,N,2018,06
07262134000120,00056572492400,SONIA MARIA DOS SANTOS,N,2018,06
07262134000120,00077901797487,RAIMUNDO FREIRE DA SILVA,N,2018,06
07305986000157,00001697767435,JOSEILSON DANTAS DE MEDEIROS,N,2018,06
07305986000157,00002689583437,SEBASTIAO DE AZEVEDO DANTAS,N,2018,06
07321125000162,00040709540400,CLAUDIA DOMINGUES DA CUNHA,N,2018,06
07321125000162,00052525597400,FABIO LUIS LOPES DA CUNHA,N,2018,06
07326826000194,00030296773468,CARLOS ALBERTO DA CUNHA,N,2018,06
07326826000194,00040562697420,EDILMA MARIA FERNANDES,N,2018,06
07355441000155,00048939161491,BISMARCK MAGNUS DA SILVA,N,2018,06
07355441000155,00081323662472,LADJANE LOPES FRANCA MAGNUS,N,2018,06
07443696000170,00001416623442,RUDA FERNANDES PEREIRA,N,2018,06
07443696000170,00001416624414,SACHA FERNANDES PEREIRA,N,2018,06
07443696000170,00001416625496,SANDI FERNANDES PEREIRA,N,2018,06
07443696000170,00066455707400,LEILA MARIA FERNANDES AUGUSTO,N,2018,06
07448838000191,00023119098434,FRANCISCO CARLOS DIAS CAMPOS,N,2018,06
07448838000191,00072186062704,JOSE ZENILDO DIAS CAMPOS,N,2018,06
07501423000134,00005545621466,NUBIA ALVES DA SILVA,N,2018,06
07501423000134,00006648239476,LEONARDO ALVES DA SILVA,N,2018,06
07509062000172,00001215658400,RICARLIANE SILVA DOS SANTOS,N,2018,06
07509062000172,00002488245461,RENATA SILVA DOS SANTOS,N,2018,06
07518668000174,00008079507422,RAIMUNDO VICTOR FERNANDES CRUZ,N,2018,06
07518668000174,00048062260410,NAIR PAULA FERNANDES CRUZ,N,2018,06
07518668000255,00008079507422,RAIMUNDO VICTOR FERNANDES CRUZ,N,2018,06
07518668000255,00048062260410,NAIR PAULA FERNANDES CRUZ,N,2018,06
07519899000100,00005068812455,LILIAN EMMANUELE MANICOBA GONCALVES,N,2018,06
07519899000100,00059785985415,FRANCISCO GENILSON DA SILVA,N,2018,06
07543171000106,00020207930406,ERINALDO MEDEIROS DE OLIVEIRA,N,2018,06
07543171000106,00022932720449,ANTONIO GALINHA DE MEDEIROS,N,2018,06
07552997000131,00007417433456,ERIKA CARVALHO DE SOUSA,N,2018,06
07552997000131,00057025819468,ZELIA MARIA COSME CARVALHO,N,2018,06
07610338000104,00001434103340,MARILIA CAMPOS PESSOA NOGUEIRA,N,2018,06
07610338000104,00011636918441,NICOLAS CAMPOS NOGUEIRA,N,2018,06
07612031000142,00031598188453,EDINA MARIA BARBOSA DA SILVA ALMEIDA,N,2018,06
07693730000164,00004418847413,SIMONIDA QUEIROZ LOPES,N,2018,06
07693730000164,00085159972404,SILNEI DE QUEIROZ LOPES,N,2018,06
07807635000144,00002403377430,LUCILENE JUSTINO DANTAS,N,2018,06
07807635000144,00009222896467,IAGO VITOR DANTAS PEREIRA,N,2018,06
07887781000127,00001148936408,EMICARLA LIMA DANTAS DE AZEVEDO,N,2018,06
07887781000127,00002253919454,JUDENILDO KELLY FERNANDES DE AZEVEDO,N,2018,06
07939638000131,00002011423414,JOSE JEOMAR DE MEDEIROS,N,2018,06
07939638000131,00004168881431,MAXIMO WAGNER PEREIRA DE MACEDO,N,2018,06
07969641000106,00053761910444,MARQUIDONES VALAMIRA FERNANDES,N,2018,06
07969641000106,00056688946491,CLAUDIA MARIA DA COSTA FERNANDES,N,2018,06
07986555000101,00072197692453,ANTONIA EDNA SIMAO DO NASCIMENTO BEZERRA,N,2018,06
07986555000101,00073815527449,JOSE EDMO BEZERRA,N,2018,06
07991017000105,00000762675470,KLEIBER FLAVIO SILVA COSTA,N,2018,06
07991017000105,00000762676442,KLEYTON FABIO SILVA COSTA,N,2018,06
07991017000288,00000762675470,KLEIBER FLAVIO SILVA COSTA,N,2018,06
07991017000288,00000762676442,KLEYTON FABIO SILVA COSTA,N,2018,06
08005241000135,00002589532415,JOSE FERNANDES BEZERRA,N,2018,06
08005241000135,00022937838472,MARIA ANTONIA BEZERRA,N,2018,06
08010923000136,00000900738430,MARILENE MARIA MEDEIROS CRUZ,N,2018,06
08010923000136,00004189905496,RENATA SUZANA DE MEDEIROS CRUZ,N,2018,06
08010923000136,00004544920493,NARA MAIRA DE MEDEIROS CRUZ,N,2018,06
08040982000157,00001124609415,LEONILDES MARCOLINO DA COSTA,N,2018,06
08040982000157,00015461467415,CARLOS ALBERTO FREIRE DA COSTA,N,2018,06
08086001000102,00020019939434,NEWTON UCHOA DE ARAUJO,N,2018,06
08086001000102,00046681019404,FRANCINEIDE MAURA UCHOA DE ARAUJO,N,2018,06
08090078000156,00000775007412,DENIO ALVES DE OLIVEIRA,N,2018,06
08090078000156,00002828448487,JOSE ALVES NETO,N,2018,06
08090078000156,00096932350459,MARIA AUGUSTA DE OLIVEIRA ALVES,N,2018,06
08091529000170,00005940614400,FRANCISCO DAS CHAGAS PEREIRA DA SILVA,N,2018,06
08091529000170,00036496910430,FRANCISCO GINETE ANDRADE,N,2018,06
08130668000165,00005684650406,HAZENCLEVE FREIRE DE MEDEIROS,N,2018,06
08130668000165,00028230779449,DORALICE FREIRE DE MEDEIROS,N,2018,06
08130668000165,00037643240400,JOANA DARC FREIRE DE MEDEIROS,N,2018,06
08149593000164,00002614219487,JOSE MARIA DE OLIVEIRA,N,2018,06
08149593000164,00079086721400,LUIS GONZAGA OLIVEIRA CARVALHO,N,2018,06
08222085000164,00003980102858,ELIETE ROCHA DANTAS,N,2018,06
08222085000164,08222085000164,ELETRO TECNICA INTERLAGOS IND. E COM. LTDA,N,2018,06
08226870000195,00002869986459,GIORGIA ANTONIA MACEDO GONCALVES,N,2018,06
08226870000195,00005680638487,FRANCISCO OTAVIO GONCALVES,N,2018,06
08226870000195,00065523121487,FRANCISCO LOPES DE MACEDO NETO,N,2018,06
08238974000110,00001012769402,ADRIANO ROBERTO ARAUJO DE AZEVEDO,N,2018,06
08238974000110,00014378205491,PEDRO CAMPOS DE AZEVEDO,N,2018,06
08248403000166,00001161784420,JOSE AMADEU VALE,N,2018,06
08248403000166,00081364105420,MARIA GIZELDA DE MEDEIROS VALE,N,2018,06
08248403000247,00001161784420,JOSE AMADEU VALE,N,2018,06
08248403000247,00081364105420,MARIA GIZELDA DE MEDEIROS VALE,N,2018,06
08248965000290,00001164392468,NELSON LUCAS PIRES,N,2018,06
08248965000290,00008987607470,LUCAS VICTOR PIRES,N,2018,06
08248965000290,00040576531472,NELSON LUCAS PIRES JUNIOR,N,2018,06
08252868000190,00048229601453,ALBERTO CARLOS PINHEIRO GONCALVES,N,2018,06
08252868000190,00072166738400,GEISA GONCALVES CAMARA PINHEIRO,N,2018,06
08285124000172,00002530376468,FERNANDO ALBINO RODRIGUES,N,2018,06
08285124000172,00065470524434,HENRIQUE SODRE RODRIGUES,N,2018,06
08285124000334,00002530376468,FERNANDO ALBINO RODRIGUES,N,2018,06
08285124000334,00065470524434,HENRIQUE SODRE RODRIGUES,N,2018,06
08286262000176,00046672559434,KLEIBER ANTUNES FURTADO JUNIOR,N,2018,06
08286262000176,00093874022404,MARIA DO SOCORRO FURTADO,N,2018,06
08293840000100,00013913567801,MARIA DE LOURDES GUEDES SILVA,N,2018,06
08293840000100,00042251400400,FRANCISCO DAS CHAGAS SILVA,N,2018,06
08326720000153,00001167006453,JOSEBEL DA COSTA CIRNE,N,2018,06
08326720000153,00002358221406,FABSON LIRA CIRNE,N,2018,06
08326720000153,00003039123408,RICARDO LIRA CIRNE,N,2018,06
08326720000153,00037885928420,SERGIO ROBERTO DE MEDEIROS CIRNE,N,2018,06
08326720000153,00083729283472,MARIA DE FATIMA LIRA CIRNE,N,2018,06
08326720000153,00089816218453,GERLIZA LIRA CIRNE GASPAR,N,2018,06
08328395000834,00013056514487,JOAQUIM TARCISIO CAMARA FLOR,N,2018,06
08328395000834,00013912844453,TANIA MARIA FLOR RIBEIRO,N,2018,06
08328395000834,00014063654400,TULIO MAURICIO CAMARA FLOR,N,2018,06
08328395000834,00022133755420,THELMA MARIA FLOR ALENCAR,N,2018,06
08328395000834,00033651981487,TATIANA MARIA FLOR GUEDES,N,2018,06
08328395000834,00035758643491,TERCIO CAMARA FLOR,N,2018,06
08328395000834,00036998842449,TARCIO HENRIQUE CAMARA FLOR,N,2018,06
08328395000834,00037848585468,TANILDA MARIA CAMARA FLOR FREITAS,N,2018,06
08328395000834,00056585721420,MARIA DE LOURDES CAMARA FLOR,N,2018,06
08345621000119,00001210402408,CAMILA GOMES FERNANDES DE SOUZA,N,2018,06
08345621000119,00001210941465,CAROLINE GOMES FERNANDES DE SOUZA,N,2018,06
08345621000119,00003554335401,ENIO GOMES FERNANDES DE SOUZA,N,2018,06
08345621000119,00003796507468,FRANCISCO FERNANDES DE SOUZA,N,2018,06
08345621000119,00009048138434,MARIA DA CONCEICAO FERREIRA GOMES DE SOUZA,N,2018,06
08345698000199,00003524633412,KELY REGINA DAS CHAGAS MEDEIROS,N,2018,06
08363806000156,00007606877491,GUSTAVO ANTONIO CABRAL BEZERRA,N,2018,06
08363806000156,00037878425434,JOSETE CABRAL BEZERRA,N,2018,06
08378366000100,00000364452404,JERONIMO NOGUCHI DE GOIS ROSADO,N,2018,06
08378366000100,00002015846468,IZAURA ARUZA DE GOIS ROSADO,N,2018,06
08378366000100,00002985761476,JERONIMO NOGUCHI DE GOIS ROSADO FILHO,N,2018,06
08378366000100,00009482075404,JERONIMO ALEXANDER DE GOIS ROSADO,N,2018,06
08378366000100,00081361939400,NEIDE DA FROTA ROSADO,N,2018,06
08385213000190,00000749347406,AILA AYRES NERY,N,2018,06
08385213000190,00002378816405,ALEA AIRES NERY SALUSTIANO,N,2018,06
08385213000190,00076207030478,ALEX AYRES NERY,N,2018,06
08385809000190,00006919223490,CAIO SERGIO DAMASCENO DE ARAUJO,N,2018,06
08385809000190,00010680462449,ROBERTO SERGIO DE ARAUJO,N,2018,06
08399054000183,00005721806168,ROBSON DE MACEDO VIEIRA,N,2018,06
08399054000183,00038006634491,THELMA LUCIA CHAGAS DE MACEDO,N,2018,06
08412520000385,00001993720472,ROBERTO WILLIAM MONTENEGRO,N,2018,06
08412520000385,00037894706434,VERA LUCIA MONTENEGRO,N,2018,06
08412520000385,00082839123487,EMANUELLE MONTENEGRO BEZERRA,N,2018,06
08412520000385,00082839158434,MICHELLE MONTENEGRO DE SOUZA,N,2018,06
08412520000385,00082839182491,IGOR MONTENEGRO,N,2018,06
08459968000192,00040555186415,ENIO RICARDO SINEDINO DE OLIVEIR,N,2018,06
08459968000192,00072112603434,MICHELLE ALVES SINEDINO DE OLIVEIRA,N,2018,06
08505026000101,00048410624834,ANEZIO MARQUES DE SOUZA,N,2018,06
08505026000101,00085271420400,MARIA IRLETE NUNES DE SOUZA,N,2018,06
08505901000147,00033614920410,JOSIVALDO CLEMENTE DE OLIVEIRA,N,2018,06
08505901000147,00087804603487,MARIA NIVALDA DE OLIVEIRA,N,2018,06
08505901000147,08399834000123,ALVARO DE OLIVEIRA & CIA LTDA,N,2018,06
08546773000180,00000896196410,CLAUDIA JAQUELINY NUNES FERNANDES,N,2018,06
08546773000180,00077942167453,JOHN LENNON FERNANDES LIMA,N,2018,06
08547432000129,00005117305434,HUGO NOBRE CABRAL,N,2018,06
08547432000129,00018236766420,LEA BARBOSA CABRAL,N,2018,06
08547432000200,00005117305434,HUGO NOBRE CABRAL,N,2018,06
08547432000200,00018236766420,LEA BARBOSA CABRAL,N,2018,06
08547432000552,00005117305434,HUGO NOBRE CABRAL,N,2018,06
08547432000552,00018236766420,LEA BARBOSA CABRAL,N,2018,06
08547432000633,00005117305434,HUGO NOBRE CABRAL,N,2018,06
08547432000633,00018236766420,LEA BARBOSA CABRAL,N,2018,06
08547432000803,00005117305434,HUGO NOBRE CABRAL,N,2018,06
08547432000803,00018236766420,LEA BARBOSA CABRAL,N,2018,06
08547432001010,00005117305434,HUGO NOBRE CABRAL,N,2018,06
08547432001010,00018236766420,LEA BARBOSA CABRAL,N,2018,06
08553216000196,00003947289472,MARIA CABRAL DE ALBUQUERQUE,N,2018,06
08553216000196,00015672778453,CORINA CABRAL DE ALBUQUERQUE,N,2018,06
08553216000196,00031203248415,JOSE CABRAL DE ALBUQUERQUE,N,2018,06
08563934000143,00003036832440,JOSE DOS SANTOS PINHEIRO DA SILVA JUNIOR,N,2018,06
08563934000143,00087765942468,ANDRE CIRILO DE OLIVEIRA PINHEIRO,N,2018,06
08576605000137,00005375446405,FRANCISCO EDILSON XAVIER REBOUCAS SEGUNDO,N,2018,06
08576605000137,00013014110434,FRANCISCO EDILSON XAVIER REBOUCAS,N,2018,06
08576605000137,00022978712449,LINDONETE MARIA MOURA ROCHA REBOUCAS,N,2018,06
08578106000189,00010684840472,JOSE DANTAS DA COSTA,N,2018,06
08578106000189,00018267955453,SOPHIA DANTAS DA NOBREGA,N,2018,06
08578106000189,00051314517449,GERALDO DANTAS DA COSTA,N,2018,06
08692063000168,00019944578487,MARIA ZENI MARINHO MOREIRA,N,2018,06
08692063000168,00027543579472,RAIMUNDO LUCAS MOREIRA,N,2018,06
08692584000115,00042240603453,FLORACI CASSIANO DA SILVA,N,2018,06
08713513000151,00003203131404,JOSE MUNIZ UCHOA,N,2018,06
08713513000151,00042291712420,GLAUBER CAVALCANTE UCHOA,N,2018,06
08713513000151,00067147232453,GLEYBER CAVALCANTE UCHOA,N,2018,06
08713513000151,00072298235449,EDIZIA CAVALCANTE DE BRITO UCHOA,N,2018,06
08733671000173,00026128195415,ADJACIRA SOBREIRA DE CASTRO TEIXEIRA,N,2018,06
08883446000113,00008965947421,ALLYSON BERGSON FERNANDES DE MEDEIROS,N,2018,06
08883446000113,00046594370430,LUIZ JURANDIR DE MEDEIROS,N,2018,06
08883446000113,00079113583468,JUVANIRA FERNANDES DE MEDEIROS,N,2018,06
08940206000103,00063874067491,FREDIANO JALES ROSADO,N,2018,06
08940206000103,00079247806453,GREGORIO JALES ROSADO,N,2018,06
08940466000189,00005964171443,JOABEL DE ARAUJO MEDEIROS,N,2018,06
08940466000189,00020238290468,JOSE MEDEIROS,N,2018,06
08960264000107,00000792596420,SANDRA MARIA DANTAS DE MEDEIROS,N,2018,06
08960264000107,00039920038253,LUIS CARLOS GONCALVES DE OLIVEIRA,N,2018,06
08975531000101,00030275504204,ADRIANA DE FATIMA SILVA BELEM,N,2018,06
08975531000101,00059778350434,SIUMARA BERGMANN,N,2018,06
09109547000102,00014383780415,PEDRO NASCIMENTO DE PAIVA FERNANDES,N,2018,06
09114091000160,00000333700449,JOAO SILVEIRA GUIMARAES FILHO,N,2018,06
09114091000160,00001064278493,TOMAS SILVEIRA GUIMARAES FILHO,N,2018,06
09114091000160,00005073879457,MARIANA MEIRA GUIMARAES,N,2018,06
09114091000160,00020343701472,TOMAS SILVEIRA GUIMARAES,N,2018,06
09114091000160,00033829233434,LUIS SERGIO SILVEIRA GUIMARAES,N,2018,06
09114091000160,00039567915415,SAIONARA MARIA SILVEIRA GUIMARAES,N,2018,06
09114091000160,00062152114434,CHARLES PEREIRA SILVEIRA,N,2018,06
09114091000160,00088487644449,BIANCA PEREIRA SILVEIRA FILGUEIRAS NOGUEIRA,N,2018,06
09117186000138,00009286482493,IAGO CARLOS BRITO MORAIS,N,2018,06
09117186000138,00032870779453,RUIVAN CARLOS MORAIS,N,2018,06
09117268000182,00022989528415,SUEUDO BESSA REGIS,N,2018,06
09117268000182,00031507166400,IVANSUEUDO BESSA REGIS,N,2018,06
09117268000182,00049055240400,RAIMUNDA BESSA FREITAS,N,2018,06
09124474000110,00042379300410,FRANCISCO MANOEL FERREIRA DO NASCIMENTO,N,2018,06
09124474000110,00045649928487,EDNA BULHOES DO NASCIMENTO,N,2018,06
09125154000265,00000734893442,HELENA CIRNE LEITE,N,2018,06
09125154000265,00008596476415,MARIA NEIDE PEREIRA CIRNE,N,2018,06
09125154000265,00022198822415,HENRIQUE LUIZ DA COSTA CIRNE,N,2018,06
09125154000265,00036566772472,GEORGE DA COSTA CIRNE,N,2018,06
09125154000265,00067177840400,LUIZ DA COSTA CIRNE JUNIOR,N,2018,06
09125154000265,00072111895415,HELOISA DA COSTA CIRNE FELINTO,N,2018,06
09147818000106,00031704476372,JERONIMO DIXNEUF ROSADO MAIA NETO,N,2018,06
09147818000106,00083892028400,SINGRIDE PALMIRA MARCELINO ROSADO,N,2018,06
09162487000183,00001704705479,FRANCISCO XAVIER DE OLIVEIRA NETO,N,2018,06
09162487000183,00005070669443,MARIA EDINETE PEREIRA DA SILVA,N,2018,06
09178339000157,00002843112435,PEDRO FELIX DE MEDEIROS NETO,N,2018,06
09178339000157,00004680980460,NICACIA ARAUJO DA ROSA MEDEIROS,N,2018,06
09226892000118,00000957990448,VANDILSOM MOURA SILVA - ME,N,2018,06
09226892000118,00005095592479,VALERIA DE MOURA SILVA,N,2018,06
09246769000169,00002035939445,JEANE DANTAS DO NASCIMENTO,N,2018,06
09246769000169,00004136551487,FRANCISCO JACOME SARMENTO,N,2018,06
09266128000338,00004791004469,ARTHUR GUSTAVO VAZ TOLENTINO,N,2018,06
09266128000338,00006346740482,PAULO RONALDO TOLENTINO,N,2018,06
09363802000130,00034202536487,JOSE MEDEIROS DANTAS,N,2018,06
09363802000130,00036991066400,ANGELA MARIA DE MEDEIROS,N,2018,06
09374422000100,00002483367461,WILSON JOSE FERREIRA,N,2018,06
09374422000100,00035803746487,RAIMUNDO MIGUEL FERREIRA FILHO,N,2018,06
09374422000100,00047615079420,MARIA DE ARAUJO FERREIRA,N,2018,06
09392341000205,00005011230325,SEVERINO RAMOS DE OLIVEIRA,N,2018,06
09392341000205,00051234980444,HELDER JANSEN RODRIGUES DE OLIVEIRA,N,2018,06
09392341000558,00005011230325,SEVERINO RAMOS DE OLIVEIRA,N,2018,06
09392341000558,00051234980444,HELDER JANSEN RODRIGUES DE OLIVEIRA,N,2018,06
09392341000981,00005011230325,SEVERINO RAMOS DE OLIVEIRA,N,2018,06
09392341000981,00051234980444,HELDER JANSEN RODRIGUES DE OLIVEIRA,N,2018,06
09416884000134,00001157416403,POMPEU TAVARES NETO SEGUNDO,N,2018,06
09416884000134,00007440847415,LUIS GONZAGA TAVARES NETO,N,2018,06
09459395000160,00002210973414,SANDRA FERNANDES DE MORAIS LOPES,N,2018,06
09459395000160,00056635699449,JOAO LOPES DA SILVA JUNIOR,N,2018,06
09459395000240,00002210973414,SANDRA FERNANDES DE MORAIS LOPES,N,2018,06
09459395000240,00056635699449,JOAO LOPES DA SILVA JUNIOR,N,2018,06
09500928000100,00083722610400,GONCALO JOAO SANTOS DE OLIVEIRA,N,2018,06
09500928000100,00091369444400,ELAINY CRISTINA SILVA FERNANDES OLIVEIRA,N,2018,06
09501742000175,00000794168450,JOSE TARCISIO DIOGENES JUNIOR,N,2018,06
09501742000175,00005086174481,SAVIO TARCIO GURGEL DIOGENES,N,2018,06
09501742000175,00010903579405,SAULLO RARYANO GURGEL DIOGENES,N,2018,06
09501742000175,00026073846487,ROSANGELA GURGEL DE OLIVEIRA DIOGENES,N,2018,06
09524685000140,00009288252304,JOSE AURINO ASEVEDO LOPES,N,2018,06
09524685000140,00021658684320,ISMENIA MACIEL SAMPAIO ASEVEDO,N,2018,06
09583389000110,00007489099404,LUZIA COUTO DE MENEZES,N,2018,06
09583389000110,00007574278474,DEMOSTENES FERREIRA DE MEDEIROS NETO,N,2018,06
10013417000142,00053767063468,RONNIE CEZAR FERNANDES SILVA,N,2018,06
10013417000142,00072158824468,CLEINO MARCOS FERNANDES BENTO,N,2018,06
10141376000170,00002837251410,MARIA GORETE PEREIRA DA COSTA VASCO,N,2018,06
10141376000170,00079087809468,BENTO DE LIMA VASCO,N,2018,06
10145847000118,00002925468403,FRANCISCO CANINDE DE LIMA,N,2018,06
10145847000118,00005235063414,FRANCISCO GILBERTO DE LIMA,N,2018,06
10293191000180,00001164196448,DANILO DUARTE COSTA E SILVA,N,2018,06
10293191000180,00005607336409,DANIEL DUARTE COSTA E SILVA,N,2018,06
10293191000180,00009810862415,FRANCISCO DAS CHAGAS SILVA,N,2018,06
10293279000100,00002740840403,ANDRE LUIZ JOSE GALVAO MATIAS,N,2018,06
10328834000184,00054953006534,ALBERTO SOBRAL DA SILVA,N,2018,06
10328834000184,00067171044491,LUIZ ALBERTO BARBALHO GALVAO,N,2018,06
10328834000184,00075147491449,GUSTAVO HENRIQUE BARBALHO GALVAO,N,2018,06
10449378000120,00004558174489,ADRIANA BEZERRA LOPES MEDEIROS,N,2018,06
10449378000120,00094270732415,ADRIANO OLIVEIRA DE MEDEIROS,N,2018,06
10493637000110,00002099426490,TEREZA DE FATIMA DA SILVA,N,2018,06
10606327000165,00006067683431,ANGELO MARCOS DE HOLANDA,N,2018,06
10606327000165,00007558157420,AIANNE MIKAELLY GONCALVES DE HOLANDA,N,2018,06
10641461000105,00036915017453,MARIA APARECIDA FERREIRA DE ARAUJO,N,2018,06
10641461000105,00087570637453,VALDENOR OTACILIO DA SILVA ARAUJO,N,2018,06
10653382000106,00006242540460,THIAGO VALDEVINO DE BARROS,N,2018,06
10653382000106,00008804344490,MARIA DA CONCEICAO MEIRELES PRIMO DE BARROS,N,2018,06
10655938000101,00067104622420,FAUSTO CAVALCANTE DA SILVA JUNIOR,N,2018,06
10655938000101,00079073727472,ADRIANA CARLA DE OLIVEIRA SOUZA CAVALCANTE,N,2018,06
10694602000140,00001010927418,RENATO ANDRE MENDONCA RODRIGUES,N,2018,06
10694602000140,00005186356433,RONALDO MARQUES RODRIGUES FILHO,N,2018,06
10700961000243,00000377295434,AMADEU VENANCIO DANTAS,N,2018,06
10700961000243,00001199757420,MANOEL VENANCIO DANTAS,N,2018,06
10700961000243,00018279376453,MANOEL VENANCIO DANTAS JUNIOR,N,2018,06
10700961000243,00026206935434,ILANA MARIA DANTAS SILVEIRA CRUZ,N,2018,06
10700961000243,00066417953491,IARA MARIA DANTAS DA COSTA,N,2018,06
10761839000104,00018185533415,JOAO ALBERTO ALVES TEIXEIRA,N,2018,06
10761839000104,00026128195415,ADJACIRA SOBREIRA DE CASTRO TEIXEIRA,N,2018,06
10790288000107,00002242077414,ELMA DANTAS DE MEDEIROS BRITO,N,2018,06
10790288000107,00002798835445,JAELSON DANTAS DE MEDEIROS BRITO,N,2018,06
10808409000192,00000939731444,CARLOS HENRIQUE CABRAL DE AZEVEDO,N,2018,06
10808409000192,00031586600400,JOAO MARIA AZEVEDO,N,2018,06
10822747000189,00002199259412,EDILTON DAMIAO DO REGO,N,2018,06
10822747000189,00039247783453,MARIA ELIENE QUEIROZ DA CUNHA,N,2018,06
10857970000161,00006720633449,MARIA DALVA DE MESQUITA DIAS,N,2018,06
10857970000161,00031573126420,FRANCISCO MESSIAS DIAS,N,2018,06
10863094000186,00000771676433,MARIA DE FATIMA COSTA DOS SANTOS,N,2018,06
10863094000186,00045547521434,SILVAN MARCONI LEITE,N,2018,06
10865178000159,00008753366476,ANA JOYCE MOREIRA AQUINO,N,2018,06
10865178000159,00084985224391,ALDEANE MELO MOREIRA,N,2018,06
10867569000102,00001148829407,CIPRIANO GOMES LOPES,N,2018,06
10867569000102,00006645600402,LUIZ CARLOS GOMES LOPES,N,2018,06
10871390000129,00000814108407,DANIEL KLAITON ROCHA DE LIRA,N,2018,06
10871390000129,00006598873479,DAYSE KALINE ROCHA DE LIRA,N,2018,06
10871390000129,00015553477468,FRANCISCO CANINDE DE LIRA,N,2018,06
10933739000100,00007264253465,MONINNE RAQUEL OLIVEIRA MORAIS,N,2018,06
10933739000100,00007391041440,DEIVID VIANA DE AQUINO,N,2018,06
10935655000105,00001949194477,ANA AUGUSTA DE LIMA PEIXOTO SOUSA,N,2018,06
10935655000105,00002830331427,CRISTOVAM REINALDO DE SOUSA FILHO,N,2018,06
10981924000170,00006111784439,MANUELLY MAKSON ARAUJO,N,2018,06
10981924000170,00070034090460,ELTON DA SILVA SANTOS,N,2018,06
11104294000118,00001224232402,CHARLES CARVALHO DA CUNHA,N,2018,06
11104294000118,00007381423448,GUSTAVO CRAWS DANTAS PEREIRA,N,2018,06
11133992000141,00009610111491,JOSE CARLOS SILVINO,N,2018,06
11133992000141,00089293738449,FABIO RANIERE SILVA,N,2018,06
11290066000180,00002978649470,RICARDO BRUNO SILVA DOS SANTOS,N,2018,06
11290066000180,00046534229404,FRANCINETE SILVA DOS SANTOS,N,2018,06
11473199000191,00002480147495,JAILMA SOARES DA SILVA,N,2018,06
11511020000143,00002259218474,CESAR CARLOS SILVEIRA MARIZ,N,2018,06
11511020000143,00073950203400,ROBERIO CAIAFFO CAVALCANTE ANDRADE,N,2018,06
11689133000133,00008789080483,MARIANA PINHEIRO DE ARAUJO,N,2018,06
11689133000133,00009241584416,HELOA D AVILLA NERY SERRA DANTAS,N,2018,06
11689133000133,00039382249400,GEOVANILDO PEREIRA DE ARAUJO,N,2018,06
11786813000175,00000887915566,JACIARA GONCALVES DA SILVA,N,2018,06
11786813000175,00006369763438,LUCIO FERNANDES DE ALBUQUERQUE JUNIOR,N,2018,06
11937778000148,00002215925477,MARILU TRINDADE DANTAS,N,2018,06
11937778000148,00009809589468,CLEODOMAR GREGORIO DANTAS,N,2018,06
11939808000155,00008569157428,CAMILO DE LELLIS DANTAS DE AMORIM,N,2018,06
11939808000155,00018249604415,ANTONIO GOMES DE AMORIM,N,2018,06
11940467000138,00002023024404,OTACILIO CACIANO DO NASCIMENTO,N,2018,06
11940467000138,00008192320413,LUIS HENRIQUE DE FRANCA GOMES,N,2018,06
11940467000138,00023448270482,JOSE REGINALDO GOMES,N,2018,06
11982113000660,00029749840453,AFRANIO FERREIRA DE MIRANDA FILHO,N,2018,06
11982113000660,00040648320430,LUCIANO DE SOUSA MIRANDA,N,2018,06
11982113000660,00046528210420,PAULO CESAR DE SOUSA MIRANDA,N,2018,06
11982113000660,00053910168434,SILVANA GOMES DE MIRANDA,N,2018,06
12018070000156,00001237930413,FRANCISCO GLAUBENIO FELIX DE OLIVEIRA,N,2018,06
12018070000156,00031655297449,ANTONIA JAIRES DE LIMA AGOSTINHO,N,2018,06
12055990000144,00000871828405,MARCOS ANTONIO NUNES,N,2018,06
12055990000144,00001156341426,ANA CRISTINA BRITO,N,2018,06
12058144000188,00001064957471,JOSE DE ANCHIETA GONCALVES DE ANDRADE JUNIOR,N,2018,06
12058144000188,00008797908495,ANDRE ALVES DA CRUZ,N,2018,06
12058144000188,00009221481476,RAFAEL LUCAS RODRIGUES,N,2018,06
12069785000138,00052366553404,ELDER DE SOUSA TAVARES,N,2018,06
12305387000173,00003525182430,RODRIGO FERNANDES DE CARVALHO,N,2018,06
12305387000173,00004644650447,EDUARDO FERNANDES DE CARVALHO,N,2018,06
12305387000173,00005916884419,FELIPE FERNANDES DE CARVALHO,N,2018,06
12305387000173,00009166947391,EDUARDO TAVARES DE CARVALHO,N,2018,06
12305387000173,00067185517400,FERNANDA FERNANDES DE CARVALHO,N,2018,06
12305387000173,40811440000143,PRONTOMEDICA PRODUTOS HOSPITALARES LTDA,N,2018,06
12328933000191,00002907964402,LEONARDO ALEXANDRE DA ROCHA,N,2018,06
12328933000191,00045135290400,KATIA COELLY VIRISSIMO DO NASCIMENTO ROCHA,N,2018,06
12528765000188,00004743790433,IVANILSON DOS SANTOS VERAS,N,2018,06
12528765000188,00041403517487,MARIA JOSE DOS SANTOS VERAS,N,2018,06
12648754000131,00020195737415,ANTONIO VIEIRA DA SILVA NETO,N,2018,06
12648754000131,00040580067491,ADELIA GURGEL VIEIRA,N,2018,06
12650057000115,00014627060459,RONALDO OLIVEIRA DE MACEDO,N,2018,06
12650057000115,00092939414815,JOSE WILTON DIBE GONDIM FILHO,N,2018,06
12686128000130,00001559085452,GABRIELE MARIELY BEZERRA DE OLIVEIRA,N,2018,06
12686128000130,00072050551487,ANA CLEA BEZERRA DE MEDEIROS,N,2018,06
12689295000215,00000988298406,WELLBERSON FLOR DE OLIVEIRA,N,2018,06
12689295000215,00005788039410,HUDYSON FLOR DE OLIVEIRA,N,2018,06
12689295000215,00008567921449,JAIRO ARAUJO DE OLIVEIRA,N,2018,06
12689295000215,00089798856449,MAXWELL FLOR DE OLIVEIRA,N,2018,06
12689295000304,00000988298406,WELLBERSON FLOR DE OLIVEIRA,N,2018,06
12689295000304,00005788039410,HUDYSON FLOR DE OLIVEIRA,N,2018,06
12689295000304,00008567921449,JAIRO ARAUJO DE OLIVEIRA,N,2018,06
12689295000304,00089798856449,MAXWELL FLOR DE OLIVEIRA,N,2018,06
12689295000568,00000988298406,WELLBERSON FLOR DE OLIVEIRA,N,2018,06
12689295000568,00005788039410,HUDYSON FLOR DE OLIVEIRA,N,2018,06
12689295000568,00008567921449,JAIRO ARAUJO DE OLIVEIRA,N,2018,06
12689295000568,00089798856449,MAXWELL FLOR DE OLIVEIRA,N,2018,06
12689295000720,00000988298406,WELLBERSON FLOR DE OLIVEIRA,N,2018,06
12689295000720,00005788039410,HUDYSON FLOR DE OLIVEIRA,N,2018,06
12689295000720,00008567921449,JAIRO ARAUJO DE OLIVEIRA,N,2018,06
12689295000720,00089798856449,MAXWELL FLOR DE OLIVEIRA,N,2018,06
12756805000149,00001172383413,CARLOS FILIPE LUZ MOURA,N,2018,06
12756805000149,00008878331449,CARLOS ALBERTO MOURA,N,2018,06
12967658000156,00006806454461,MELINNA GURJAO DE PAIVA,N,2018,06
12967658000156,00041364970406,CIMARIA GURJAO DE MORAIS PAIVA,N,2018,06
12980520000197,00002668529476,CADJA PEREIRA DE MELO,N,2018,06
12980520000197,00034173005415,CASSIO PEREIRA DE MELO,N,2018,06
12980520000197,00067178456434,CLEBSON PEREIRA DE MELO,N,2018,06
12980520000197,00087684373404,CLEDJA PEREIRA DE MELO RASTELLI,N,2018,06
12980520000359,00002668529476,CADJA PEREIRA DE MELO,N,2018,06
12980520000359,00034173005415,CASSIO PEREIRA DE MELO,N,2018,06
12980520000359,00067178456434,CLEBSON PEREIRA DE MELO,N,2018,06
12980520000359,00087684373404,CLEDJA PEREIRA DE MELO RASTELLI,N,2018,06
13060597000101,00008214350433,SANDERSON CORTEZ DE QUEIROZ,N,2018,06
13060597000101,00027690172415,FRANCISCA LUCIMAR LIMA E SILVA,N,2018,06
13140950000163,00002323760424,JOSIANE FELIPE DOS SANTOS,N,2018,06
13140950000163,00002769726439,RAILSON BENEDITO FERREIRA,N,2018,06
13180055000172,00042240603453,FLORACI CASSIANO DA SILVA,N,2018,06
13180055000172,00085070599453,MAZILENE FERNANDES DE LIMA SILVA,N,2018,06
13190056000106,00046049096449,VALDECI TEIXEIRA JALES,N,2018,06
13190056000106,00070154112453,EDILEUSA TEIXEIRA JALES,N,2018,06
13228559000115,00002659567492,VICTOR SIRUFFO DE CARVALHO,N,2018,06
13228559000115,00002744733482,SANZIA PATRICIA DE SOUZA SIRUFFO,N,2018,06
13318135000141,00001769252444,JOYCE VIEIRA DE MEDEIROS,N,2018,06
13318135000141,00026376736807,ROSIELHE GADELHA VIEIRA,N,2018,06
13384932000127,00005195912408,JANAINA BATISTA DA SILVA,N,2018,06
13587119000154,00008984451401,VERUSSIA CARLA ROCHA DE FARIAS,N,2018,06
13626917000148,00001409491439,JULIO CEZAR MOREIRA DOS SANTOS JUNIOR,N,2018,06
13626917000148,00043904459104,SAMUEL BORGES PONTE,N,2018,06
13781754000178,00001404591460,ANDREIA LAYSE ADOLFO DA SILVA,N,2018,06
13781754000178,00054370302749,SEVERINO MANOEL ADOLFO,N,2018,06
13781754000178,22862359000100,ADOLFO & ADOLFO PARTICIPACOES LTDA,N,2018,06
13815612000184,00004674320402,SUZY MARIA CARLOS COSTA,N,2018,06
13815612000184,00004674323410,JOANA EMANOELLY CARLOS COSTA,N,2018,06
13824401000108,00072227869453,MARIA DE FATIMA BORGES,N,2018,06
13824401000108,00073630241468,JOCIELLY SABINO DE MORAIS,N,2018,06
13839092000140,00003204632490,MARTA MESSIAS DE MESQUITA,N,2018,06
13839092000140,00006988230440,MAXKSON MESSIAS DE MESQUITA,N,2018,06
13938876000125,00063402882434,MIGUEL SOARES DE MOURA,N,2018,06
13938876000125,00067306896415,ERONEIDE ZACARIAS DA COSTA,N,2018,06
13988229000128,00006023001424,DJAILSON BEZERRA DE ARAUJO,N,2018,06
13988229000128,00081301286400,EVERALDO COSTA DA SILVA JUNIOR,N,2018,06
14147973000243,00002756655422,MARIA DJENANE DA SILVA,N,2018,06
14147973000243,00079711464349,LUIZ CLEDSON LINS DE AQUINO,N,2018,06
14289024000117,00004711490477,EDIVANIA MARIA FELIX FERNANDES,N,2018,06
14289024000117,00005256558404,GENARIO FERNANDES DA SILVA,N,2018,06
14296822000176,00005428537442,JAMIELLE MARIA DO NASCIMENTO BATISTA DE SOUZA,N,2018,06
14296822000176,00079194818487,ROSELHO DE SOUZA,N,2018,06
14428827000105,00049827731491,ROMUALDO TORRES BEZERRA JUNIOR,N,2018,06
14428827000105,00079153348400,ERINEIDE ELAINE DA SILVA TORRES,N,2018,06
14951662000151,00035764473420,BRUNO DE MENEZES LYRA,N,2018,06
14951662000151,00077921291449,PATRICIA PACHECO DE MELO LYRA,N,2018,06
15160493000102,00058289151420,ELISIEL UBIRAJARA MARQUES,N,2018,06
15160493000102,00066502705472,RONALDO ARAUJO DOS SANTOS,N,2018,06
15243774000110,00001190427460,FABIANE SOARES DE QUEIROZ,N,2018,06
15243774000110,00008252579485,MURILO KENNEDY RADEMAKER DE SOUSA SOARES,N,2018,06
15274770000108,00006748858488,RAYANE CRISTINA DE OLIVEIRA BARBOZA,N,2018,06
15274770000108,00091393434487,LINDOMAR BARBOZA DE MORAIS,N,2018,06
16585268000172,00002715215460,ADRIANO DA SILVA DANTAS,N,2018,06
16585268000172,00006383593412,CARLOS ALBERTO DA SILVA DANTAS,N,2018,06
16611590000129,00005520528411,RAFAEL ALMEIDA DE FREITAS,N,2018,06
16611590000129,04988852000190,TOPPLANT COMERCIO DE MUDAS LTDA,N,2018,06
16676833000107,00001265089418,MESAQUE MARINHO COSTA,N,2018,06
16676833000107,00007975283428,FRANCISCA ROSALBA DE SOUZA MENEZES SILVA,N,2018,06
16693177000150,00009924573439,MARCELO TAVARES AFONSO FONSECA,N,2018,06
16737759000191,00006324712478,CIMARA CRISTIANE DOS SANTOS,N,2018,06
16737759000191,00007705029464,JARLEIDE SUELY MEDEIROS DA SILVA,N,2018,06
16783593000140,00035758643491,TERCIO CAMARA FLOR,N,2018,06
16783593000140,00050073940410,MARTA CUNHA DE PAIVA MARQUES FLOR,N,2018,06
16826043000160,00004470265420,ELIAS SIM�ES DE ARA�JO,N,2018,06
16826043000160,00007496400491,MARISETE FERNANDES BEZERRA FONTES,N,2018,06
16909633000157,00001404591460,ANDREIA LAYSE ADOLFO DA SILVA,N,2018,06
16909633000157,00054370302749,SEVERINO MANOEL ADOLFO,N,2018,06
16909633000157,22862359000100,ADOLFO & ADOLFO PARTICIPACOES LTDA,N,2018,06
17003117000121,00000900963476,JOSE MARIA VITORIANO DA SILVA,N,2018,06
17003117000121,00070423057448,GLEFFERSON DA ROCHA LIMA,N,2018,06
17089599000184,00000978911423,HENRIQUE BONIFACIO DE MORAIS,N,2018,06
17089599000184,00073647861472,REGINALDO LINHARES DO NASCIMENTO,N,2018,06
17199619000170,00002978649470,RICARDO BRUNO SILVA DOS SANTOS,N,2018,06
17199619000170,00010614075432,FERNANDA PAULA MARQUES DA FONSECA,N,2018,06
17320267000169,00003501929870,OSMAR FELIPE DOS SANTOS,N,2018,06
17320267000169,00043973181829,ISABELLA CROISFELT SANTOS,N,2018,06
17481539000102,00006092799120,TARCISIO AUGUSTO GONCALVES NATAL,N,2018,06
17506079000120,00053046005415,LUIZ SOARES DE LIMA,N,2018,06
17506079000120,00073747696449,MARIA RODRIGUES DA SILVA,N,2018,06
17514152000105,00005992322426,CLAUDIO HENRIQUE DA SILVA CARNEIRO,N,2018,06
17514152000105,00028916859468,JOSE CLAUDIONOR DA SILVA,N,2018,06
17570889000145,00005476066489,JOSE RADAMES FERNANDES MALHEIRO,N,2018,06
17570889000145,00045540829468,LUIZA PINHEIRO FERNANDES,N,2018,06
17640366000128,00006792523470,JACIARA DOS SANTOS GALVAO,N,2018,06
17640366000128,00008232460431,LUIS HENRIQUE SIQUEIRA DE ARAUJO LIMA,N,2018,06
18303935000102,00049061070449,RITA MARIA DAS CHAGAS,N,2018,06
18303935000102,00085268232487,EDNARDO FERREIRA DAS CHAGAS,N,2018,06
18359586000574,00012063983372,FRANCISCO HAROLDO CARVALHO MAPURUNGA,N,2018,06
18359586000574,00049643355349,CARLOS HAROLDO NOGUEIRA DE VASCONCELOS,N,2018,06
18457707000197,00001805261460,GABRIEL DELANNE MARINHO FILHO,N,2018,06
18457707000197,00002718347490,RANIERY GUSTAVO TEIXEIRA,N,2018,06
18457707000197,00029888204491,JOSE CARLOS CORREIA DE MELO,N,2018,06
18596214000138,00006123052446,LUIZE ARAUJO COUTINHO,N,2018,06
18596214000138,00007358000498,LILIAN ARAUJO COUTINHO,N,2018,06
18596214000138,00052346285404,GERANIZE MARIA DE ARAUJO,N,2018,06
18630298000189,00006720633449,MARIA DALVA DE MESQUITA DIAS,N,2018,06
18630298000189,00031573126420,FRANCISCO MESSIAS DIAS,N,2018,06
18647472000104,00001211166465,LARISSA ANNE FIGUEIREDO NELSON,N,2018,06
18738375000119,00041415680400,LIGIA REGINA CARLOS LIMEIRA,N,2018,06
18738375000119,00042272939449,JARBAS ANTONIO DA SILVA BEZERRA,N,2018,06
18738375000119,00047336099300,TANIA MARIA DE OLIVEIRA PATRICIO,N,2018,06
18779857000117,00006808877416,ADRIANO COUTINHO DA SILVA,N,2018,06
18779857000117,00091482798468,JOSE ROGERIO MONTEIRO,N,2018,06
18893260000107,00005390340450,FRANCISCO FERNANDES FRANCA JUNIOR,N,2018,06
18893260000107,00005601195420,PRISCILLA DE MENDONCA TEIXEIRA FRANCA,N,2018,06
19157075000109,00003562963424,EDIVAM GONCALVES DE QUEIROZ,N,2018,06
19157075000109,00012885309865,MANACELIO VICENTE SAMPAIO DE AQUINO,N,2018,06
19210207000119,00008476704496,NICOLAS DANTAS DA CUNHA,N,2018,06
19210207000119,00053816285449,LYBIA MARIA DE ARAUJO,N,2018,06
19414509000290,00031604510463,GILENO CACHINA,N,2018,06
19414509000290,00059029218991,TULIO FERREIRA MARTINS,N,2018,06
19414509000290,00066874033972,JAIRTON TAVARES,N,2018,06
19784478000188,00002980503401,FRANCISCO LINDOZENILDO FERNANDES DE AQUINO,N,2018,06
19881198000198,00036905860468,ARISTOTELES DE VASCONCELOS NETO,N,2018,06
19881198000198,00065486552491,JOSE LIDERZIO FERREIRA DE VASCONCELOS JUNIOR,N,2018,06
20103659000180,00049827731491,ROMUALDO TORRES BEZERRA JUNIOR,N,2018,06
20229352000120,00008983172401,THAIS MENEZES DE OLIVEIRA,N,2018,06
20401459000104,00001181622417,DAVID CACHINA BARRETO,N,2018,06
20401459000104,00002319274448,BARBARA CACHINA BARRETO,N,2018,06
20532051000171,00005924550419,DEIVIDY ALVES DA SILVA,N,2018,06
20532051000171,00006122391441,ANA ISABEL DE LIMA CAVALCANTE,N,2018,06
21255865000179,00020281919453,PAULO MANUEL DE MELO,N,2018,06
21592905000178,00005186356433,RONALDO MARQUES RODRIGUES FILHO,N,2018,06
21592905000178,00006150704424,LARISSA GIFFONI DE MEDEIROS NUNES PINHEIRO RODRIGUES,N,2018,06
21675852000159,00001194525458,ANA JUSSARA FEITOSA SOARES,N,2018,06
21675852000159,00090456700463,FRANCISCO DE ALCIR DOS SANTOS,N,2018,06
21709263000144,00005894086400,FABIO CESAE PEREIRA VALE,N,2018,06
21709263000144,00007386564457,MATHEUS VINICIUS SANTOS BEZERRA,N,2018,06
21869689000165,00001085970400,MARIA RAQUEL MEDEIROS,N,2018,06
21869689000165,00087367033468,EDMILSON ALVES DA SILVA FILHO,N,2018,06
22216720000202,00006291315467,IGOR RIBEIRO JACOME,N,2018,06
22216720000202,00009522358460,ANA CLAUDIA RIBEIRO JACOME,N,2018,06
22902573000143,00009261024432,GILSON TORRES DOS SANTOS LIMA NETO,N,2018,06
22902573000143,00067300260497,JOAO DUARTE DOS SANTOS LIMA NETO,N,2018,06
22903950000169,00004361194475,JOAO PAULO PINHO CABRAL,N,2018,06
22903950000169,00020162235453,EVERALDO DE MEDEIROS VIANA,N,2018,06
23200679000168,00004770275471,ELION ROSA DE FARIAS,N,2018,06
23200679000168,00005270795450,ERICO ROSA DE FARIAS,N,2018,06
23231914000169,00049827731491,ROMUALDO TORRES BEZERRA JUNIOR,N,2018,06
23303897000128,00000059109432,ROSANA DA SILVA MARIZ,N,2018,06
23303897000128,00049011570430,JOAO BATISTA,N,2018,06
23446094000122,00001162895462,SUNEY SOARES DE SOUZA,N,2018,06
23446094000122,00006119482490,LAIS PAULA DE MEDEIROS CAMPOS AZEVEDO,N,2018,06
23761095000161,00001677696427,LUCAS FREITAS VIANA,N,2018,06
23761095000161,00028473073894,EVANIO LIMA GONCALVES,N,2018,06
24013715000147,00002260938400,JORGE AMERICO CARLOS DE OLIVEIRA,N,2018,06
24013715000147,00094143560453,MARNE HUMMEL,N,2018,06
24206617000207,00004752797437,RODRIGO AUGUSTO DE OLIVEIRA,N,2018,06
24206617000207,00009437223491,MARCONDES AUGUSTO DE OLIVEIRA,N,2018,06
24206617000207,00021561605468,MARIA LUCIA DE OLIVEIRA FARIAS,N,2018,06
24206617000398,00004752797437,RODRIGO AUGUSTO DE OLIVEIRA,N,2018,06
24206617000398,00009437223491,MARCONDES AUGUSTO DE OLIVEIRA,N,2018,06
24206617000398,00021561605468,MARIA LUCIA DE OLIVEIRA FARIAS,N,2018,06
24206617000550,00004752797437,RODRIGO AUGUSTO DE OLIVEIRA,N,2018,06
24206617000550,00009437223491,MARCONDES AUGUSTO DE OLIVEIRA,N,2018,06
24206617000550,00021561605468,MARIA LUCIA DE OLIVEIRA FARIAS,N,2018,06
24206617001017,00004752797437,RODRIGO AUGUSTO DE OLIVEIRA,N,2018,06
24206617001017,00009437223491,MARCONDES AUGUSTO DE OLIVEIRA,N,2018,06
24206617001017,00021561605468,MARIA LUCIA DE OLIVEIRA FARIAS,N,2018,06
24206617001360,00004752797437,RODRIGO AUGUSTO DE OLIVEIRA,N,2018,06
24206617001360,00009437223491,MARCONDES AUGUSTO DE OLIVEIRA,N,2018,06
24206617001360,00021561605468,MARIA LUCIA DE OLIVEIRA FARIAS,N,2018,06
24206617001440,00004752797437,RODRIGO AUGUSTO DE OLIVEIRA,N,2018,06
24206617001440,00009437223491,MARCONDES AUGUSTO DE OLIVEIRA,N,2018,06
24206617001440,00021561605468,MARIA LUCIA DE OLIVEIRA FARIAS,N,2018,06
24210825000107,00042379300410,FRANCISCO MANOEL FERREIRA DO NASCIMENTO,N,2018,06
24210825000107,00045649928487,EDNA BULHOES DO NASCIMENTO,N,2018,06
24295142000191,00001265089418,MESAQUE MARINHO COSTA,N,2018,06
24295142000191,00007975283428,FRANCISCA ROSALBA DE SOUZA MENEZES SILVA,N,2018,06
24520892000110,00009610111491,JOSE CARLOS SILVINO,N,2018,06
24520892000110,00089293738449,FABIO RANIERE SILVA,N,2018,06
24523276000112,00012591270449,FABIO TORRES DE OLIVEIRA,N,2018,06
24523276000112,00024142930478,FRANCISCO TORRES FILHO,N,2018,06
24523276000112,00051257173472,FLADJA DE MEDEIROS MOURA TORRES,N,2018,06
24537078000108,00056554001468,RICARDO BAYERLEIN,N,2018,06
24537078000108,00056554087400,EDUARDO BAYERLEIN,N,2018,06
24589319000162,00006737137415,TEREZINHA DO REGO NOBRE,N,2018,06
24589319000162,00009644172434,MARIA SOCORRO DO REGO NOBRE,N,2018,06
24592636000138,00002964282480,FABIO AUGUSTO NASCIMENTO FERNANDES DE QUEIROZ,N,2018,06
24592636000138,00004748697415,EDIVALDO FERNANDES DE QUEIROZ,N,2018,06
24592636000138,00080671713434,MARLUCE MARIA DO NASCIMNENTO  FERNANDES DE QUEIROZ,N,2018,06
24796077000188,00009810064420,PANTALEAO ESTEVAM DE MEDEIROS,N,2018,06
24922398000181,00008271902474,BARBARA MAIA,N,2018,06
24922398000181,00066405947491,JOSE EDMILSON DE AZEVEDO,N,2018,06
25249727000138,00002096309492,EVA MARIA  COSMO BERNARDO,N,2018,06
25249727000138,00026170515449,EZEQUIEL MOURA DE CARVALHO FILHO,N,2018,06
26084982000130,00005533518428,ANNE GABRIELLE DA SILVA XAVIER,N,2018,06
26084982000130,00006040350474,PEDRO DIOGO SILVA ALVES GONCALVES,N,2018,06
26094819000159,00006443329481,REBEKA RAQUEL FELICIANO QUEIROZ,N,2018,06
26094819000159,00006443331460,PEDRO LUCAS FELICIANO QUEIROZ,N,2018,06
26167936000103,00000818926406,ALAN DE LIMA PESSOA,N,2018,06
26167936000103,00008627347468,MARIA NEUZA FERREIRA,N,2018,06
26393618000152,00083738053468,CLAUDIA KARINA DA SILVA,N,2018,06
26393618000152,00085128945472,NICELY CAVALCANTE DE SOUZA,N,2018,06
26708943000167,00001225265460,LEANDRO DA SILVA PINHEIRO,N,2018,06
26708943000167,00005706999406,MONIQUE BRASIL FLOR PINHEIRO,N,2018,06
26708943000167,00014063654400,TULIO MAURICIO CAMARA FLOR,N,2018,06
26808305000118,00010368898407,ADRIANY PRYSCILLA DANTAS FONSECA,N,2018,06
26808305000118,00022224882491,EIDER PINTO DE OLIVEIRA,N,2018,06
27062419000124,00004788957477,WESLLEY MAIA BENICIO,N,2018,06
27062419000124,00092413749268,DANIEL ASSIS MOSINI,N,2018,06
28336143000279,00001623125472,JOSE COSTA FRANCA,N,2018,06
28336143000279,00003932085400,LOREANE RODRIGUES FRANCA PEREIRA,N,2018,06
28620515000103,00008749435400,AUGUSTO CESAR FRADES OLIVEIRA,N,2018,06
28620515000103,00070170320472,AURICELINA GALVAO DA SILVA,N,2018,06
29067113030931,00002484020724,JOAO CARLOS GONCALVES PADILHA,N,2018,06
29067113030931,00028180470563,HUMBERTO JORGE COELHO DE GOUVEA,N,2018,06
29067113030931,00028290275749,RONALDO MOREIRA VIEIRA,N,2018,06
29067113030931,00032386060420,FABIO DE ALENCAR RODRIGUES,N,2018,06
29067113030931,00051926555520,JOSE ANTERO DOS SANTOS,N,2018,06
29067113030931,00068741073568,JOSE ANTONIO DE SANTANA JUNIOR,N,2018,06
29067113030931,11303148000111,RVM EMPREENDIMENTOS LTDA,N,2018,06
29067113030931,12147422000173,GREEN MIX I EMPREENDIMENTOS S.A.,N,2018,06
35277102000133,00003081169410,RICHARLLI MEDEIROS DE ARAUJO,N,2018,06
35277102000133,00004866658444,KATAYANNA MEDEIROS DE ARAUJO,N,2018,06
35277102000133,00019923058468,MARIA JOSE DIAS DE ARAUJO,N,2018,06
35284991000247,00059774800400,JOSE VASCONCELOS DA ROCHA JUNIOR,N,2018,06
35284991000247,00090402693434,ANA EMILIA TRIGUEIRO CAVALCANTI DA ROCHA,N,2018,06
35291038000145,00036982113434,WERNECK LIMA DE CARVALHO,N,2018,06
35291038000145,27017729000127,TC PARTICIPACOES LTDA,N,2018,06
35291038000145,27037834000128,WC PARTICIPACOES LTDA,N,2018,06
35291038000145,27850574000105,WT HOLDING PARTICIPACOES LTDA,N,2018,06
35292515000197,00002343755400,TASLA CAPISTRANO GONZAGA MENDES,N,2018,06
35292515000197,00003603888413,THAISA CAPISTRANO GONZAGA DE ANDRADE,N,2018,06
35292515000197,00004396499434,ANTONIO GONZAGA CHIMBINHO,N,2018,06
35292515000197,00085215473404,JANDIRA CAPISTRANO GONZAGA,N,2018,06
35292515000197,00085215570434,THIAGO CAPISTRANO GONZAGA,N,2018,06
35292515000197,24743960000100,INDEPENDENCIA PARTICIPACOES SOCIETARIAS LTDA,N,2018,06
35297639000408,00041373510404,PEDRO JORGE REBOUCAS PEREIRA,N,2018,06
35297639000408,00073716120430,ELCICARMEM FREITAS DE MORAIS PEREIRA,N,2018,06
35304542001295,00000734893442,HELENA CIRNE LEITE,N,2018,06
35304542001295,00008596476415,MARIA NEIDE PEREIRA CIRNE,N,2018,06
35304542001295,00022198822415,HENRIQUE LUIZ DA COSTA CIRNE,N,2018,06
35304542001295,00036566772472,GEORGE DA COSTA CIRNE,N,2018,06
35304542001295,00067177840400,LUIZ DA COSTA CIRNE JUNIOR,N,2018,06
35304542001295,00072111895415,HELOISA DA COSTA CIRNE FELINTO,N,2018,06
35304898000176,00001375757423,FELIPE ABNER RODRIGUES DE SOUZA,N,2018,06
35304898000176,00008541673405,DANIEL VICTOR DE SOUZA,N,2018,06
35304898000338,00001375757423,FELIPE ABNER RODRIGUES DE SOUZA,N,2018,06
35304898000338,00008541673405,DANIEL VICTOR DE SOUZA,N,2018,06
35428978000133,00007686730468,ISMAR LOPES DE QUEIROZ,N,2018,06
35503721000360,00013640518420,OSVALDO RUI DIAS MARTINS,N,2018,06
35503721000360,00030276942434,MARIA FIRMINO DIAS MARTINS,N,2018,06
35661743000197,00010697616487,JOSAFA ARAUJO DA COSTA,N,2018,06
35661743000197,00028898770430,MARIA DE LOURDES SILVA DA COSTA,N,2018,06
35662667000134,00008539956489,ARTHUR HENRIQUE COSTA LIMA,N,2018,06
35662667000134,00042939208468,MANOEL EDIVALDO DE LIMA,N,2018,06
40757908000169,00003573255400,BRUNA MARIA GUERRA DE FARIAS CAMARA,N,2018,06
40757908000169,00017469422404,EDUARDO JOSE DE FARIAS,N,2018,06
40757908000169,00369925000104,AUTOESTE AUTOMOVEIS LTDA,N,2018,06
40757908000169,08949194000188,LEGACY VEICULOS LTDA,N,2018,06
40760209000178,00001252554460,ERIVAN MYLLER MAFRA MEDEIROS,N,2018,06
40760209000178,00031700071491,JOSE ERIVAN DE MEDEIROS,N,2018,06
40761843000125,00031589120400,IVANALDO SEVERINO MALHEIRO,N,2018,06
40761843000125,00045540829468,LUIZA PINHEIRO FERNANDES,N,2018,06
40777690000104,00006532866431,JEFFSON GALVAO RODRIGUES,N,2018,06
40777690000104,00029738628415,ZULEIDE GOMES GALVAO,N,2018,06
40777690000295,00006532866431,JEFFSON GALVAO RODRIGUES,N,2018,06
40777690000295,00029738628415,ZULEIDE GOMES GALVAO,N,2018,06
40782468000108,00002740840403,ANDRE LUIZ JOSE GALVAO MATIAS,N,2018,06
40782468000108,00017209595449,FRANCISCO MATIAS,N,2018,06
40787152000109,00010593969472,VICENTE DE PAULO AVELINO SOBRINHO,N,2018,06
40787152000109,00010764135449,ELSAMAR BATISTA BARBOSA AVELINO,N,2018,06
40787152000109,00013084780463,MARIA DAS GRACAS DOS SANTOS AVELINO,N,2018,06
40787863000175,00006820354835,MARIA ELINEIDE NERES DA SILVA,N,2018,06
40787863000175,00056575653472,JOAO MARIA GUEDES DA SILVA,N,2018,06
40790727000134,00002393647406,ANDREIA KARLA GONCALVES DE SANTANA,N,2018,06
40790727000134,00005009347466,IVAN AUGUSTO SEABRA DE MELO SOBRINHO,N,2018,06
40796146000371,00006291315467,IGOR RIBEIRO JACOME,N,2018,06
40796146000371,00009522358460,ANA CLAUDIA RIBEIRO JACOME,N,2018,06
40803645000187,00001613820453,ALDO CLEMENTE DE ARAUJO,N,2018,06
40803645000187,00010607285400,ZILMA FERNANDES DE ARAUJO,N,2018,06
40993123000195,00033479887449,MANOEL VENANCIO RODRIGUES JUNIOR,N,2018,06
40993123000195,00050715127420,MARIA DE FATIMA MOREIRA RODRIGUES,N,2018,06
41002643000151,00079213448449,INACIO DANTAS DE ARAUJO,N,2018,06
44021095000103,00001079302425,TEMISTOCLIS CEZAR XAVIER,N,2018,06
44021095000103,00002200710801,ROMILDO GONCALVES DA SILVA,N,2018,06
60619202001209,00026175606434,DAMIAO TEOFILO DE SOUZA,N,2018,06
70026240000140,00040620735449,ANA BEATRIZ DE CARVALHO WANDERLEY,N,2018,06
70026240000140,00046618945453,FLAVIO CARVALHO DANTAS WANDERLEY,N,2018,06
70027479000135,00001224548477,DIEGO DE PAIVA PESSOA,N,2018,06
70027479000135,00005705753462,DENNIS DE PAIVA PESSOA,N,2018,06
70046685000192,00015531520425,MARIA CILENE DE ALMEIDA,N,2018,06
70046685000192,00023089776472,CASCIMIRO FRANCISCO NETO,N,2018,06
70147822000185,00010335217443,GABRIELLE ALESSANDRA MACIEL SILVA,N,2018,06
70147822000185,00037887580404,JOSE MARINALDO DA SILVA,N,2018,06
70151782000145,00043019684404,ANTONIO GURGEL DE BRITO,N,2018,06
70151782000145,00047475900487,HERONIDES GURGEL NETO,N,2018,06
70152095000144,00006922593413,LAYSE DE SOUZA MAIA,N,2018,06
70152095000144,00070242422489,LETICIA SOUZA CAVALCANTE,N,2018,06
70154968000158,00014157560400,PAULO JOSE FERREIRA DE MELO,N,2018,06
70154968000158,00035242191449,JOSE CLAUDIO FERREIRA DE MELO,N,2018,06
70154968000158,00044335695420,SILVIO JOSE FERREIRA DE MELO,N,2018,06
70154968000158,04410009000121,VENEZA PARCICIPAOES LTDA,N,2018,06
70313697000136,00014300176434,FRANCISCO ASSIS DE LIMA,N,2018,06
70313697000136,00031672175453,HOSANA MARIA DE MEDEIROS,N,2018,06
70321492000100,00090365810444,FRANCISCO ANTONIO DE OLIVEIRA,N,2018,06
97543205000155,00007626708431,IDAYANE ARAUJO CASSIANO,N,2018,06
97543205000155,00007626787471,ALDEMIR LOPES GALVAO JUNIOR,N,2018,06
