socio_cnpj_cpf_emitente,socio_cpf_socio_emitente,socio_nome_socio,socio_eh_adm,ano_nota,mes_nota
00169231000395,00053524144420,FERNANDO IKEDA,N,2016,01
00169231000395,00080057675449,MARIA AMALIA DIAS IKEDA,N,2016,01
00643570000108,00000380776472,CLESIO PEREIRA DE MELO,N,2016,01
00643570000108,00005151751450,CASSIO PEREIRA DE MELO JUNIOR,N,2016,01
00643570000108,00021363579304,ANA CLAUDIA DE PAULA PINTO MELO,N,2016,01
00647584000191,00000845282492,ROSICLEIDE DE SOUZA PAIVA,N,2016,01
00647584000191,00067187315449,FRANCISCO ALMAIR GONCALO DE PAIVA,N,2016,01
00791547000152,00096618558468,GRACE KELLY COSTA MACHADO,N,2016,01
00800611000114,00000064730409,KLEYBER TINOCO DE ANDRADE,N,2016,01
00800611000114,00023125080444,WAGNER TINOCO DE ANDRADE,N,2016,01
00870515000223,00002006111434,MORVANILDO DOS SANTOS MEDEIROS,N,2016,01
00870515000223,00052960048415,MARIA DE FATIMA DE AZEVEDO MEDEIROS DE ARAUJO,N,2016,01
00993944000107,00000984238433,TALIA CRISTINA SOUZA NOBREGA,N,2016,01
00993944000107,00014480689168,UIRAJARA COSTA NOBREGA,N,2016,01
01026356000167,00077032195172,MARIA ALVES DE L BEZERRA,N,2016,01
01122617000142,00001986953491,MANOEL FELICIANO MAIA DE SOUZA,N,2016,01
01122617000142,00067145752468,ROBERTO SHELMAN DE SOUZA,N,2016,01
01122617000142,00070220735468,RICARDO SHELMAN DE SOUZA,N,2016,01
01122617000142,00091405017449,MARILIA SHELMAN DE SOUZA,N,2016,01
01184984000170,00020204078415,MARIA OLIVEIRA DE MEDEIROS,N,2016,01
01184984000170,00049011570430,JOAO BATISTA,N,2016,01
01299396000182,00001532218443,FRANCISCO HUGO AIRES NUNES,N,2016,01
01299396000182,00010865250430,FRANCISCO DAS CHAGAS NUNES,N,2016,01
01547994000123,00001105677494,MARIA GOMES DOS SANTOS LOPES,N,2016,01
01547994000123,00023284757449,PEDRO DE SOUZA GUERRA,N,2016,01
01571568000125,00002347012428,CICERO TAVARES JUNIOR,N,2016,01
01571568000125,00002972245814,MARIA LUZINETE DOS SANTOS TAVARES,N,2016,01
01587150000106,00002285807490,NADJA PATRICIA DE LIMA FREDERICO,N,2016,01
01587150000106,00002794507451,ALLAN GLEYSON DE LIMA FREDERICO,N,2016,01
01653918000100,00020039514404,JOAQUIM FERNANDES NETO,N,2016,01
01653918000100,00042255627434,ANA MARCIA SANTOS DE SOUZA FERNANDES,N,2016,01
01691952000161,00026737079806,YARA RODRIGUES DA SILVA FERREIRA,N,2016,01
01691952000161,00027407475865,MICHELE RODRIGUES TATEMOTO,N,2016,01
01714488000181,00000473731487,JESUINO DE AZEVEDO FILHO,N,2016,01
01714488000181,00006898092391,ZENILTON DA COSTA DANTAS,N,2016,01
01714488000181,00052563952891,YOLITA DANTAS BATISTA,N,2016,01
01829334000135,00000284386472,AGNELO ALVES,N,2016,01
01829334000135,00013051873420,AGNELO ALVES FILHO,N,2016,01
01829334000135,00024264288487,CARLOS EDUARDO NUNES ALVES,N,2016,01
01829334000135,00035784830449,JOSE LUIZ NUNES ALVES,N,2016,01
01937258000181,00007515413468,JOSE MARCOS FERREIRA DE MELO,N,2016,01
01937258000181,00014157560400,PAULO JOSE FERREIRA DE MELO,N,2016,01
01937258000181,00044335695420,SILVIO JOSE FERREIRA DE MELO,N,2016,01
01937258000181,04410009000121,VENEZA PARCICIPAOES LTDA,N,2016,01
01937258000262,00007515413468,JOSE MARCOS FERREIRA DE MELO,N,2016,01
01937258000262,00014157560400,PAULO JOSE FERREIRA DE MELO,N,2016,01
01937258000262,00044335695420,SILVIO JOSE FERREIRA DE MELO,N,2016,01
01937258000262,04410009000121,VENEZA PARCICIPAOES LTDA,N,2016,01
01937258000343,00007515413468,JOSE MARCOS FERREIRA DE MELO,N,2016,01
01937258000343,00014157560400,PAULO JOSE FERREIRA DE MELO,N,2016,01
01937258000343,00044335695420,SILVIO JOSE FERREIRA DE MELO,N,2016,01
01937258000343,04410009000121,VENEZA PARCICIPAOES LTDA,N,2016,01
01977832000125,00023045949487,GEORGE HENRIQUE AVELINO,N,2016,01
02037818000104,00003983282423,SABRINA NOGUEIRA CABRAL,N,2016,01
02037818000104,00091574579487,IVANILDO NERES DA SILVA,N,2016,01
02070623000166,00002240716452,NARY SEMONE DE FREITAS,N,2016,01
02070623000166,00070291187404,EDILENE FERREIRA DE AQUINO FREITAS,N,2016,01
02086412000111,00023086521449,MANOEL VIEIRA FILHO,N,2016,01
02086412000111,00081284764400,MARTA CRISTINA DE OLIVEIRA VIEIRA,N,2016,01
02152950000167,00027579590425,IVANILDO ALVES VERAS,N,2016,01
02152950000167,00041403517487,MARIA JOSE DOS SANTOS VERAS,N,2016,01
02343493000198,00000469718404,VALDINEI LOPES DE ARAUJO,N,2016,01
02343493000198,00010614460425,TELMA LOPES MELO DE ARAUJO,N,2016,01
02363498000182,00057457603468,ILENILDO JACOME DE OLIVEIRA,N,2016,01
02363498000182,00085268216449,ALEXANDRA LUCIO OLIVEIRA JACOME,N,2016,01
02365912000192,00000871331489,GUSTAVO QUEIROZ CANDIDO,N,2016,01
02365912000192,00003961724407,LEANDRO DE MELO NASCIMENTO,N,2016,01
02365912000192,00007631367434,AGNELO CANDIDO DO NASCIMENTO,N,2016,01
02365912000192,00017613523420,ALBERTO PEREIRA NASCIMENTO,N,2016,01
02365912000192,00039014584415,MARIA DE LOURDES PEREIRA NASCIMENTO,N,2016,01
02365912000192,12613006000113,TRANSNACIONAL TRANSPORTE NACIONAL DE PASSAGEIROS LTDA,N,2016,01
02367946000116,00027799085487,LUCIANO RODRIGUES LUZ,N,2016,01
02367946000116,00035102640704,MARCELO RODRIGUES LUZ,N,2016,01
02393272000124,00005659701434,JOSE FELICIANO DO NASCIMENTO,N,2016,01
02393272000124,00010749101415,MARIA ONESIA SILVEIRA DO NASCIMENTO,N,2016,01
02440676000121,00009640797472,RITA DE CASSIA DO NASCIMENTO BARBOSA,N,2016,01
02440676000121,00019923902404,ANTONIO FELIX BARBOSA FILHO,N,2016,01
02457470000104,00005752967473,FABRICIA LIMA FONTES,N,2016,01
02457470000104,00005752972477,LAIRTON FONTES QUEIROZ FILHO,N,2016,01
02457470000104,00083696172472,JERRY ALEXANDRE JACOME,N,2016,01
02491019000103,00007100255481,DAVID SANTOS DE ALBUQUERQUE,N,2016,01
02491019000103,00008869022404,MARIA DE NAZARE DOS SANTOS,N,2016,01
02620622000148,00004510385412,ARMISTRONG GLEIDSON DE MEDEIROS VALE,N,2016,01
02620622000148,00015594637400,VALDIR VALE DE ARAUJO,N,2016,01
02625717000154,00000953871452,VITOR NOBREGA DE PAIVA ALVES,N,2016,01
02625717000154,00006377486464,ARMANDO BEZERRA NOBREGA DE PAIVA,N,2016,01
02625717000154,00020035152400,ARMANDO NOBREGA DE PAIVA,N,2016,01
02625717000154,00059560819453,MARIA ISIS NOBREGA DE PAIVA,N,2016,01
02717529000156,00002112371401,EMERSON GERALDO DE MEDEIROS,N,2016,01
02717529000156,00002663724491,ANTONIO GERALDO NETO,N,2016,01
02717529000156,00076241289420,JOSE WILLIAM GERALDO DE QUEIROZ,N,2016,01
02735557000104,00001286727499,LUCIA MARIA DE ANDRADE FILGUEIRA BARROS,N,2016,01
02735557000104,00042270928415,LUIZ ANTONIO DE ANDRADE FILGUEIRA,N,2016,01
02781783000113,00006516776458,THIAGO IGOR ALVES DE OLIVEIRA,N,2016,01
02781783000113,00039152014487,JOSEFA GONCALO DE MOURA,N,2016,01
02795690000148,00002837251410,MARIA GORETE PEREIRA DA COSTA VASCO,N,2016,01
02795690000148,00079087809468,BENTO DE LIMA VASCO,N,2016,01
02800122000198,00000742176401,ISABEL FERNANDES DE ARAUJO,N,2016,01
02800122000198,00001988867487,JOSE BEZERRA DE ARAUJO,N,2016,01
02842814000107,00003450130420,ROSEANA DE FREITAS RAMOS,N,2016,01
02842814000107,00005743249415,MARIA LECIMAR DE FREITAS RAMOS,N,2016,01
02867473000116,00000752466437,JOANITA TEIXEIRA DE LIRA POTIGUAR,N,2016,01
02867473000116,00035818018415,SEVERINO MOACIR DANTAS POTIGUAR JUNIOR,N,2016,01
02867473000116,00042951429487,JOACIR LIRA POTIGUAR,N,2016,01
02874539000103,00001023811430,JOSE LAUIR FERREIRA DA SILVA FILHO,N,2016,01
02874539000103,00020160003415,MARIA COUTO DE MENEZES DA SILVA,N,2016,01
02874640000156,00082933090406,FRANCISCA FRASSINETE D G SANTOS,N,2016,01
03034090000120,00033662185415,GILMAR DOS SANTOS ARAUJO,N,2016,01
03034090000120,00085285978491,VERA LUCIA DE SOUZA,N,2016,01
03056573000125,00000971215413,MIQUELINA MARIA DOS SANTOS MEDEIROS NETA,N,2016,01
03056573000125,00007569922492,MORSINALDO DE AZEVEDO MEDEIROS,N,2016,01
03066662000152,00008187280433,ANDRE DE QUEIROZ LEITE JALES,N,2016,01
03066662000152,00022975462468,ANTONIO LEITE JALES,N,2016,01
03066662000152,00056615914468,ZAULEIDE DE QUEIROZ LEITE,N,2016,01
03152420000181,00066387140404,ANTONIO GENIVAN DE OLIVEIRA,N,2016,01
03152420000181,00066387612420,FRANCISCO GEILSON DE OLIVEIRA,N,2016,01
03208595000163,00003328143432,MAGDALIA MARCIA DANTAS,N,2016,01
03208595000163,00040691462453,MARIA GORETI DE JESUS DANTAS,N,2016,01
03209454000165,00006973981453,FERNANDO ANTONIO MARINHO PEREIRA,N,2016,01
03209454000165,00085049948487,ANA LUCIA SOARES PEREIRA,N,2016,01
03226757000196,00008423374408,ANDRE CATTANEO BANDEIRA DE ALMEIDA,N,2016,01
03226757000196,00009705913498,JULIANA CATTANEO BANDEIRA DE ALMEIDA,N,2016,01
03226757000196,00026404257300,FATIMA CRISTINA CATTANEO DE ALMEIDA,N,2016,01
03231227000136,00000923092404,MAGNA PATRICIA MENDES FRAZAO,N,2016,01
03231227000136,00056614284487,MARLENE FERNANDES FRAZAO,N,2016,01
03231227000136,00072176482468,MARIA DAS DORES DA SILVA FRAZAO,N,2016,01
03462662000171,00002647008485,EMIKSON FABIO HENRIQUE BARRETO,N,2016,01
03462662000171,00010669086487,MARIA GORETH HENRIQUE GODEIRO BARRETO,N,2016,01
03462662000171,00020063709449,JOSE NILSON BARRETO,N,2016,01
03468606000144,00056510365120,FRANCISCO DE ASSIS BEZERRA DE LI,N,2016,01
03575828000166,00000854095454,CINTIA CIBELLI SIQUEIRA DE ALCANTARA,N,2016,01
03575828000166,00008944091404,FERNANDO ALBERTO PRAZERES DE ALCANTARA,N,2016,01
03600250000150,00066405947491,JOSE EDMILSON DE AZEVEDO,N,2016,01
03600250000150,00085037281415,MARIA CIDENEIDE MAIA AZEVEDO,N,2016,01
03613359000122,00008548536420,JOSE AIRTON BEZERRA,N,2016,01
03613359000122,00049077856404,MARGARIDA PEREIRA DA SILVA BEZERRA,N,2016,01
03632203000199,00001756953422,WELLINGTON GENARIO COSTA,N,2016,01
03632203000199,00048160601468,ALICE MARIA OLIVEIRA DE SOUZA,N,2016,01
03654905000173,00070197474420,CLEIDEMAR SOARES DE FREITAS,N,2016,01
03654905000173,00070199760420,PAULO AUGUSTO HOLANDA DE FREITAS,N,2016,01
03735242000626,00000910662479,KARLA KATARINA LIMA NASCIMENTO,N,2016,01
03735242000626,00004591617416,DENISE LIMA NASCIMENTO,N,2016,01
03756499000150,00001081429496,SUZIANE ARAUJO DE AZEVEDO,N,2016,01
03756499000150,00037890247400,ALEX SANDRO MACEDO DE OLIVEIRA,N,2016,01
03756499000150,00087548003404,JACYANE MACEDO DE OLIVEIRA E SILVA,N,2016,01
03781031000115,00000871799464,ANDREZA ALVES DE OLIVEIRA CRUZ,N,2016,01
03781031000115,00005501697416,JOAO MANOEL DE OLIVEIRA NETO,N,2016,01
03781031000115,00009356397481,LUIS PAULO DE OLIVEIRA FERREIRA,N,2016,01
03845812000126,00000786425407,SIRLENE DE ARAUJO SOARES,N,2016,01
03845812000126,00087601699404,SIDNEY DIAS DE ARAUJO SOARES,N,2016,01
03845812000398,00000786425407,SIRLENE DE ARAUJO SOARES,N,2016,01
03845812000398,00087601699404,SIDNEY DIAS DE ARAUJO SOARES,N,2016,01
03943335000131,00000339889861,DAMIAO CARNEIRO PAES,N,2016,01
03943335000131,00091573343404,ANA NERY FERREIRA DA SILVA CARNEIRO PAES,N,2016,01
03954830000308,00014375362472,IVO NILSON LOPES DE MEDEIROS,N,2016,01
03954830000308,00020084234415,MARIA DO SOCORRO COSTA DE MEDEIROS,N,2016,01
03954830002432,00014375362472,IVO NILSON LOPES DE MEDEIROS,N,2016,01
03954830002432,00020084234415,MARIA DO SOCORRO COSTA DE MEDEIROS,N,2016,01
04028799000185,00014191202472,JOAO ITAMAR FIRMINO DOS SANTOS,N,2016,01
04028799000185,00035535490415,JOSE IRAMAR FIRMINO DOS SANTOS,N,2016,01
04065360000203,00002693069432,MANOEL ANSELMO DE SOUZA JUNIOR,N,2016,01
04065360000203,00003802116453,MANOEL ANSELMO DE SOUZA,N,2016,01
04200779000220,00076122816434,JOÃO SILVESTRE NETO,N,2016,01
04200779000220,00087741520415,EDINALDO SILVESTRE DA SILVA,N,2016,01
04385537000178,00037819402415,MARIA APARECIDA DE SOUSA OLIVEIRA,N,2016,01
04385537000178,00079136311472,GERHARD MULLER CARLOS TOMAS,N,2016,01
04385909000166,00048138002468,ALEXANDRE TORRES BARBALHO,N,2016,01
04385909000166,00091534690468,LENILDE TORRES GALVAO BARBALHO,N,2016,01
04451626000175,00018232450487,CLETO FERREIRA,N,2016,01
04451626000175,00041327330415,ANA MARIA PINHEIRO FERREIRA,N,2016,01
04451626000337,00018232450487,CLETO FERREIRA,N,2016,01
04451626000337,00041327330415,ANA MARIA PINHEIRO FERREIRA,N,2016,01
04457498000177,00087790769472,LADGERDE LOPES FERNANDES,N,2016,01
04652899000188,00059774800400,JOSE VASCONCELOS DA ROCHA JUNIOR,N,2016,01
04652899000188,00090402693434,ANA EMILIA TRIGUEIRO CAVALCANTI DA ROCHA,N,2016,01
04661568000104,00000989432432,MAISON WANDORTHE DE FONTES REGO,N,2016,01
04661568000104,00001333014430,CHARLES DEAN DE FONTES REGO,N,2016,01
04661568000104,00002467961460,NORAYDE JANAINA DE FONTES REGO BARRETO,N,2016,01
04661568000104,00010726225487,FRANCISCO XAVIER DO REGO,N,2016,01
04666364000166,00002853233421,GLEIDE MARIA DA SILVA MEDEIROS,N,2016,01
04666364000166,00059765615434,MARIA LUIZA E SILVA MARTINS,N,2016,01
04675869000197,00009271568494,PORCINO FERNANDES DA COSTA SEGUNDO,N,2016,01
04675869000197,00023031859472,PORCINO FERNANDES DA COSTA JUNIOR,N,2016,01
04679119000193,00000848782402,SANDRA REJANE DA SILVA MOURA,N,2016,01
04679119000193,00042132797404,RENILSON NERY DE MOURA,N,2016,01
04701515000170,00002343755400,TASLA CAPISTRANO GONZAGA MENDES,N,2016,01
04701515000170,00003603888413,THAISA CAPISTRANO GONZAGA DE ANDRADE,N,2016,01
04701515000170,00029773300463,MARIA ILZA DA CONCEICAO CAPISTRANO,N,2016,01
04701515000170,00085215473404,JANDIRA CAPISTRANO GONZAGA,N,2016,01
04701515000170,00085215570434,THIAGO CAPISTRANO GONZAGA,N,2016,01
04747896000128,00003557253473,KALLIANA KELLY DE OLIVEIRA PORTO,N,2016,01
04747896000128,00004643605448,INACIO DE LOIOLA DA SILVEIRA JUNIOR,N,2016,01
04747896000128,00004824662435,ANA TERESA DA SILVEIRA VIANA,N,2016,01
04747896000128,00018828876468,MARIA DA ASSUNCAO DE OLIVEIRA,N,2016,01
04770238000157,00000871330407,RODRIGO QUEIROZ CANDIDO,N,2016,01
04770238000157,00007631367434,AGNELO CANDIDO DO NASCIMENTO,N,2016,01
04770238000157,00017613523420,ALBERTO PEREIRA NASCIMENTO,N,2016,01
04770238000157,00039014584415,MARIA DE LOURDES PEREIRA NASCIMENTO,N,2016,01
04770238000157,12613006000113,TRANSNACIONAL TRANSPORTE NACIONAL DE PASSAGEIROS LTDA,N,2016,01
04770238000319,00000871330407,RODRIGO QUEIROZ CANDIDO,N,2016,01
04770238000319,00007631367434,AGNELO CANDIDO DO NASCIMENTO,N,2016,01
04770238000319,00017613523420,ALBERTO PEREIRA NASCIMENTO,N,2016,01
04770238000319,00039014584415,MARIA DE LOURDES PEREIRA NASCIMENTO,N,2016,01
04770238000319,12613006000113,TRANSNACIONAL TRANSPORTE NACIONAL DE PASSAGEIROS LTDA,N,2016,01
04805345000173,00079160395400,JOZILMA MARIA DE CARVALHO,N,2016,01
04839900000188,00014375362472,IVO NILSON LOPES DE MEDEIROS,N,2016,01
04839900000188,00020084234415,MARIA DO SOCORRO COSTA DE MEDEIROS,N,2016,01
04839900000340,00014375362472,IVO NILSON LOPES DE MEDEIROS,N,2016,01
04839900000340,00020084234415,MARIA DO SOCORRO COSTA DE MEDEIROS,N,2016,01
04839900000501,00014375362472,IVO NILSON LOPES DE MEDEIROS,N,2016,01
04839900000501,00020084234415,MARIA DO SOCORRO COSTA DE MEDEIROS,N,2016,01
04839900000854,00014375362472,IVO NILSON LOPES DE MEDEIROS,N,2016,01
04839900000854,00020084234415,MARIA DO SOCORRO COSTA DE MEDEIROS,N,2016,01
04851183000100,00096946024400,EUDES DA COSTA LIMA,N,2016,01
04861899000198,00000899669450,ANA CLEZA DA COSTA,N,2016,01
04861899000198,00002435492456,MARIA NELMA DO NASCIMENTO COSTA,N,2016,01
04934971000160,00052274195404,JORGE MORAIS DA SILVA,N,2016,01
04934971000160,00063474450425,ANGELICA PATRICIA DA SILVA,N,2016,01
04958358000263,00058289151420,ELISIEL UBIRAJARA MARQUES,N,2016,01
04958358000263,00066502705472,RONALDO ARAUJO DOS SANTOS,N,2016,01
05003377000118,00010172380499,DANILO HUDSON QUEIROZ DE ANDRADE,N,2016,01
05003377000118,00076344878487,MARCOS PEDRO DO NASCIMENTO NETO,N,2016,01
05009904000100,00004743503477,TUTOVAN DA SILVA MORAES,N,2016,01
05140795000157,00006724713455,SAMUEL RODRIGO SOUZA DE SALES,N,2016,01
05140795000157,00015081613487,JOSE LUCAS DE SALES,N,2016,01
05195530000156,00002769726439,RAILSON BENEDITO FERREIRA,N,2016,01
05195530000156,00055942342415,CLEONICE FELIPE DOS SANTOS,N,2016,01
05211577000166,00003445848440,SHIRLEY MICHELINNE DE BARROS BANDEIRA,N,2016,01
05211577000166,00013450103890,JOSE JAMARQUES DUARTE,N,2016,01
05211683000140,00004212546450,PAULO CEZAR ALVES DE ARAUJO,N,2016,01
05211683000140,00005223255488,MARIA ELIZANGELA DA CUNHA DE ARAUJO,N,2016,01
05292103000196,00001874309426,MARIA GLEIDE VENCESLAU CAMPOS,N,2016,01
05292103000196,00005959384426,AWERTON RAMOS VENCESLAU CAMPOS,N,2016,01
05303455000108,00047388676449,PEDRO BRUNO DE SOUTO,N,2016,01
05305161000107,00048099430468,ZULEIDE DA ROCHA CABRAL,N,2016,01
05349858000180,00051322412472,ARIOSVALDO TARGINO DE ARAUJO JUNIOR,N,2016,01
05349858000180,00078607655434,NORIMARIA SOUTO TARGINO,N,2016,01
05349858000260,00051322412472,ARIOSVALDO TARGINO DE ARAUJO JUNIOR,N,2016,01
05349858000260,00078607655434,NORIMARIA SOUTO TARGINO,N,2016,01
05380369000190,00002263400400,OTAVIO AUGUSTO FERREIRA DA SILVA,N,2016,01
05380369000190,00002665689472,FRANCISCO ASSIS NETO,N,2016,01
05380369000190,08263071000199,FAN PARTICIPACOES E TRANSPORTES LTDA,N,2016,01
05452665000150,00005638211403,CARLA CAROLINE RODRIGUES DE SOUZA,N,2016,01
05452665000150,00063127660472,PEDRO GILSON DE SOUZA,N,2016,01
05517717000129,00067263208415,FRANCISCO DE ASSIS BALBINO DA SILVA,N,2016,01
05636655000174,00080735932468,VALDENIZE MACEDO,N,2016,01
05660173000150,00001215658400,RICARLIANE SILVA DOS SANTOS,N,2016,01
05660173000150,00002488245461,RENATA SILVA DOS SANTOS,N,2016,01
05676120000127,00003091671402,ANA LIVIA QUEIROZ ALMEIDA LIMA,N,2016,01
05676120000127,00009027056447,JEFFERSON DA SILVA,N,2016,01
05676120000127,00023062681420,MARIA DE LOURDES ARAUJO DE LIMA,N,2016,01
05756905000100,00000871620405,FRANCISCO JAIME DE SOUZA JUNIOR,N,2016,01
05756905000100,00005100716436,DIEGO MICHEL DE SOUZA,N,2016,01
05772773000100,00004648696417,JUAREZ FERNANDES DE QUEIROZ NETO,N,2016,01
05772773000100,00004648701437,WILSON RODRIGUES FERNANDES JUNIOR,N,2016,01
05794164000151,00000773670300,JOSE MARIA DE MEDEIROS,N,2016,01
05794164000151,00029396549487,WILSON RODRIGUES FERNANDES,N,2016,01
05794164000151,00063525720491,GILSELENO JALES CORREIA LIMA,N,2016,01
05823100000131,00001023811430,JOSE LAUIR FERREIRA DA SILVA FILHO,N,2016,01
05823100000131,00001311946403,LARISSA MARIA MENEZES DA SILVA,N,2016,01
05948553000194,00001804951358,ANDERSON DE OLIVEIRA JOVINO,N,2016,01
05948553000194,00001822118352,GEORGIA KATUSA DE OLIVEIRA JOVINO,N,2016,01
06004897000108,00003588028498,MARIA JANAINA VASCONCELOS DE AMORIM,N,2016,01
06004897000108,00095219218549,FRANKLIN DOUGLAS VASCONCELOS DE AMORIM,N,2016,01
06047174000196,00001662234414,VINICIUS ELIEL CAVALCANTE DOS SANTOS,N,2016,01
06047174000196,00008512835435,ISA CAVALCANTE DOS SANTOS COSTA,N,2016,01
06098753000168,00028670221420,FRANCISCO HERMANO QUEIROZ CAVALCANTI,N,2016,01
06098753000168,00052767361468,OTAVIO BEZERRA DO REGO BARROS,N,2016,01
06098753000168,00066512034449,ROBERTO MORCOURT DO REGO BARROS,N,2016,01
06098753000168,00082864888491,LEONARDO VIDAL BARBOSA,N,2016,01
06196577000288,00006701419410,CYRO MELO PATURY ACCIOLY,N,2016,01
06196577000288,00016435397449,MOACYR ROCHA PATURY ACCIOLY,N,2016,01
06196577000288,00033170290487,PAULO PATURY ACCIOLY,N,2016,01
06231164000106,00005714556461,JIVAGDA RAMONNA FERREIRA DOS SANTOS,N,2016,01
06231164000106,00010255271433,LUCIO FLAVIO GARCIA DE ARAUJO NETO,N,2016,01
06281627000144,00000147754844,WILLIAM ARAUJO VASCONCELOS,N,2016,01
06281627000144,00001431216429,CINTHIA ARAUJO VASCONCELOS LIMA,N,2016,01
06335695000149,00000896196410,CLAUDIA JAQUELINY NUNES FERNANDES,N,2016,01
06335695000149,00077942167453,JOHN LENNON FERNANDES LIMA,N,2016,01
06369032000145,00001289143439,CECYLYANNE AUGUSTA DE PAIVA,N,2016,01
06369032000145,00044335741472,MARIA DE LOURDES PAIVA,N,2016,01
06925737000100,00000966463498,RENATO ALEXANDRE DE AZEVEDO BARBOSA,N,2016,01
06925737000100,00005008033409,JULIANA DE AZEVEDO BARBOSA MACEDO,N,2016,01
06964537000158,00000819855413,ERIKA RAMOS DA CUNHA MEDEIROS,N,2016,01
06964537000158,00010874784484,INGRYD CUNHA MEDEIROS,N,2016,01
06989403000191,00003004404486,MESSALINA MARTINS ASSIS,N,2016,01
06989403000191,00081379854415,ANA CRISTINA DE ARAUJO,N,2016,01
07018761000110,00004966573483,THIAGO BRAGA WANDERLEY,N,2016,01
07018761000110,00078594863420,ROGERIO BEZERRA TINOCO,N,2016,01
07019741000163,00003422932496,EUNICE LEITE SILVA,N,2016,01
07019741000163,00004570018440,MARIA EUNICE LEITE SILVA,N,2016,01
07081522000104,00073887005449,LUIS CARLOS ANDRADE,N,2016,01
07081522000104,00094292574472,ANTONIO PINTO DA COSTA,N,2016,01
07093987000185,00000829888462,ALISSON LUIZ CHAGAS BEZERRA,N,2016,01
07093987000185,00004805946431,OSCARLINA ADRIANA FERNANDES DE MELO,N,2016,01
07095972000156,00002102460495,PATRICIA DE MEDEIROS,N,2016,01
07095972000156,00072122528400,ETELVINO PATRICIO DE MEDEIROS,N,2016,01
07114802000171,00001677924403,ALEXANDRE CESAR BATISTA DE MORAIS FILHO,N,2016,01
07114802000171,00003828543499,ROMEIKA DE MORAIS COSTA BATISTA,N,2016,01
07114802000171,00064288455472,JOSE RONALDO DE MORAIS COSTA,N,2016,01
07147050000145,00037878042420,CELIA DE MEDEIROS DANTAS PIRES FERREIRA,N,2016,01
07147050000145,00040568296400,HUMBERTO DANTAS PIRES FERREIRA,N,2016,01
07197718000916,00001342550382,NERTAN DE MELO RIBEIRO,N,2016,01
07197718000916,00056053363391,ANDRE LEAO RIBEIRO,N,2016,01
07197718000916,00077836715353,PABLO LEAO RIBEIRO,N,2016,01
07209477000120,00049834231415,MILTON  EZEQUIEL FONSECA FILHO,N,2016,01
07209477000120,00050070940487,PATRICIA TAVARES AFONSO FONSECA,N,2016,01
07209519000123,00000853659478,IVONETE BARBOZA DOS SANTOS MARTINS,N,2016,01
07209519000123,00093538090025,CARLOS ALEXANDRE DE CASTRO MARTINS,N,2016,01
07262134000120,00056572492400,SONIA MARIA DOS SANTOS,N,2016,01
07262134000120,00077901797487,RAIMUNDO FREIRE DA SILVA,N,2016,01
07272825003200,00041986741320,FRANCISCO MARINHO VASCONCELOS FILHO,N,2016,01
07272825003200,00047722924387,CUSTODIO GOMES DE AZEVEDO NETO,N,2016,01
07272825003200,00070396892353,PEDRO IVO MENDES FROTA,N,2016,01
07305986000157,00001697767435,JOSEILSON DANTAS DE MEDEIROS,N,2016,01
07305986000157,00002689583437,SEBASTIAO DE AZEVEDO DANTAS,N,2016,01
07367977000190,00018407250600,MARIA CONCILIA SALES,N,2016,01
07367977000190,00034028242649,CARLOS FREDERICO SALES ANASTACIO,N,2016,01
07442301000114,00000820390461,FABIO PORCINO ROSADO CHAVES,N,2016,01
07442301000114,00012870174446,MELISSA PORCINO MELO,N,2016,01
07443696000170,00001416623442,RUDA FERNANDES PEREIRA,N,2016,01
07443696000170,00001416624414,SACHA FERNANDES PEREIRA,N,2016,01
07443696000170,00001416625496,SANDI FERNANDES PEREIRA,N,2016,01
07443696000170,00066455707400,LEILA MARIA FERNANDES AUGUSTO,N,2016,01
07448838000191,00023119098434,FRANCISCO CARLOS DIAS CAMPOS,N,2016,01
07448838000191,00072186062704,JOSE ZENILDO DIAS CAMPOS,N,2016,01
07492224000107,00003102364446,FATIMA MARIA DE ARAUJO SOARES,N,2016,01
07508419001099,00000152650300,JOAO ELMO MORENO CAVALCANTE,N,2016,01
07508419001099,00011892021315,FRANCISCO ALBERTO MORENO,N,2016,01
07508419001099,00024889369368,MARIA DA GLORIA TEIXEIRA MORENO,N,2016,01
07508419001099,00044832494368,ANTONIO NELSON TEIXEIRA MORENO,N,2016,01
07509062000172,00001215658400,RICARLIANE SILVA DOS SANTOS,N,2016,01
07509062000172,00002488245461,RENATA SILVA DOS SANTOS,N,2016,01
07543171000106,00020207930406,ERINALDO MEDEIROS DE OLIVEIRA,N,2016,01
07543171000106,00022932720449,ANTONIO GALINHA DE MEDEIROS,N,2016,01
07552997000131,00007417433456,ERIKA CARVALHO DE SOUSA,N,2016,01
07552997000131,00057025819468,ZELIA MARIA COSME CARVALHO,N,2016,01
07610338000104,00001434103340,MARILIA CAMPOS PESSOA NOGUEIRA,N,2016,01
07610338000104,00011636918441,NICOLAS CAMPOS NOGUEIRA,N,2016,01
07612031000142,00031598188453,EDINA MARIA BARBOSA DA SILVA ALMEIDA,N,2016,01
07623886000179,00008955314450,DANIEL PATRICIO BENEVIDES,N,2016,01
07623886000179,00032844026400,VERONICA MARIA ROCHA DE FARIAS,N,2016,01
07693730000164,00004418847413,SIMONIDA QUEIROZ LOPES,N,2016,01
07693730000164,00085159972404,SILNEI DE QUEIROZ LOPES,N,2016,01
07939638000131,00002011423414,JOSE JEOMAR DE MEDEIROS,N,2016,01
07939638000131,00004168881431,MAXIMO WAGNER PEREIRA DE MACEDO,N,2016,01
07969641000106,00053761910444,MARQUIDONES VALAMIRA FERNANDES,N,2016,01
07969641000106,00056688946491,CLAUDIA MARIA DA COSTA FERNANDES,N,2016,01
07986555000101,00072197692453,ANTONIA EDNA SIMAO DO NASCIMENTO BEZERRA,N,2016,01
07986555000101,00073815527449,JOSE EDMO BEZERRA,N,2016,01
07991017000288,00000762675470,KLEIBER FLAVIO SILVA COSTA,N,2016,01
07991017000288,00000762676442,KLEYTON FABIO SILVA COSTA,N,2016,01
08086001000102,00020019939434,NEWTON UCHOA DE ARAUJO,N,2016,01
08086001000102,00046681019404,FRANCINEIDE MAURA UCHOA DE ARAUJO,N,2016,01
08090078000156,00000775007412,DENIO ALVES DE OLIVEIRA,N,2016,01
08090078000156,00002828448487,JOSE ALVES NETO,N,2016,01
08090078000156,00096932350459,MARIA AUGUSTA DE OLIVEIRA ALVES,N,2016,01
08091529000170,00005940614400,FRANCISCO DAS CHAGAS PEREIRA DA SILVA,N,2016,01
08091529000170,00036496910430,FRANCISCO GINETE ANDRADE,N,2016,01
08094807000142,00005126539418,ALINE VALE DE ARAUJO,N,2016,01
08094807000142,00052381765468,JANE VALE DE ARAUJO,N,2016,01
08094807000142,00096928182415,ANA LIGIA VALE DE ARAUJO,N,2016,01
08130288000120,00002662965487,MARIA DE SOUZA MENEZES,N,2016,01
08130288000120,00002672839468,ARLINDO MENEZES DA COSTA,N,2016,01
08206773000130,00017541387487,EDUARDO TORRES BARBALHO,N,2016,01
08206773000130,00091534690468,LENILDE TORRES GALVAO BARBALHO,N,2016,01
08222085000164,00003980102858,ELIETE ROCHA DANTAS,N,2016,01
08222085000164,08222085000164,ELETRO TECNICA INTERLAGOS IND. E COM. LTDA,N,2016,01
08238974000110,00001012769402,ADRIANO ROBERTO ARAUJO DE AZEVEDO,N,2016,01
08238974000110,00014378205491,PEDRO CAMPOS DE AZEVEDO,N,2016,01
08238974000209,00001012769402,ADRIANO ROBERTO ARAUJO DE AZEVEDO,N,2016,01
08238974000209,00014378205491,PEDRO CAMPOS DE AZEVEDO,N,2016,01
08248403000166,00001161784420,JOSE AMADEU VALE,N,2016,01
08248403000166,00081364105420,MARIA GIZELDA DE MEDEIROS VALE,N,2016,01
08249104000731,00020081006420,MARCO ANTONIO PESSOA DE OLIVEIRA,N,2016,01
08249104000731,00027179664472,MIGUEL ARCANJO DE OLIVEIRA JUNIOR,N,2016,01
08249104000731,00042303524415,MARCELO JOAQUIM PESSOA DE OLIVEIRA,N,2016,01
08249104000731,00087506661420,MARCIO JOSE PESSOA DE OLIVEIRA,N,2016,01
08250652000196,00003059886466,MARLUZA REBOUCAS DA SILVA,N,2016,01
08250652000196,00072155485468,PAULO CESAR DE LIMA,N,2016,01
08285124000172,00002530376468,FERNANDO ALBINO RODRIGUES,N,2016,01
08285124000172,00065470524434,HENRIQUE SODRE RODRIGUES,N,2016,01
08286262000176,00046672559434,KLEIBER ANTUNES FURTADO JUNIOR,N,2016,01
08286262000176,00093874022404,MARIA DO SOCORRO FURTADO,N,2016,01
08286593000106,00001244370444,FRANCISCO DE PAIVA MARQUES,N,2016,01
08286593000106,00035818131491,FRANCISCO DE PAIVA MARQUES JUNIOR,N,2016,01
08286593000106,00046676015404,CECILIA CUNHA DE PAIVA MARQUES,N,2016,01
08286593000106,00048157341434,CRISTINA CUNHA DE PAIVA MARQUES,N,2016,01
08286593000106,00050073940410,MARTA CUNHA DE PAIVA MARQUES FLOR,N,2016,01
08286593000106,00064887693400,RICARDO CUNHA DE PAIVA MARQUES,N,2016,01
08293840000100,00013913567801,MARIA DE LOURDES GUEDES SILVA,N,2016,01
08293840000100,00042251400400,FRANCISCO DAS CHAGAS SILVA,N,2016,01
08326720000153,00001167006453,JOSEBEL DA COSTA CIRNE,N,2016,01
08326720000153,00002358221406,FABSON LIRA CIRNE,N,2016,01
08326720000153,00003039123408,RICARDO LIRA CIRNE,N,2016,01
08326720000153,00037885928420,SERGIO ROBERTO DE MEDEIROS CIRNE,N,2016,01
08326720000153,00083729283472,MARIA DE FATIMA LIRA CIRNE,N,2016,01
08326720000153,00089816218453,GERLIZA LIRA CIRNE GASPAR,N,2016,01
08328395000834,00013056514487,JOAQUIM TARCISIO CAMARA FLOR,N,2016,01
08328395000834,00013912844453,TANIA MARIA FLOR RIBEIRO,N,2016,01
08328395000834,00014063654400,TULIO MAURICIO CAMARA FLOR,N,2016,01
08328395000834,00022133755420,THELMA MARIA FLOR ALENCAR,N,2016,01
08328395000834,00033651981487,TATIANA MARIA FLOR GUEDES,N,2016,01
08328395000834,00035758643491,TERCIO CAMARA FLOR,N,2016,01
08328395000834,00036998842449,TARCIO HENRIQUE CAMARA FLOR,N,2016,01
08328395000834,00037848585468,TANILDA MARIA CAMARA FLOR FREITAS,N,2016,01
08328395000834,00056585721420,MARIA DE LOURDES CAMARA FLOR,N,2016,01
08345621000119,00001210402408,CAMILA GOMES FERNANDES DE SOUZA,N,2016,01
08345621000119,00001210941465,CAROLINE GOMES FERNANDES DE SOUZA,N,2016,01
08345621000119,00003554335401,ENIO GOMES FERNANDES DE SOUZA,N,2016,01
08345621000119,00003796507468,FRANCISCO FERNANDES DE SOUZA,N,2016,01
08345621000119,00009048138434,MARIA DA CONCEICAO FERREIRA GOMES DE SOUZA,N,2016,01
08345698000199,00003524633412,KELY REGINA DAS CHAGAS MEDEIROS,N,2016,01
08349862000136,00035797487420,ADERCIO CAMARA JUNIOR,N,2016,01
08349862000136,00044375069449,JOÃO BATISTA GOMES,N,2016,01
08378366000100,00000364452404,JERONIMO NOGUCHI DE GOIS ROSADO,N,2016,01
08378366000100,00002015846468,IZAURA ARUZA DE GOIS ROSADO,N,2016,01
08378366000100,00002985761476,JERONIMO NOGUCHI DE GOIS ROSADO FILHO,N,2016,01
08378366000100,00009482075404,JERONIMO ALEXANDER DE GOIS ROSADO,N,2016,01
08378366000100,00081361939400,NEIDE DA FROTA ROSADO,N,2016,01
08383481000173,00020019939434,NEWTON UCHOA DE ARAUJO,N,2016,01
08383481000173,00046681019404,FRANCINEIDE MAURA UCHOA DE ARAUJO,N,2016,01
08385353000169,00012997544491,WELSON RODRIGUES DO NASCIMENTO,N,2016,01
08385353000169,00077901860430,ALCIVAN TADEUS GOMES DE ARAUJO,N,2016,01
08385759000141,00025476491449,JOSE FERREIRA DA CUNHA,N,2016,01
08385809000190,00006919223490,CAIO SERGIO DAMASCENO DE ARAUJO,N,2016,01
08385809000190,00010680462449,ROBERTO SERGIO DE ARAUJO,N,2016,01
08390833000118,00049077597468,TEONIO VIEIRA PINTO FILHO,N,2016,01
08397333000108,00000742528448,CARLOS ROBERTO MELO DE ANDRADE FILHO,N,2016,01
08397333000108,00001190814404,CARLOS ROBERTO MELO DE ANDRADE,N,2016,01
08397374000102,00001182218415,PEDRO CAMARA DE SOUZA,N,2016,01
08397374000102,00050339532491,MONICA GADELHA DE SOUSA MOURA,N,2016,01
08397374000102,00053910036449,MARCANTONI GADELHA DE SOUZA,N,2016,01
08397374000102,00070382190491,MOEMA GADELHA COSTA DE SOUZA,N,2016,01
08397374000102,00083738142487,MARIA DE LOURDES DE SOUZA BEZERRA,N,2016,01
08399054000183,00005721806168,ROBSON DE MACEDO VIEIRA,N,2016,01
08399054000183,00038006634491,THELMA LUCIA CHAGAS DE MACEDO,N,2016,01
08399834000123,00002570599468,ALVARO DE OLIVEIRA,N,2016,01
08399834000123,00033614920410,JOSIVALDO CLEMENTE DE OLIVEIRA,N,2016,01
08399834000123,00087804603487,MARIA NIVALDA DE OLIVEIRA,N,2016,01
08403578000109,00001100289453,WELLINGTON JOSE MORAIS LUCENA,N,2016,01
08403578000109,00042292379449,JOSE CORDEIRO DE LUCENA NETO,N,2016,01
08403578000109,00056751141491,SERGIO GENTILE LUCENA,N,2016,01
08403578000877,00001100289453,WELLINGTON JOSE MORAIS LUCENA,N,2016,01
08403578000877,00042292379449,JOSE CORDEIRO DE LUCENA NETO,N,2016,01
08403578000877,00056751141491,SERGIO GENTILE LUCENA,N,2016,01
08424210000119,00012378453434,MARIA LUIZA PACHECO DIAS,N,2016,01
08424210000119,00078594626487,LORENA PACHECO DIAS MARINHO,N,2016,01
08456584000116,00003790380482,MOALDO JOSE DANTAS TAVARES,N,2016,01
08456584000116,00004979859429,VIVIANE RIBEIRO TAVARES,N,2016,01
08456584000116,00094338477415,MAXON FLAVIO RIBEIRO TAVARES,N,2016,01
08458002000130,00002343755400,TASLA CAPISTRANO GONZAGA MENDES,N,2016,01
08458002000130,00003603888413,THAISA CAPISTRANO GONZAGA DE ANDRADE,N,2016,01
08458002000130,00085215473404,JANDIRA CAPISTRANO GONZAGA,N,2016,01
08458002000130,00085215570434,THIAGO CAPISTRANO GONZAGA,N,2016,01
08473985000265,00002764341458,THAYANNE FLOR ALVARES DANTAS,N,2016,01
08473985000265,00007485506404,DIOGENES DANTAS ALVARES,N,2016,01
08474319000160,00003378058498,MARIA VALDENIRA DA SILVA,N,2016,01
08474319000160,00063259907220,JOAO BEZERRA DE QUEIROZ NETO,N,2016,01
08482895000150,00007414510425,ORISMAR CARLOS DE ALMEIDA,N,2016,01
08482895000150,00007501188491,ANTONIMAR CARLOS DE ALMEIDA,N,2016,01
08505901000147,00033614920410,JOSIVALDO CLEMENTE DE OLIVEIRA,N,2016,01
08505901000147,00087804603487,MARIA NIVALDA DE OLIVEIRA,N,2016,01
08505901000147,08399834000123,ALVARO DE OLIVEIRA & CIA LTDA,N,2016,01
08506693000109,00005008033409,JULIANA DE AZEVEDO BARBOSA MACEDO,N,2016,01
08506693000109,00009474498415,CANDIDO BARBOSA NETO,N,2016,01
08506693000109,00018243304487,DAILDE DE AZEVEDO BARBOSA,N,2016,01
08510133000110,00027628027415,JOSE MARIA JACOME BEZERRA,N,2016,01
08510133000110,00047446609400,MARIA LUIZA DE ALMEIDA RIBEIRO JACOME,N,2016,01
08512972000177,00048186260404,ANTONIO DOS SANTOS LEITE DE OLIVEIRA,N,2016,01
08512972000177,00081279639415,FRANCISCO MAGNO DE OLIVEIRA,N,2016,01
08539181000130,00009620915453,JOAO COBE NETO,N,2016,01
08539181000130,00013054058468,MARIA ANTONIA ROMUALDO DE ARAUJO,N,2016,01
08547432000129,00005117305434,HUGO NOBRE CABRAL,N,2016,01
08547432000129,00018236766420,LEA BARBOSA CABRAL,N,2016,01
08547432000552,00005117305434,HUGO NOBRE CABRAL,N,2016,01
08547432000552,00018236766420,LEA BARBOSA CABRAL,N,2016,01
08547432000803,00005117305434,HUGO NOBRE CABRAL,N,2016,01
08547432000803,00018236766420,LEA BARBOSA CABRAL,N,2016,01
08548539000191,00013125567491,EDILMA DE MEDEIROS DANTAS,N,2016,01
08548539000191,00020254830404,ENILDA DE MEDEIROS DANTAS,N,2016,01
08553216000196,00003947289472,MARIA CABRAL DE ALBUQUERQUE,N,2016,01
08553216000196,00015672778453,CORINA CABRAL DE ALBUQUERQUE,N,2016,01
08553216000196,00031203248415,JOSE CABRAL DE ALBUQUERQUE,N,2016,01
08555021000185,00017545331400,RONALDO MARQUES RODRIGUES,N,2016,01
08555021000185,00072137886472,ROSANE MENDONCA RODRIGUES,N,2016,01
08563934000143,00003036832440,JOSE DOS SANTOS PINHEIRO DA SILVA JUNIOR,N,2016,01
08563934000143,00087765942468,ANDRE CIRILO DE OLIVEIRA PINHEIRO,N,2016,01
08572950000100,00026718588415,ROBERTO PINTO SERQUIZ ELIAS,N,2016,01
08572950000100,00029303117468,MARIA TEREZA PINTO SERQUIZ MAIA,N,2016,01
08574428000150,00008607958453,DAVINA SOARES,N,2016,01
08574428000150,00013911350406,FRANCISCO CANINDE SOARES RODRIGUES,N,2016,01
08576605000137,00005375446405,FRANCISCO EDILSON XAVIER REBOUCAS SEGUNDO,N,2016,01
08576605000137,00013014110434,FRANCISCO EDILSON XAVIER REBOUCAS,N,2016,01
08576605000137,00022978712449,LINDONETE MARIA MOURA ROCHA REBOUCAS,N,2016,01
08578007000105,00001119729491,LUIZ GONZAGA DE MELO,N,2016,01
08578007000105,00005337088424,CIRO DE HOLANDA MELO,N,2016,01
08578007000105,00025469932400,MARCOS EFRAIM DE MELO,N,2016,01
08690810000129,00031543278434,JOSEFA MARIA DA SILVA,N,2016,01
08690810000129,00087570467434,MARIA SULENE DE LIRA SILVA,N,2016,01
08698326000146,00001191634469,WALTEISE PEREIRA DE OLIVEIRA,N,2016,01
08698326000146,00042994632420,JOSE LUCIO DE OLIVEIRA,N,2016,01
08713513000151,00003203131404,JOSE MUNIZ UCHOA,N,2016,01
08713513000151,00042291712420,GLAUBER CAVALCANTE UCHOA,N,2016,01
08713513000151,00067147232453,GLEYBER CAVALCANTE UCHOA,N,2016,01
08713513000151,00072298235449,EDIZIA CAVALCANTE DE BRITO UCHOA,N,2016,01
08865584000170,00003203966492,KELLY MARQUES TEIXEIRA DE GOES CUNHA,N,2016,01
08865584000170,00091441692487,MARINEIDE DINIZ BRITO DE AZEVEDO,N,2016,01
08883446000113,00008965947421,ALLYSON BERGSON FERNANDES DE MEDEIROS,N,2016,01
08883446000113,00046594370430,LUIZ JURANDIR DE MEDEIROS,N,2016,01
08883446000113,00079113583468,JUVANIRA FERNANDES DE MEDEIROS,N,2016,01
08940466000189,00005964171443,JOABEL DE ARAUJO MEDEIROS,N,2016,01
08940466000189,00020238290468,JOSE MEDEIROS,N,2016,01
08975531000101,00030275504204,ADRIANA DE FATIMA SILVA BELEM,N,2016,01
08975531000101,00059778350434,SIUMARA BERGMANN,N,2016,01
08979330000182,00008996394459,LAMARCK CAYMI AZEVEDO CAVALCANTE,N,2016,01
09018974000177,00013022822472,JOSE TADEU RODRIGUES SARMENTO,N,2016,01
09018974000177,00066471125453,CREMEILDA JACOME SARMENTO,N,2016,01
09080953000181,00006151597451,LOUISE STELLA LIMA BARBOSA,N,2016,01
09080953000181,00008479394480,LETICIA ALINE LIMA BARBOSA,N,2016,01
09080953000181,00033594724468,LUIZ HUGO VIDAL BARBOSA,N,2016,01
09080953000181,00082864888491,LEONARDO VIDAL BARBOSA,N,2016,01
09109547000102,00014383780415,PEDRO NASCIMENTO DE PAIVA FERNANDES,N,2016,01
09114091000160,00000333700449,JOAO SILVEIRA GUIMARAES FILHO,N,2016,01
09114091000160,00001064278493,TOMAS SILVEIRA GUIMARAES FILHO,N,2016,01
09114091000160,00005073879457,MARIANA MEIRA GUIMARAES,N,2016,01
09114091000160,00020343701472,TOMAS SILVEIRA GUIMARAES,N,2016,01
09114091000160,00033829233434,LUIS SERGIO SILVEIRA GUIMARAES,N,2016,01
09114091000160,00039567915415,SAIONARA MARIA SILVEIRA GUIMARAES,N,2016,01
09114091000160,00062152114434,CHARLES PEREIRA SILVEIRA,N,2016,01
09114091000160,00088487644449,BIANCA PEREIRA SILVEIRA FILGUEIRAS NOGUEIRA,N,2016,01
09117268000182,00022989528415,SUEUDO BESSA REGIS,N,2016,01
09117268000182,00031507166400,IVANSUEUDO BESSA REGIS,N,2016,01
09117268000182,00049055240400,RAIMUNDA BESSA FREITAS,N,2016,01
09162487000183,00001704705479,FRANCISCO XAVIER DE OLIVEIRA NETO,N,2016,01
09162487000183,00005070669443,MARIA EDINETE PEREIRA DA SILVA,N,2016,01
09166764000126,00003136338430,MARCIO LEITE PEREIRA,N,2016,01
09166764000126,00005914625408,SIMONE MARCIA LEITE PEREIRA,N,2016,01
09196733000118,00022965785434,GEOVANE DA SILVA BEZERRA,N,2016,01
09196733000118,00054604176434,FRANCISCA DAS CHAGAS DA SILVA BEZERRA,N,2016,01
09208172000120,00001236301420,DANIELLE MONIKE LIMA DE ALBUQUERQUE,N,2016,01
09208172000120,00006369763438,LUCIO FERNANDES DE ALBUQUERQUE JUNIOR,N,2016,01
09246769000169,00002035939445,JEANE DANTAS DO NASCIMENTO,N,2016,01
09246769000169,00004136551487,FRANCISCO JACOME SARMENTO,N,2016,01
09266128000338,00004791004469,ARTHUR GUSTAVO VAZ TOLENTINO,N,2016,01
09266128000338,00006346740482,PAULO RONALDO TOLENTINO,N,2016,01
09392341000124,00005011230325,SEVERINO RAMOS DE OLIVEIRA,N,2016,01
09392341000124,00051234980444,HELDER JANSEN RODRIGUES DE OLIVEIRA,N,2016,01
09392341000205,00005011230325,SEVERINO RAMOS DE OLIVEIRA,N,2016,01
09392341000205,00051234980444,HELDER JANSEN RODRIGUES DE OLIVEIRA,N,2016,01
09392341000558,00005011230325,SEVERINO RAMOS DE OLIVEIRA,N,2016,01
09392341000558,00051234980444,HELDER JANSEN RODRIGUES DE OLIVEIRA,N,2016,01
09402009000284,00015599566404,GENILDO FERNANDES DE QUEIROZ,N,2016,01
09402009000284,00062713655404,JULIA FERNANDES DE QUEIROZ,N,2016,01
09404534000158,00008580367468,PEDRO FERNANDES DA SILVEIRA,N,2016,01
09459395000240,00002210973414,SANDRA FERNANDES DE MORAIS LOPES,N,2016,01
09459395000240,00056635699449,JOAO LOPES DA SILVA JUNIOR,N,2016,01
09461826000122,00006147504401,ANDERSON LUCIER DA CRUZ BARROS,N,2016,01
09461826000122,00006147512412,ALYSSON LUCYAN DA CRUZ BARROS,N,2016,01
09481837000174,00002764341458,THAYANNE FLOR ALVARES DANTAS,N,2016,01
09481837000174,00007485506404,DIOGENES DANTAS ALVARES,N,2016,01
09493387000130,00075189739449,JOSEMAR FERREIRA DA SILVA,N,2016,01
09493387000130,00087683890430,CLAUDIA REGINA SOUSA DA SILVA,N,2016,01
09501742000175,00000794168450,JOSE TARCISIO DIOGENES JUNIOR,N,2016,01
09501742000175,00005086174481,SAVIO TARCIO GURGEL DIOGENES,N,2016,01
09501742000175,00010903579405,SAULLO RARYANO GURGEL DIOGENES,N,2016,01
09501742000175,00026073846487,ROSANGELA GURGEL DE OLIVEIRA DIOGENES,N,2016,01
09524685000140,00009288252304,JOSE AURINO ASEVEDO LOPES,N,2016,01
09524685000140,00021658684320,ISMENIA MACIEL SAMPAIO ASEVEDO,N,2016,01
09546079000125,00070238618404,JOSE GILVAN ALVES,N,2016,01
09546079000125,00090394089472,MARIA REGINA DUARTE MARINHO ALVES,N,2016,01
09581515000105,00005533518428,ANNE GABRIELLE DA SILVA XAVIER,N,2016,01
09581515000105,00006040350474,PEDRO DIOGO SILVA ALVES GONCALVES,N,2016,01
09600404000190,00052318419434,TEOFILO FERREIRA DE SOUZA,N,2016,01
09813406000168,00009270949400,VALTER ANUNCIATO DA SILVEIRA,N,2016,01
10013417000142,00053767063468,RONNIE CEZAR FERNANDES SILVA,N,2016,01
10013417000142,00072158824468,CLEINO MARCOS FERNANDES BENTO,N,2016,01
10141376000170,00002837251410,MARIA GORETE PEREIRA DA COSTA VASCO,N,2016,01
10141376000170,00079087809468,BENTO DE LIMA VASCO,N,2016,01
10233869000130,00009476644400,FRANCISCO BORGES DA SILVA,N,2016,01
10233869000130,00017587336400,MANOEL BORGES DA SILVA,N,2016,01
10269807000188,00000984238433,TALIA CRISTINA SOUZA NOBREGA,N,2016,01
10269807000188,00014480689168,UIRAJARA COSTA NOBREGA,N,2016,01
10328834000184,00054953006534,ALBERTO SOBRAL DA SILVA,N,2016,01
10328834000184,00067171044491,LUIZ ALBERTO BARBALHO GALVAO,N,2016,01
10328834000184,00075147491449,GUSTAVO HENRIQUE BARBALHO GALVAO,N,2016,01
10440445000227,00002330255454,LENILDA SALVADOR DA SILVA,N,2016,01
10440445000227,00006832248407,JOAO MARIA ALVES GALVAO,N,2016,01
10489517000140,00008769695466,EDUARDO JOSE DE ARAUJO,N,2016,01
10489517000140,00082901805434,FRANCISCA D ARC DE ARAUJO BATISTA,N,2016,01
10606327000165,00006067683431,ANGELO MARCOS DE HOLANDA,N,2016,01
10606327000165,00007558157420,AIANNE MIKAELLY GONCALVES DE HOLANDA,N,2016,01
10641461000105,00036915017453,MARIA APARECIDA FERREIRA DE ARAUJO,N,2016,01
10641461000105,00087570637453,VALDENOR OTACILIO DA SILVA ARAUJO,N,2016,01
10649161000164,00064851273215,ELISANGELA BANDEIRA RIZZI,N,2016,01
10649161000164,00069730768234,MARCELO BANDEIRA RIZZI,N,2016,01
10655938000101,00067104622420,FAUSTO CAVALCANTE DA SILVA JUNIOR,N,2016,01
10655938000101,00079073727472,ADRIANA CARLA DE OLIVEIRA SOUZA CAVALCANTE,N,2016,01
10707826000149,00046534229404,FRANCINETE SILVA DOS SANTOS,N,2016,01
10729462000106,00003780913445,JOSIENE RODRIGUES DO VALE,N,2016,01
10729462000106,00030707905850,MARCOS LEANDRO DE CASTRO DANTAS,N,2016,01
10761839000104,00018185533415,JOAO ALBERTO ALVES TEIXEIRA,N,2016,01
10761839000104,00026128195415,ADJACIRA SOBREIRA DE CASTRO TEIXEIRA,N,2016,01
10790288000107,00002242077414,ELMA DANTAS DE MEDEIROS BRITO,N,2016,01
10790288000107,00002798835445,JAELSON DANTAS DE MEDEIROS BRITO,N,2016,01
10808409000192,00000939731444,CARLOS HENRIQUE CABRAL DE AZEVEDO,N,2016,01
10808409000192,00031586600400,JOAO MARIA AZEVEDO,N,2016,01
10822747000189,00002199259412,EDILTON DAMIAO DO REGO,N,2016,01
10822747000189,00039247783453,MARIA ELIENE QUEIROZ DA CUNHA,N,2016,01
10857970000161,00006720633449,MARIA DALVA DE MESQUITA DIAS,N,2016,01
10857970000161,00031573126420,FRANCISCO MESSIAS DIAS,N,2016,01
10867569000102,00001148829407,CIPRIANO GOMES LOPES,N,2016,01
10867569000102,00006645600402,LUIZ CARLOS GOMES LOPES,N,2016,01
10898135000170,00017854501823,LAILDO NECO DE MORAIS,N,2016,01
10898135000170,00065402898472,AMARO ANTONIO DA COSTA,N,2016,01
10933739000100,00007264253465,MONINNE RAQUEL OLIVEIRA MORAIS,N,2016,01
10933739000100,00007391041440,DEIVID VIANA DE AQUINO,N,2016,01
10951001000175,00001039386482,EDIVAN LIRA DA SILVA,N,2016,01
10951001000175,00081219512400,NICACIO GENIVAN LOPES,N,2016,01
10981924000170,00006111784439,MANUELLY MAKSON ARAUJO,N,2016,01
10981924000170,00070034090460,ELTON DA SILVA SANTOS,N,2016,01
11155780000165,00000897880447,MARIA DA SALETE FERNANDES DE MEDEIROS,N,2016,01
11155780000165,00036585351487,MARIA DA CONCEICAO FERNANDES PIMENTA,N,2016,01
11233325000130,00040639584420,JAILTON AURELIANO DA SILVA,N,2016,01
11233325000130,00042328209491,WBIRANILTON LINHARES DE ARAUJO,N,2016,01
11290066000180,00002978649470,RICARDO BRUNO SILVA DOS SANTOS,N,2016,01
11290066000180,00046534229404,FRANCINETE SILVA DOS SANTOS,N,2016,01
11511020000143,00002259218474,CESAR CARLOS SILVEIRA MARIZ,N,2016,01
11511020000143,00073950203400,ROBERIO CAIAFFO CAVALCANTE ANDRADE,N,2016,01
11580209000198,00037818783415,FERNANDO ANTONIO NUNES GONDIM,N,2016,01
11580209000198,00046520635472,MARIA DA CONCEICAO DUARTE GONDIM,N,2016,01
11689133000133,00008789080483,MARIANA PINHEIRO DE ARAUJO,N,2016,01
11689133000133,00009241584416,HELOA D AVILLA NERY SERRA DANTAS,N,2016,01
11689133000133,00039382249400,GEOVANILDO PEREIRA DE ARAUJO,N,2016,01
11706364000108,00066456134404,GIRLEIDE DE SOUSA LIMA,N,2016,01
11706364000108,00078563984420,GIRLENE DE SOUZA LIMA,N,2016,01
11786813000175,00000887915566,JACIARA GONCALVES DA SILVA,N,2016,01
11786813000175,00006369763438,LUCIO FERNANDES DE ALBUQUERQUE JUNIOR,N,2016,01
11855278000167,00003282675461,MIRTHS MARIA MEDEIROS DA SILVA,N,2016,01
11855278000167,00090460839420,ANTONIA VALDERICE DE MACEDO SOUZA,N,2016,01
11920032000121,00007110953459,RODRIGO THASSO DE SENA SILVA,N,2016,01
11933991000181,00015500470434,RAIMUNDO NONATO DE SOUZA,N,2016,01
11933991000181,00020084994487,MARIA ELI DIAS,N,2016,01
11936085000130,00042349869415,CARLOS ANTONIO DE SOUZA,N,2016,01
11936085000130,00063127660472,PEDRO GILSON DE SOUZA,N,2016,01
11937778000148,00002215925477,MARILU TRINDADE DANTAS,N,2016,01
11937778000148,00009809589468,CLEODOMAR GREGORIO DANTAS,N,2016,01
11940467000138,00002023024404,OTACILIO CACIANO DO NASCIMENTO,N,2016,01
11940467000138,00008192320413,LUIS HENRIQUE DE FRANCA GOMES,N,2016,01
11940467000138,00023448270482,JOSE REGINALDO GOMES,N,2016,01
11981669000128,00018566561104,JOAO MARIA DE OLIVEIRA,N,2016,01
11981669000128,00056519796468,MARIA AUXILIADORA TARGINO DE OLIVEIRA,N,2016,01
11982113000237,00029749840453,AFRANIO FERREIRA DE MIRANDA FILHO,N,2016,01
11982113000237,00040648320430,LUCIANO DE SOUSA MIRANDA,N,2016,01
11982113000237,00046528210420,PAULO CESAR DE SOUSA MIRANDA,N,2016,01
11982113000237,00053910168434,SILVANA GOMES DE MIRANDA,N,2016,01
11982113000580,00029749840453,AFRANIO FERREIRA DE MIRANDA FILHO,N,2016,01
11982113000580,00040648320430,LUCIANO DE SOUSA MIRANDA,N,2016,01
11982113000580,00046528210420,PAULO CESAR DE SOUSA MIRANDA,N,2016,01
11982113000580,00053910168434,SILVANA GOMES DE MIRANDA,N,2016,01
11982113000660,00029749840453,AFRANIO FERREIRA DE MIRANDA FILHO,N,2016,01
11982113000660,00040648320430,LUCIANO DE SOUSA MIRANDA,N,2016,01
11982113000660,00046528210420,PAULO CESAR DE SOUSA MIRANDA,N,2016,01
11982113000660,00053910168434,SILVANA GOMES DE MIRANDA,N,2016,01
11982113000741,00029749840453,AFRANIO FERREIRA DE MIRANDA FILHO,N,2016,01
11982113000741,00040648320430,LUCIANO DE SOUSA MIRANDA,N,2016,01
11982113000741,00046528210420,PAULO CESAR DE SOUSA MIRANDA,N,2016,01
11982113000741,00053910168434,SILVANA GOMES DE MIRANDA,N,2016,01
12055990000144,00000871828405,MARCOS ANTONIO NUNES,N,2016,01
12055990000144,00001156341426,ANA CRISTINA BRITO,N,2016,01
12165870000108,00001009691430,FRANCISCO BERGJANIO DE OLIVEIRA SILVA,N,2016,01
12165870000108,00087708140404,FRANCISCO BERCLESON DE OLIVEIRA SILVA,N,2016,01
12228951000100,00003553251441,BRUNO MENEZES GUIMARAES,N,2016,01
12228951000100,00063478501415,ROGERIO DE OLIVEIRA DIAS,N,2016,01
12305387000173,00003525182430,RODRIGO FERNANDES DE CARVALHO,N,2016,01
12305387000173,00004644650447,EDUARDO FERNANDES DE CARVALHO,N,2016,01
12305387000173,00005916884419,FELIPE FERNANDES DE CARVALHO,N,2016,01
12305387000173,00009166947391,EDUARDO TAVARES DE CARVALHO,N,2016,01
12305387000173,00067185517400,FERNANDA FERNANDES DE CARVALHO,N,2016,01
12305387000173,40811440000143,PRONTOMEDICA PRODUTOS HOSPITALARES LTDA,N,2016,01
12305387000416,00003525182430,RODRIGO FERNANDES DE CARVALHO,N,2016,01
12305387000416,00004644650447,EDUARDO FERNANDES DE CARVALHO,N,2016,01
12305387000416,00005916884419,FELIPE FERNANDES DE CARVALHO,N,2016,01
12305387000416,00009166947391,EDUARDO TAVARES DE CARVALHO,N,2016,01
12305387000416,00067185517400,FERNANDA FERNANDES DE CARVALHO,N,2016,01
12305387000416,40811440000143,PRONTOMEDICA PRODUTOS HOSPITALARES LTDA,N,2016,01
12328933000191,00002907964402,LEONARDO ALEXANDRE DA ROCHA,N,2016,01
12328933000191,00045135290400,KATIA COELLY VIRISSIMO DO NASCIMENTO ROCHA,N,2016,01
12528765000188,00004743790433,IVANILSON DOS SANTOS VERAS,N,2016,01
12528765000188,00041403517487,MARIA JOSE DOS SANTOS VERAS,N,2016,01
12637492000100,00065499360472,OSORIO DANTAS DA ROCHA,N,2016,01
12637492000100,00070266111432,EMMANUELY FELIX OLIVEIRA ROCHA,N,2016,01
12686128000130,00001559085452,GABRIELE MARIELY BEZERRA DE OLIVEIRA,N,2016,01
12686128000130,00072050551487,ANA CLEA BEZERRA DE MEDEIROS,N,2016,01
12689295000134,00000988298406,WELLBERSON FLOR DE OLIVEIRA,N,2016,01
12689295000134,00005788039410,HUDYSON FLOR DE OLIVEIRA,N,2016,01
12689295000134,00008567921449,JAIRO ARAUJO DE OLIVEIRA,N,2016,01
12689295000134,00089798856449,MAXWELL FLOR DE OLIVEIRA,N,2016,01
12689295000215,00000988298406,WELLBERSON FLOR DE OLIVEIRA,N,2016,01
12689295000215,00005788039410,HUDYSON FLOR DE OLIVEIRA,N,2016,01
12689295000215,00008567921449,JAIRO ARAUJO DE OLIVEIRA,N,2016,01
12689295000215,00089798856449,MAXWELL FLOR DE OLIVEIRA,N,2016,01
12689295000304,00000988298406,WELLBERSON FLOR DE OLIVEIRA,N,2016,01
12689295000304,00005788039410,HUDYSON FLOR DE OLIVEIRA,N,2016,01
12689295000304,00008567921449,JAIRO ARAUJO DE OLIVEIRA,N,2016,01
12689295000304,00089798856449,MAXWELL FLOR DE OLIVEIRA,N,2016,01
12689295000568,00000988298406,WELLBERSON FLOR DE OLIVEIRA,N,2016,01
12689295000568,00005788039410,HUDYSON FLOR DE OLIVEIRA,N,2016,01
12689295000568,00008567921449,JAIRO ARAUJO DE OLIVEIRA,N,2016,01
12689295000568,00089798856449,MAXWELL FLOR DE OLIVEIRA,N,2016,01
12704516000104,00008789080483,MARIANA PINHEIRO DE ARAUJO,N,2016,01
12704516000104,00076205800420,MERCIA CRISTINA FERNANDES PINHEIRO,N,2016,01
12742920000164,00009616365487,LANDE-MAR DO NASCIMENTO,N,2016,01
12747440000196,00004107594491,LUIS PAIZINHO DANTAS,N,2016,01
12747440000196,00008627479453,DAMIANA APARECIDA DE AZEVEDO,N,2016,01
12980520000197,00002668529476,CADJA PEREIRA DE MELO,N,2016,01
12980520000197,00034173005415,CASSIO PEREIRA DE MELO,N,2016,01
12980520000197,00067178456434,CLEBSON PEREIRA DE MELO,N,2016,01
12980520000197,00087684373404,CLEDJA PEREIRA DE MELO RASTELLI,N,2016,01
13000723000132,00001109752431,LEONARDO DANTAS REBOUCAS DA SILVA,N,2016,01
13000723000132,00013097652434,LEONARDO VASCONCELOS GERMANO DA SILVA,N,2016,01
13060597000101,00008214350433,SANDERSON CORTEZ DE QUEIROZ,N,2016,01
13060597000101,00027690172415,FRANCISCA LUCIMAR LIMA E SILVA,N,2016,01
13167850000120,00002398003469,FRANCISCO DERLANO DE LIMA PEREIRA,N,2016,01
13167850000120,00029481914836,ANTONIO LIMDENBERGUE GOMES DE ABREU,N,2016,01
13190056000106,00046049096449,VALDECI TEIXEIRA JALES,N,2016,01
13190056000106,00070154112453,EDILEUSA TEIXEIRA JALES,N,2016,01
13228559000115,00002659567492,VICTOR SIRUFFO DE CARVALHO,N,2016,01
13228559000115,00002744733482,SANZIA PATRICIA DE SOUZA SIRUFFO,N,2016,01
13259674000157,00011647263409,ERICK LORENZO NOLASCO SILVA,N,2016,01
13259674000157,00065339304434,FRANCISCO LUCIEUDES DA SILVA,N,2016,01
13259674000157,00086470566391,FRANCISCO JUCIVAN FERNANDES COSTA,N,2016,01
13536641000107,00063874067491,FREDIANO JALES ROSADO,N,2016,01
13536641000107,00079247806453,GREGORIO JALES ROSADO,N,2016,01
13662971000149,00004598161442,DIEGO STEFANIO DO COUTO,N,2016,01
13662971000149,08356048000149,PETROSOLUCTION FOMENTO MERCANTIL LTDA,N,2016,01
13735375000141,00019926944434,TEREZA NEUMA FERNANDES TORRES,N,2016,01
13735375000141,00046546600463,SEVERINO VIEIRA TORRES JUNIOR,N,2016,01
13815612000184,00004674320402,SUZY MARIA CARLOS COSTA,N,2016,01
13815612000184,00004674323410,JOANA EMANOELLY CARLOS COSTA,N,2016,01
13839092000140,00003204632490,MARTA MESSIAS DE MESQUITA,N,2016,01
13839092000140,00006988230440,MAXKSON MESSIAS DE MESQUITA,N,2016,01
13938876000125,00063402882434,MIGUEL SOARES DE MOURA,N,2016,01
13938876000125,00067306896415,ERONEIDE ZACARIAS DA COSTA,N,2016,01
14318691000180,00032403143472,MARCOS ANTONIO CABRAL,N,2016,01
14318691000180,00072109718404,TANIA MARIA LOURENCO CABRAL,N,2016,01
14428827000105,00049827731491,ROMUALDO TORRES BEZERRA JUNIOR,N,2016,01
14428827000105,00079153348400,ERINEIDE ELAINE DA SILVA TORRES,N,2016,01
14436874000109,00005830449480,LUIS CLENILSON DE MEDEIROS FILHO,N,2016,01
14436874000109,00007597521413,LYSSANDRO LOPES DE ARAUJO MEDEIROS,N,2016,01
14436874000109,00024148547404,ELIZABETH LOPES DE ARAUJO,N,2016,01
14645674000158,00007126980434,MARIA JOSE BEZERRA SOARES,N,2016,01
14785603000150,00007697244420,ARLINDO FARIA DA COSTA,N,2016,01
14785603000150,00081226799434,ARLINDO FARIA DA COSTA JÚNIOR,N,2016,01
15359153000105,00001423663403,RAFAEL DE AMORIM DANTAS,N,2016,01
15359153000105,00009033662400,PATRICIA BERNARDO DE CASTRO AMORIM,N,2016,01
15866751000162,00000876596464,JOSEFA VERIDYANA REGO FONSECA DE CARVALHO,N,2016,01
15866751000162,00077955315472,LEONARDO NOGUEIRA DE CARVALHO,N,2016,01
16553066000149,00005831879437,FRANCISCO DE ASSIS CAETANO DA SILVA,N,2016,01
16553066000149,00007335252458,OSCAR BATISTA DE SOUZA NETO,N,2016,01
16723530000106,00050333100468,HERACLITO MARIA SOARES JUNIOR,N,2016,01
16723530000106,00087832712449,SHEYLA MEIRE DA SILVA,N,2016,01
16737759000191,00006324712478,CIMARA CRISTIANE DOS SANTOS,N,2016,01
16737759000191,00007705029464,JARLEIDE SUELY MEDEIROS DA SILVA,N,2016,01
16783593000140,00035758643491,TERCIO CAMARA FLOR,N,2016,01
16783593000140,00050073940410,MARTA CUNHA DE PAIVA MARQUES FLOR,N,2016,01
16826043000160,00004470265420,ELIAS SIMÕES DE ARAÚJO,N,2016,01
16826043000160,00007496400491,MARISETE FERNANDES BEZERRA FONTES,N,2016,01
16909633000157,00001404591460,ANDREIA LAYSE ADOLFO DA SILVA,N,2016,01
16909633000157,00054370302749,SEVERINO MANOEL ADOLFO,N,2016,01
16909633000157,22862359000100,ADOLFO & ADOLFO PARTICIPACOES LTDA,N,2016,01
17110756000196,00003793781402,PAULO VICTOR ACIOLY DE OLIVEIRA,N,2016,01
17110756000196,00082226342400,LUIZ ANDRE SAMPAIO ACIOLY,N,2016,01
17198254000169,00003570907481,WASHINGTON ALLAND MORAES DA ROCHA,N,2016,01
17198254000169,00076117073453,MICARLA SILVA DA CRUZ ROCHA,N,2016,01
17199619000170,00002978649470,RICARDO BRUNO SILVA DOS SANTOS,N,2016,01
17199619000170,00010614075432,FERNANDA PAULA MARQUES DA FONSECA,N,2016,01
17320267000169,00003501929870,OSMAR FELIPE DOS SANTOS,N,2016,01
17320267000169,00043973181829,ISABELLA CROISFELT SANTOS,N,2016,01
17514152000105,00005992322426,CLAUDIO HENRIQUE DA SILVA CARNEIRO,N,2016,01
17514152000105,00028916859468,JOSE CLAUDIONOR DA SILVA,N,2016,01
17570889000145,00005476066489,JOSE RADAMES FERNANDES MALHEIRO,N,2016,01
17570889000145,00045540829468,LUIZA PINHEIRO FERNANDES,N,2016,01
17602864000186,00000945851480,CELSO RODRIGO DA COSTA CRUZ,N,2016,01
17602864000186,00009268669315,MARIA IRENICE LOPES CALADO,N,2016,01
17602864000186,00076097200463,EDNA MACHADO DO REGO BARROS,N,2016,01
17640366000128,00006792523470,JACIARA DOS SANTOS GALVAO,N,2016,01
17640366000128,00008232460431,LUIS HENRIQUE SIQUEIRA DE ARAUJO LIMA,N,2016,01
17650878000175,00000499062329,MONICA ESTEVAM PESSOA,N,2016,01
17650878000175,00008276241409,GUILHERME ANDRE RODRIGUES NEGREIROS,N,2016,01
18081960000199,00007487378470,JOSE RICARDO DA SILVA,N,2016,01
18081960000199,00010540152447,JADLA ARAUJO BARBOSA,N,2016,01
18087566000168,00000917685431,IVIS LEVI DE AGUIAR SANTOS,N,2016,01
18087566000168,00070259286400,IVIS LEVI LOPES ARAUJO AGUIAR,N,2016,01
18141871000190,00000281117888,MARCELO GARCIA LEAL,N,2016,01
18141871000190,00002163002829,RICARDO GARCIA LEAL,N,2016,01
18141871000190,00002163006816,JOSE MILTON GARCIA LEAL FILHO,N,2016,01
18141871000190,00006263819839,GIAN SOARES DE SORDI,N,2016,01
18141871000190,00012692917855,ROBERTO GARCIA LEAL,N,2016,01
18141871000190,62046735000880,ITOGRASS AGRICOLA ALTA MOGIANA LTDA,N,2016,01
18693512000146,00008220098708,HELCIUS LEVY DE SANTANA FERREIRA,N,2016,01
18738375000119,00041415680400,LIGIA REGINA CARLOS LIMEIRA,N,2016,01
18738375000119,00042272939449,JARBAS ANTONIO DA SILVA BEZERRA,N,2016,01
18738375000119,00047336099300,TANIA MARIA DE OLIVEIRA PATRICIO,N,2016,01
18880472000141,00003410581499,SIDICLEY ROMUALDO DE MORAIS FREITAS,N,2016,01
18880472000141,00004803325413,SIDNACARLA MORAIS DE FREITAS MARCOLINO,N,2016,01
18949348000195,00062690230410,JAILSON DANTAS QUEIROZ,N,2016,01
18949348000195,00075140152487,LENILSA MENDES DE ANDRADE,N,2016,01
18966174000179,00002908026449,JOSE LUCIANO CAMARA SOLINO,N,2016,01
18966174000179,00078604397434,JOELSON WILLIAM CAVALCANTE,N,2016,01
18966490000140,00000931427495,MARIA EDINEIDE DOS ANJOS,N,2016,01
18966490000140,00091527848434,WAGNER DE OLIVEIRA FREIRE,N,2016,01
19711375000198,00017006732468,FRANCISCO DE ASSIS AQUINO GONDIM,N,2016,01
19711375000198,00040596672420,MARIA DO SOCORRO MEDEIROS GONDIM,N,2016,01
19711375000198,21295740000172,GMB HOLDING BUSINESS LTDA,N,2016,01
19730954000188,00004933306400,HAGACY DE ANGELLYS BONNYRRAWS VIRGINIO,N,2016,01
19730954000188,00008172701403,HAGACY DE ALLYSTON GOMES VIRGINIO,N,2016,01
19881198000198,00036905860468,ARISTOTELES DE VASCONCELOS NETO,N,2016,01
19881198000198,00065486552491,JOSE LIDERZIO FERREIRA DE VASCONCELOS JUNIOR,N,2016,01
20103659000180,00049827731491,ROMUALDO TORRES BEZERRA JUNIOR,N,2016,01
20775810000127,00006846948406,EDEN SANTOS DE MEDEIROS,N,2016,01
20775810000127,00007467902441,ELLEN SANTOS DE MEDEIROS,N,2016,01
20802223000180,00001788664400,MIGUEL ANGELO DE OLIVEIRA AMORIM,N,2016,01
20802223000180,00079154379415,PAULO EVERTON GURGEL DE AMORIM,N,2016,01
21255865000179,00020281919453,PAULO MANUEL DE MELO,N,2016,01
21286237000150,00002618033442,LYZANDRA MELLINNE PINHEIRO DOS SANTOS BEZERRA,N,2016,01
21286237000150,00063817071434,JOSE AURELIANO BEZERRA,N,2016,01
21648430000356,00002469556198,ANA PAULA SABATINE,N,2016,01
21648430000356,00062693247187,MAURO SABATINI FILHO,N,2016,01
21725568000140,00004196367496,LIDIANE DE MEDEIROS EMERENCIANO,N,2016,01
21725568000140,00087482681434,MAIXIMILIANO FERNANDES DE OLIVEIRA,N,2016,01
21869689000165,00001085970400,MARIA RAQUEL MEDEIROS,N,2016,01
21869689000165,00087367033468,EDMILSON ALVES DA SILVA FILHO,N,2016,01
22216720000202,00006291315467,IGOR RIBEIRO JACOME,N,2016,01
22216720000202,00009522358460,ANA CLAUDIA RIBEIRO JACOME,N,2016,01
22902573000143,00009261024432,GILSON TORRES DOS SANTOS LIMA NETO,N,2016,01
22902573000143,00067300260497,JOAO DUARTE DOS SANTOS LIMA NETO,N,2016,01
24206617000207,00004752797437,RODRIGO AUGUSTO DE OLIVEIRA,N,2016,01
24206617000207,00009437223491,MARCONDES AUGUSTO DE OLIVEIRA,N,2016,01
24206617000207,00021561605468,MARIA LUCIA DE OLIVEIRA FARIAS,N,2016,01
24206617001017,00004752797437,RODRIGO AUGUSTO DE OLIVEIRA,N,2016,01
24206617001017,00009437223491,MARCONDES AUGUSTO DE OLIVEIRA,N,2016,01
24206617001017,00021561605468,MARIA LUCIA DE OLIVEIRA FARIAS,N,2016,01
24206617001289,00004752797437,RODRIGO AUGUSTO DE OLIVEIRA,N,2016,01
24206617001289,00009437223491,MARCONDES AUGUSTO DE OLIVEIRA,N,2016,01
24206617001289,00021561605468,MARIA LUCIA DE OLIVEIRA FARIAS,N,2016,01
24206617001360,00004752797437,RODRIGO AUGUSTO DE OLIVEIRA,N,2016,01
24206617001360,00009437223491,MARCONDES AUGUSTO DE OLIVEIRA,N,2016,01
24206617001360,00021561605468,MARIA LUCIA DE OLIVEIRA FARIAS,N,2016,01
24206617001440,00004752797437,RODRIGO AUGUSTO DE OLIVEIRA,N,2016,01
24206617001440,00009437223491,MARCONDES AUGUSTO DE OLIVEIRA,N,2016,01
24206617001440,00021561605468,MARIA LUCIA DE OLIVEIRA FARIAS,N,2016,01
24206617001874,00004752797437,RODRIGO AUGUSTO DE OLIVEIRA,N,2016,01
24206617001874,00009437223491,MARCONDES AUGUSTO DE OLIVEIRA,N,2016,01
24206617001874,00021561605468,MARIA LUCIA DE OLIVEIRA FARIAS,N,2016,01
24206617002846,00004752797437,RODRIGO AUGUSTO DE OLIVEIRA,N,2016,01
24206617002846,00009437223491,MARCONDES AUGUSTO DE OLIVEIRA,N,2016,01
24206617002846,00021561605468,MARIA LUCIA DE OLIVEIRA FARIAS,N,2016,01
24206815000190,00001313806480,JOAQUIM AUGUSTO MAIA DA COSTA,N,2016,01
24206815000190,00018214070406,AGAMENON DA COSTA MELO,N,2016,01
24363368000182,00006714536453,LUZARDO SOARES FLOR,N,2016,01
24363368000182,00085234214400,VANIA DE OLIVEIRA FLOR,N,2016,01
24380578002556,00007196755707,GUSTAVO AGUIAR DA COSTA,N,2016,01
24380578002556,00055001033772,SERGIO BREYER FILHO,N,2016,01
24380578002556,00074024060759,GILNEY PENNA BASTOS,N,2016,01
24380578002556,00099752441734,CARLOS ALBERTO HEITOR DE PAIVA,N,2016,01
24380578002556,05359709000100,PRAXAIR DO BRASIL LTDA,N,2016,01
24380578002556,35820448000136,WHITE MARTINS GASES INDUSTRIAS LTDA,N,2016,01
24520892000110,00009610111491,JOSE CARLOS SILVINO,N,2016,01
24520892000110,00089293738449,FABIO RANIERE SILVA,N,2016,01
24521361000141,00001410673499,RAISSA DE HOLANDA MELO,N,2016,01
24521361000141,00005337088424,CIRO DE HOLANDA MELO,N,2016,01
24521361000141,00009822429487,PEDRO TERCEIRO DE MELO,N,2016,01
24523276000112,00012591270449,FABIO TORRES DE OLIVEIRA,N,2016,01
24523276000112,00024142930478,FRANCISCO TORRES FILHO,N,2016,01
24523276000112,00051257173472,FLADJA DE MEDEIROS MOURA TORRES,N,2016,01
24523276000465,00012591270449,FABIO TORRES DE OLIVEIRA,N,2016,01
24523276000465,00024142930478,FRANCISCO TORRES FILHO,N,2016,01
24523276000465,00051257173472,FLADJA DE MEDEIROS MOURA TORRES,N,2016,01
24591109000109,00010801952468,CIRO DE ALMEIDA ROSADO COSTA,N,2016,01
24591109000109,00046522301415,CHRISTIANNE NEGREIROS DE SA ROSADO,N,2016,01
35284991000247,00059774800400,JOSE VASCONCELOS DA ROCHA JUNIOR,N,2016,01
35284991000247,00090402693434,ANA EMILIA TRIGUEIRO CAVALCANTI DA ROCHA,N,2016,01
35291038000145,00036982113434,WERNECK LIMA DE CARVALHO,N,2016,01
35291038000145,27017729000127,TC PARTICIPACOES LTDA,N,2016,01
35291038000145,27037834000128,WC PARTICIPACOES LTDA,N,2016,01
35291038000145,27850574000105,WT HOLDING PARTICIPACOES LTDA,N,2016,01
35292515000197,00002343755400,TASLA CAPISTRANO GONZAGA MENDES,N,2016,01
35292515000197,00003603888413,THAISA CAPISTRANO GONZAGA DE ANDRADE,N,2016,01
35292515000197,00004396499434,ANTONIO GONZAGA CHIMBINHO,N,2016,01
35292515000197,00085215473404,JANDIRA CAPISTRANO GONZAGA,N,2016,01
35292515000197,00085215570434,THIAGO CAPISTRANO GONZAGA,N,2016,01
35292515000197,24743960000100,INDEPENDENCIA PARTICIPACOES SOCIETARIAS LTDA,N,2016,01
35298330000190,00001398249440,ARTHUR ALECRIM FERREIRA,N,2016,01
35298330000190,00005682220404,CLARISSA ALECRIM FERREIRA,N,2016,01
35298330000190,00007256627432,RAISSA ALECRIM FERREIRA,N,2016,01
35298330000190,00013066889491,CIRO DA FONSECA FERREIRA,N,2016,01
35298330000190,00035806303420,EDNA DE FATIMA ALECRIM FERREIRA,N,2016,01
35298801000160,00003940440450,ISAAC MAMEDE GALVAO CUNHA,N,2016,01
35298801000160,00021466629487,FRANCISCO SEVERIANO DA CUNHA,N,2016,01
35298801000160,00066419760410,MARILIA MAMEDE GALVAO CUNHA,N,2016,01
35304542001104,00000734893442,HELENA CIRNE LEITE,N,2016,01
35304542001104,00008596476415,MARIA NEIDE PEREIRA CIRNE,N,2016,01
35304542001104,00022198822415,HENRIQUE LUIZ DA COSTA CIRNE,N,2016,01
35304542001104,00036566772472,GEORGE DA COSTA CIRNE,N,2016,01
35304542001104,00067177840400,LUIZ DA COSTA CIRNE JUNIOR,N,2016,01
35304542001104,00072111895415,HELOISA DA COSTA CIRNE FELINTO,N,2016,01
35304898000176,00001375757423,FELIPE ABNER RODRIGUES DE SOUZA,N,2016,01
35304898000176,00008541673405,DANIEL VICTOR DE SOUZA,N,2016,01
35428978000133,00007686730468,ISMAR LOPES DE QUEIROZ,N,2016,01
35503721000360,00013640518420,OSVALDO RUI DIAS MARTINS,N,2016,01
35503721000360,00030276942434,MARIA FIRMINO DIAS MARTINS,N,2016,01
35648757000170,00002766596437,MARIA JUCINEIDE GUIMARAES,N,2016,01
35648757000170,00041466799404,IGEILDO GUIMARAES,N,2016,01
35649219000281,00000900478420,FRANCISCO ODON DE MACEDO FILHO,N,2016,01
35649219000281,00039355608420,ANGELO JOSE MEDEIROS DE MACEDO,N,2016,01
35649219000796,00000900478420,FRANCISCO ODON DE MACEDO FILHO,N,2016,01
35649219000796,00039355608420,ANGELO JOSE MEDEIROS DE MACEDO,N,2016,01
35649748000102,00003933938449,FRANCISCO PEIXOTO DE QUEIROZ,N,2016,01
35649748000102,00085156094449,ROMULO CESAR PINHEIRO DE QUEIROZ,N,2016,01
35662667000134,00008539956489,ARTHUR HENRIQUE COSTA LIMA,N,2016,01
35662667000134,00042939208468,MANOEL EDIVALDO DE LIMA,N,2016,01
40757908000169,00003573255400,BRUNA MARIA GUERRA DE FARIAS CAMARA,N,2016,01
40757908000169,00017469422404,EDUARDO JOSE DE FARIAS,N,2016,01
40757908000169,00369925000104,AUTOESTE AUTOMOVEIS LTDA,N,2016,01
40757908000169,08949194000188,LEGACY VEICULOS LTDA,N,2016,01
40760209000178,00001252554460,ERIVAN MYLLER MAFRA MEDEIROS,N,2016,01
40760209000178,00031700071491,JOSE ERIVAN DE MEDEIROS,N,2016,01
40760647000136,00002772881423,KARLA FLAVIANA DA SILVA RIBEIRO,N,2016,01
40760647000136,00006310036491,ANTONIO FONSECA RIBEIRO,N,2016,01
40760647000136,00044450249453,JOSEFA ANGELO DA SILVA RIBEIRO,N,2016,01
40761843000125,00031589120400,IVANALDO SEVERINO MALHEIRO,N,2016,01
40761843000125,00045540829468,LUIZA PINHEIRO FERNANDES,N,2016,01
40762320000101,00015652670444,JAILSON SILVA DE MACEDO,N,2016,01
40762320000101,00043375456468,IVOLEDA SOARES DE MACEDO,N,2016,01
40778342000151,00002394607408,CARLOS EDUARDO PESSOA BARRETO,N,2016,01
40778342000151,00003373053404,CLOVIS DE FREITAS BARRETO,N,2016,01
40778342000151,00062677144468,LEONILDA PESSOA BARRETO,N,2016,01
40778342000151,00077854985472,CLOVIS EUGENIO PESSOA BARRETO,N,2016,01
40778805000185,00053848780453,LIRISMAR MARIA NOLASCO E SILVA,N,2016,01
40778805000185,00065339304434,FRANCISCO LUCIEUDES DA SILVA,N,2016,01
40782468000108,00002740840403,ANDRE LUIZ JOSE GALVAO MATIAS,N,2016,01
40782468000108,00017209595449,FRANCISCO MATIAS,N,2016,01
40787152000109,00010593969472,VICENTE DE PAULO AVELINO SOBRINHO,N,2016,01
40787152000109,00010764135449,ELSAMAR BATISTA BARBOSA AVELINO,N,2016,01
40787152000109,00013084780463,MARIA DAS GRACAS DOS SANTOS AVELINO,N,2016,01
40796146000371,00006291315467,IGOR RIBEIRO JACOME,N,2016,01
40796146000371,00009522358460,ANA CLAUDIA RIBEIRO JACOME,N,2016,01
40803645000187,00001613820453,ALDO CLEMENTE DE ARAUJO,N,2016,01
40803645000187,00010607285400,ZILMA FERNANDES DE ARAUJO,N,2016,01
41001645000126,00003619330700,SANDRA OLIVEIRA DE BRITO,N,2016,01
41001645000126,00031017231753,JOSE ALVES DE BRITO,N,2016,01
44021095000103,00001079302425,TEMISTOCLIS CEZAR XAVIER,N,2016,01
44021095000103,00002200710801,ROMILDO GONCALVES DA SILVA,N,2016,01
60619202001209,00026175606434,DAMIAO TEOFILO DE SOUZA,N,2016,01
70024955000164,00000856798444,ISABELLE VELUCIA DIAS DE ARAUJO,N,2016,01
70024955000164,00031197884491,ARY TOMAZ DE ARAUJO FILHO,N,2016,01
70026240000140,00040620735449,ANA BEATRIZ DE CARVALHO WANDERLEY,N,2016,01
70026240000140,00046618945453,FLAVIO CARVALHO DANTAS WANDERLEY,N,2016,01
70027479000135,00001224548477,DIEGO DE PAIVA PESSOA,N,2016,01
70027479000135,00005705753462,DENNIS DE PAIVA PESSOA,N,2016,01
70030416000138,00043023630453,JOSE GILMARIO DE CARVALHO,N,2016,01
70030416000138,00048950572400,WILSON LEITE DUARTE JUNIOR,N,2016,01
70030416000138,00076242676400,JOSE SOARES DE SOUSA FILHO,N,2016,01
70038880000170,00027266451434,WELLINGTON RODRIGUES FERNANDES,N,2016,01
70038880000170,00046506209453,WINSTON RODRIGUES FERNANDES,N,2016,01
70041827000129,00067185975468,FRANCISCO ALTEMAR GONCALO DE PAIVA,N,2016,01
70041827000129,00083717781472,KALYNE ANGELICA COSTA MOREIRA DE PAIVA,N,2016,01
70042429000399,00004410394487,EXPEDITO IVO BATISTA,N,2016,01
70042429000399,00009606998487,MARIA LEIDE DIAS DA COSTA BATISTA,N,2016,01
70046164000135,00014157560400,PAULO JOSE FERREIRA DE MELO,N,2016,01
70046164000135,00035242191449,JOSE CLAUDIO FERREIRA DE MELO,N,2016,01
70046164000135,00044335695420,SILVIO JOSE FERREIRA DE MELO,N,2016,01
70046164000135,04410009000121,VENEZA PARCICIPAOES LTDA,N,2016,01
70046685000192,00015531520425,MARIA CILENE DE ALMEIDA,N,2016,01
70046685000192,00023089776472,CASCIMIRO FRANCISCO NETO,N,2016,01
70047188000109,00020114885400,ADIVIO FERNANDES DA SILVA,N,2016,01
70047188000109,00024147257453,SELMA BATISTA DE ARAUJO E SILVA,N,2016,01
70141908000109,00065524128434,JOSE LAERCIO DA CUNHA,N,2016,01
70141908000109,00070368376400,MANOEL LAUDIMI DA CUNHA,N,2016,01
70147822000185,00010335217443,GABRIELLE ALESSANDRA MACIEL SILVA,N,2016,01
70147822000185,00037887580404,JOSE MARINALDO DA SILVA,N,2016,01
70153978000179,00002795945428,ANDERSON AMERICO ELVIRA OLIVEIRA,N,2016,01
70153978000179,00018136982520,AMERICO ELVIRA,N,2016,01
70166350000108,00030697832449,EDUARDO DE OLIVEIRA CARLOS DA SILVA,N,2016,01
70166350000108,00039012786487,RICARDO DE OLIVEIRA CARLOS DA SILVA,N,2016,01
70166350000108,00083990895400,ELIANE DE OLIVEIRA CARLOS DA SILVA FREIRE,N,2016,01
70166350000299,00030697832449,EDUARDO DE OLIVEIRA CARLOS DA SILVA,N,2016,01
70166350000299,00039012786487,RICARDO DE OLIVEIRA CARLOS DA SILVA,N,2016,01
70166350000299,00083990895400,ELIANE DE OLIVEIRA CARLOS DA SILVA FREIRE,N,2016,01
70313697000136,00014300176434,FRANCISCO ASSIS DE LIMA,N,2016,01
70313697000136,00031672175453,HOSANA MARIA DE MEDEIROS,N,2016,01
70316179000176,00012711055434,JOSE ALBERTO NOVAIS DA SILVA BARBOSA,N,2016,01
70316179000176,00040704580420,REJANE MARTINS NOVAIS BARBOSA,N,2016,01
79719613000133,00014777614468,GUIMAR ALVES DA SILVA,N,2016,01
93209765043274,00005920548886,CLEBER EUGENIO VOELZKE,N,2016,01
93209765043274,00006977619830,FLAVIO FIGUEIRA COTINI,N,2016,01
93209765043274,00010500482888,ALEXANDRE MARQUES ESPER,N,2016,01
93209765043274,00013362357806,LIVIA CRISTINA DE AZEVEDO MOTTA E SILVA,N,2016,01
93209765043274,00023557327876,BERNARDO JORGE GARCIA PERLOIRO,N,2016,01
93209765043274,00045652074000,DANIEL GROSS GARCIA,N,2016,01
93209765043274,18646277000151,"BRAZIL SEGUNDO, LLC",N,2016,01
93209765043274,30621687000143,BOMPRECO DO BRASIL PARTICIPACOES S.A.,N,2016,01
97543205000155,00007626708431,IDAYANE ARAUJO CASSIANO,N,2016,01
97543205000155,00007626787471,ALDEMIR LOPES GALVAO JUNIOR,N,2016,01
