socio_cnpj_cpf_emitente,socio_cpf_socio_emitente,socio_nome_socio,socio_eh_adm,ano_nota,mes_nota
00169231000395,00053524144420,FERNANDO IKEDA,N,2016,02
00169231000395,00080057675449,MARIA AMALIA DIAS IKEDA,N,2016,02
00496632000198,00003164949413,JACQUELINE SERAFIM DOS SANTOS,N,2016,02
00496632000198,00007570856287,MARIA DA CONCEICAO SERAFIM DOS SANTOS,N,2016,02
00622097000174,00048130192420,JORGE GODEIRO MASSUD,N,2016,02
00713399000158,00046539255420,ALDENOR WELLINGTON N DOS SANTOS,N,2016,02
00791547000152,00096618558468,GRACE KELLY COSTA MACHADO,N,2016,02
00800611000114,00000064730409,KLEYBER TINOCO DE ANDRADE,N,2016,02
00800611000114,00023125080444,WAGNER TINOCO DE ANDRADE,N,2016,02
00870515000223,00002006111434,MORVANILDO DOS SANTOS MEDEIROS,N,2016,02
00870515000223,00052960048415,MARIA DE FATIMA DE AZEVEDO MEDEIROS DE ARAUJO,N,2016,02
00891024000188,00002280474476,FRANCISCA DAS CHAGAS NOBREGA DE ANDRADE,N,2016,02
00891024000188,00078519136400,JOSE ANTONIO NETO,N,2016,02
01026357000101,00026893762372,COSME SANDRO FERREIRA DA SILVA,N,2016,02
01026357000101,00048075744420,ZILEIDE LEITE JALES SILVA,N,2016,02
01122617000142,00001986953491,MANOEL FELICIANO MAIA DE SOUZA,N,2016,02
01122617000142,00067145752468,ROBERTO SHELMAN DE SOUZA,N,2016,02
01122617000142,00070220735468,RICARDO SHELMAN DE SOUZA,N,2016,02
01122617000142,00091405017449,MARILIA SHELMAN DE SOUZA,N,2016,02
01170738000160,00000745930484,FRANCISCA HERCINA LEITE,N,2016,02
01170738000160,00002008262472,JOSE RIBAMAR LEITE,N,2016,02
01184984000170,00020204078415,MARIA OLIVEIRA DE MEDEIROS,N,2016,02
01184984000170,00049011570430,JOAO BATISTA,N,2016,02
01299396000182,00001532218443,FRANCISCO HUGO AIRES NUNES,N,2016,02
01299396000182,00010865250430,FRANCISCO DAS CHAGAS NUNES,N,2016,02
01299556000193,00003838275403,RAIME DANTAS DE ASSUNCAO,N,2016,02
01299556000193,00087834480472,IEDA MARIA DANTAS DOS SANTOS,N,2016,02
01407362000164,00035760125400,ARLINDO JOSE DA SILVA,N,2016,02
01407362000164,00059774231449,MARIA ILZA DA SILVA CABRAL,N,2016,02
01407362000164,00083848207400,ADEIZE BEZERRA DA SILVA OLIVEIRA,N,2016,02
01466313000100,00029704332491,HELIO MEDEIROS,N,2016,02
01466313000100,00078535247491,MARIA SUELY GOES DE ARAUJO,N,2016,02
01547994000123,00001105677494,MARIA GOMES DOS SANTOS LOPES,N,2016,02
01547994000123,00023284757449,PEDRO DE SOUZA GUERRA,N,2016,02
01571568000125,00002347012428,CICERO TAVARES JUNIOR,N,2016,02
01571568000125,00002972245814,MARIA LUZINETE DOS SANTOS TAVARES,N,2016,02
01587150000106,00002285807490,NADJA PATRICIA DE LIMA FREDERICO,N,2016,02
01587150000106,00002794507451,ALLAN GLEYSON DE LIMA FREDERICO,N,2016,02
01587158000172,00002685235418,FRANCINEIDE PIRES DE SOUZA OLIVEIRA,N,2016,02
01587158000172,00006167371490,GRACA IDILENE PEREIRA SILVA PIRES,N,2016,02
01653918000100,00020039514404,JOAQUIM FERNANDES NETO,N,2016,02
01653918000100,00042255627434,ANA MARCIA SANTOS DE SOUZA FERNANDES,N,2016,02
01663156000115,00002154512445,VERUSKA LORY GOIS OLIVEIRA DE ARAUJO,N,2016,02
01677278000160,00002544807482,KARLA JANINI PEDROZA JUCA TAVARES,N,2016,02
01677278000160,00072257210468,SERGIO ROBERTO PEDROZA JUCA,N,2016,02
01677278000160,00082921547449,ALEXANDRE MAGNUS PEDROZA JUCA,N,2016,02
01714488000181,00000473731487,JESUINO DE AZEVEDO FILHO,N,2016,02
01714488000181,00006898092391,ZENILTON DA COSTA DANTAS,N,2016,02
01714488000181,00052563952891,YOLITA DANTAS BATISTA,N,2016,02
01829334000135,00000284386472,AGNELO ALVES,N,2016,02
01829334000135,00013051873420,AGNELO ALVES FILHO,N,2016,02
01829334000135,00024264288487,CARLOS EDUARDO NUNES ALVES,N,2016,02
01829334000135,00035784830449,JOSE LUIZ NUNES ALVES,N,2016,02
01937258000181,00007515413468,JOSE MARCOS FERREIRA DE MELO,N,2016,02
01937258000181,00014157560400,PAULO JOSE FERREIRA DE MELO,N,2016,02
01937258000181,00044335695420,SILVIO JOSE FERREIRA DE MELO,N,2016,02
01937258000181,04410009000121,VENEZA PARCICIPAOES LTDA,N,2016,02
01937258000262,00007515413468,JOSE MARCOS FERREIRA DE MELO,N,2016,02
01937258000262,00014157560400,PAULO JOSE FERREIRA DE MELO,N,2016,02
01937258000262,00044335695420,SILVIO JOSE FERREIRA DE MELO,N,2016,02
01937258000262,04410009000121,VENEZA PARCICIPAOES LTDA,N,2016,02
02004602000142,00043023630453,JOSE GILMARIO DE CARVALHO,N,2016,02
02004602000142,00076242676400,JOSE SOARES DE SOUSA FILHO,N,2016,02
02070623000166,00002240716452,NARY SEMONE DE FREITAS,N,2016,02
02070623000166,00070291187404,EDILENE FERREIRA DE AQUINO FREITAS,N,2016,02
02086412000111,00023086521449,MANOEL VIEIRA FILHO,N,2016,02
02086412000111,00081284764400,MARTA CRISTINA DE OLIVEIRA VIEIRA,N,2016,02
02271201000159,00008296179814,CLAUDIR GALINDO MENDONCA,N,2016,02
02271201000159,00025891445808,MAURA ANDREA FATORI DA SILVA,N,2016,02
02271201000159,03690841000166,ASPERBRAS BRASIL S/A,N,2016,02
02271201000159,07187576000159,COLBRAS PARTICIPACOES SOCIETARIAS LTDA,N,2016,02
02343493000198,00000469718404,VALDINEI LOPES DE ARAUJO,N,2016,02
02343493000198,00010614460425,TELMA LOPES MELO DE ARAUJO,N,2016,02
02363498000182,00057457603468,ILENILDO JACOME DE OLIVEIRA,N,2016,02
02363498000182,00085268216449,ALEXANDRA LUCIO OLIVEIRA JACOME,N,2016,02
02365912000192,00000871331489,GUSTAVO QUEIROZ CANDIDO,N,2016,02
02365912000192,00003961724407,LEANDRO DE MELO NASCIMENTO,N,2016,02
02365912000192,00007631367434,AGNELO CANDIDO DO NASCIMENTO,N,2016,02
02365912000192,00017613523420,ALBERTO PEREIRA NASCIMENTO,N,2016,02
02365912000192,00039014584415,MARIA DE LOURDES PEREIRA NASCIMENTO,N,2016,02
02365912000192,12613006000113,TRANSNACIONAL TRANSPORTE NACIONAL DE PASSAGEIROS LTDA,N,2016,02
02365912000273,00000871331489,GUSTAVO QUEIROZ CANDIDO,N,2016,02
02365912000273,00003961724407,LEANDRO DE MELO NASCIMENTO,N,2016,02
02365912000273,00007631367434,AGNELO CANDIDO DO NASCIMENTO,N,2016,02
02365912000273,00017613523420,ALBERTO PEREIRA NASCIMENTO,N,2016,02
02365912000273,00039014584415,MARIA DE LOURDES PEREIRA NASCIMENTO,N,2016,02
02365912000273,12613006000113,TRANSNACIONAL TRANSPORTE NACIONAL DE PASSAGEIROS LTDA,N,2016,02
02367946000116,00027799085487,LUCIANO RODRIGUES LUZ,N,2016,02
02367946000116,00035102640704,MARCELO RODRIGUES LUZ,N,2016,02
02374149000166,00006126754409,RITA DE KARCIA DOS SANTOS VALE,N,2016,02
02374149000166,00053817796404,SOSTENES DE OLIVEIRA VALE,N,2016,02
02440676000121,00009640797472,RITA DE CASSIA DO NASCIMENTO BARBOSA,N,2016,02
02440676000121,00019923902404,ANTONIO FELIX BARBOSA FILHO,N,2016,02
02491019000103,00007100255481,DAVID SANTOS DE ALBUQUERQUE,N,2016,02
02491019000103,00008869022404,MARIA DE NAZARE DOS SANTOS,N,2016,02
02491457000171,00005505171460,MARIA MANUELA FERNANDES DE ARAUJO LOPES,N,2016,02
02491457000171,00005642353420,JOÃO DE DEUS MIRANDA DE ARAUJO,N,2016,02
02491457000171,00083892010463,JOAO CARLOS FERNANDES DE ARAUJO,N,2016,02
02620622000148,00004510385412,ARMISTRONG GLEIDSON DE MEDEIROS VALE,N,2016,02
02620622000148,00015594637400,VALDIR VALE DE ARAUJO,N,2016,02
02625717000154,00000953871452,VITOR NOBREGA DE PAIVA ALVES,N,2016,02
02625717000154,00006377486464,ARMANDO BEZERRA NOBREGA DE PAIVA,N,2016,02
02625717000154,00020035152400,ARMANDO NOBREGA DE PAIVA,N,2016,02
02625717000154,00059560819453,MARIA ISIS NOBREGA DE PAIVA,N,2016,02
02681984000149,00066094798791,ADILSON BARBOSA DE GOUVEIA,N,2016,02
02717529000156,00002112371401,EMERSON GERALDO DE MEDEIROS,N,2016,02
02717529000156,00002663724491,ANTONIO GERALDO NETO,N,2016,02
02717529000156,00076241289420,JOSE WILLIAM GERALDO DE QUEIROZ,N,2016,02
02781783000113,00006516776458,THIAGO IGOR ALVES DE OLIVEIRA,N,2016,02
02781783000113,00039152014487,JOSEFA GONCALO DE MOURA,N,2016,02
02795690000148,00002837251410,MARIA GORETE PEREIRA DA COSTA VASCO,N,2016,02
02795690000148,00079087809468,BENTO DE LIMA VASCO,N,2016,02
02800122000198,00000742176401,ISABEL FERNANDES DE ARAUJO,N,2016,02
02800122000198,00001988867487,JOSE BEZERRA DE ARAUJO,N,2016,02
02830307000226,00004030500498,GUILHERME DE ALMEIDA DA FONTE,N,2016,02
02830307000226,00004613970482,EDUARDO DOURADO DA FONTE,N,2016,02
02830307000226,00023277823415,CELEIDA EULINA DE ALMEIDA DA FONTE,N,2016,02
02830307000226,00065582101349,MARIA CECILIA BEZERRA CAVALCANTI DA FONTE,N,2016,02
02830307000226,00079769853372,MARIANA BEZERRA CAVALCANTI DA FONTE,N,2016,02
02838633000107,00005592794428,GILBERTO ELOY ANDRADE JUNIOR,N,2016,02
02838633000107,00005902408466,WALESKA FLORENCIO DE OLIVEIRA ANDRADE,N,2016,02
02842814000107,00003450130420,ROSEANA DE FREITAS RAMOS,N,2016,02
02842814000107,00005743249415,MARIA LECIMAR DE FREITAS RAMOS,N,2016,02
02874539000103,00001023811430,JOSE LAUIR FERREIRA DA SILVA FILHO,N,2016,02
02874539000103,00020160003415,MARIA COUTO DE MENEZES DA SILVA,N,2016,02
03034090000120,00033662185415,GILMAR DOS SANTOS ARAUJO,N,2016,02
03034090000120,00085285978491,VERA LUCIA DE SOUZA,N,2016,02
03056573000125,00000971215413,MIQUELINA MARIA DOS SANTOS MEDEIROS NETA,N,2016,02
03056573000125,00007569922492,MORSINALDO DE AZEVEDO MEDEIROS,N,2016,02
03066662000152,00008187280433,ANDRE DE QUEIROZ LEITE JALES,N,2016,02
03066662000152,00022975462468,ANTONIO LEITE JALES,N,2016,02
03066662000152,00056615914468,ZAULEIDE DE QUEIROZ LEITE,N,2016,02
03152420000181,00066387140404,ANTONIO GENIVAN DE OLIVEIRA,N,2016,02
03152420000181,00066387612420,FRANCISCO GEILSON DE OLIVEIRA,N,2016,02
03174988000101,00000782444474,DALIANNA BARROS DE ARAUJO,N,2016,02
03174988000101,00003712243499,LUCILANDIA CRISTINA ARAUJO,N,2016,02
03174988000101,00050275879453,ANTONINO LACERDA DE CAMPIELLO VARELLA,N,2016,02
03174988000101,00073761605404,JORGE LACERDA DE CAMPIELLO VARELLA,N,2016,02
03226757000196,00008423374408,ANDRE CATTANEO BANDEIRA DE ALMEIDA,N,2016,02
03226757000196,00009705913498,JULIANA CATTANEO BANDEIRA DE ALMEIDA,N,2016,02
03226757000196,00026404257300,FATIMA CRISTINA CATTANEO DE ALMEIDA,N,2016,02
03291717000128,00009602518472,DEJALMA LEMOS DA SILVA,N,2016,02
03291717000128,00015060071472,TANIA CABRAL PINHEIRO DA SILVA,N,2016,02
03318217000132,00007404489431,RAPHAEL BARBALHO PENHA ALVARES,N,2016,02
03318217000132,00091405203404,SCHIAVO DURVAL FERNANDES ALVARES,N,2016,02
03397722000110,00087456338434,REGIO VILAR DE SOUZA NORONHA,N,2016,02
03397722000110,00091408318415,ELMA VILMA ANDRADE DE SOUZA NORONHA,N,2016,02
03454838000143,00023580364472,JAIR PAULINO MAIA,N,2016,02
03454838000143,00030446155420,IVETE PAULINO MAIA,N,2016,02
03454838000143,00076189287468,FRANCISCA CLESIA DA COSTA,N,2016,02
03462662000171,00002647008485,EMIKSON FABIO HENRIQUE BARRETO,N,2016,02
03462662000171,00010669086487,MARIA GORETH HENRIQUE GODEIRO BARRETO,N,2016,02
03462662000171,00020063709449,JOSE NILSON BARRETO,N,2016,02
03600250000150,00066405947491,JOSE EDMILSON DE AZEVEDO,N,2016,02
03600250000150,00085037281415,MARIA CIDENEIDE MAIA AZEVEDO,N,2016,02
03613359000122,00008548536420,JOSE AIRTON BEZERRA,N,2016,02
03613359000122,00049077856404,MARGARIDA PEREIRA DA SILVA BEZERRA,N,2016,02
03632203000199,00001756953422,WELLINGTON GENARIO COSTA,N,2016,02
03632203000199,00048160601468,ALICE MARIA OLIVEIRA DE SOUZA,N,2016,02
03635253000120,00002550810490,MARIA JOSE DE ANDRADE REGES,N,2016,02
03635253000120,00007859902400,GILVAN MONTEIRO REGES,N,2016,02
03653650000124,00003094997473,JOSE CARLOS DA SILVA PEREIRA,N,2016,02
03735242000626,00000910662479,KARLA KATARINA LIMA NASCIMENTO,N,2016,02
03735242000626,00004591617416,DENISE LIMA NASCIMENTO,N,2016,02
03756642000103,00002697710426,ALMAQUIO SOARES NETO,N,2016,02
03756642000103,00070077892429,ARTHUR TORQUATO FERNANDES SOARES,N,2016,02
03781031000115,00000871799464,ANDREZA ALVES DE OLIVEIRA CRUZ,N,2016,02
03781031000115,00005501697416,JOAO MANOEL DE OLIVEIRA NETO,N,2016,02
03781031000115,00009356397481,LUIS PAULO DE OLIVEIRA FERREIRA,N,2016,02
03784644000106,00011397518405,THIAGO NERY SOUZA DA SILVEIRA,N,2016,02
03784644000106,00030720818400,HERDY TAVARES DA SILVEIRA,N,2016,02
03845812000126,00000786425407,SIRLENE DE ARAUJO SOARES,N,2016,02
03845812000126,00087601699404,SIDNEY DIAS DE ARAUJO SOARES,N,2016,02
03845812000398,00000786425407,SIRLENE DE ARAUJO SOARES,N,2016,02
03845812000398,00087601699404,SIDNEY DIAS DE ARAUJO SOARES,N,2016,02
03954830002432,00014375362472,IVO NILSON LOPES DE MEDEIROS,N,2016,02
03954830002432,00020084234415,MARIA DO SOCORRO COSTA DE MEDEIROS,N,2016,02
04028799000185,00014191202472,JOAO ITAMAR FIRMINO DOS SANTOS,N,2016,02
04028799000185,00035535490415,JOSE IRAMAR FIRMINO DOS SANTOS,N,2016,02
04114549000168,00000752466437,JOANITA TEIXEIRA DE LIRA POTIGUAR,N,2016,02
04114549000168,00035818018415,SEVERINO MOACIR DANTAS POTIGUAR JUNIOR,N,2016,02
04114549000168,00042951429487,JOACIR LIRA POTIGUAR,N,2016,02
04185877000902,00000390041122,WELLINGTON PABLO DE ALMEIDA BRITO,N,2016,02
04185877000902,00041140354191,JOÃO ARIANO NETO,N,2016,02
04185877000902,00045881863100,RUBENS CARLOS CURCINE,N,2016,02
04185877000902,00069295697634,PEDRO PAULO PEREIRA DO NASCIMENTO,N,2016,02
04185877000902,00084636041887,JOSE RAIMUNDO NETO,N,2016,02
04185877000902,08608527000105,JS PARTICIPACAO E ADMINISTRACAO LTDA,N,2016,02
04200779000140,00076122816434,JOÃO SILVESTRE NETO,N,2016,02
04200779000140,00087741520415,EDINALDO SILVESTRE DA SILVA,N,2016,02
04200779000220,00076122816434,JOÃO SILVESTRE NETO,N,2016,02
04200779000220,00087741520415,EDINALDO SILVESTRE DA SILVA,N,2016,02
04233645000125,00000747784477,ILIANE FERNANDES DE VASCONCELOS,N,2016,02
04233645000125,00058659447468,GLAUBER JOSE ROCHA BORJA,N,2016,02
04351247000103,00001256285447,ELTON GOMES SOUTO DO O,N,2016,02
04351247000103,00001473487498,EMERSON GOMES SOUTO DO O,N,2016,02
04351247000103,00002477235419,MIRNA SOUTO PESSOA DE MIRANDA FREIRE,N,2016,02
04351247000103,00056820151420,EDILEUZA GOMES SOUTO,N,2016,02
04385537000178,00037819402415,MARIA APARECIDA DE SOUSA OLIVEIRA,N,2016,02
04385537000178,00079136311472,GERHARD MULLER CARLOS TOMAS,N,2016,02
04385909000166,00048138002468,ALEXANDRE TORRES BARBALHO,N,2016,02
04385909000166,00091534690468,LENILDE TORRES GALVAO BARBALHO,N,2016,02
04421272000116,00003388463441,ERENILDA GOMES DANTAS,N,2016,02
04421272000116,00043004032449,JOAO JUAREZ DANTAS,N,2016,02
04427491000102,00005684170463,ANTONIO DE LISBOA ALVES DE QUEIROZ,N,2016,02
04427491000102,00008858608453,MARIA DARIA GRANJEIRO DE QUEIROZ,N,2016,02
04441891000172,00050318551420,IVANILSON NUNES DE LIMA,N,2016,02
04441891000172,00073715786434,VALMAR ARAUJO DE OLIVEIRA,N,2016,02
04451626000175,00018232450487,CLETO FERREIRA,N,2016,02
04451626000175,00041327330415,ANA MARIA PINHEIRO FERREIRA,N,2016,02
04451626000337,00018232450487,CLETO FERREIRA,N,2016,02
04451626000337,00041327330415,ANA MARIA PINHEIRO FERREIRA,N,2016,02
04457498000177,00087790769472,LADGERDE LOPES FERNANDES,N,2016,02
04508969000129,00010856790478,TULIO DE OLIVEIRA GOMES,N,2016,02
04527963000107,00015516164400,MARIA ZENILDA DE MELO REGIS,N,2016,02
04527963000107,00065552423453,MARIA NEIDE REGIS FERNANDES,N,2016,02
04543563000187,00055050980453,JOSICELMA MARIA RAMOS,N,2016,02
04652899000188,00059774800400,JOSE VASCONCELOS DA ROCHA JUNIOR,N,2016,02
04652899000188,00090402693434,ANA EMILIA TRIGUEIRO CAVALCANTI DA ROCHA,N,2016,02
04661568000104,00000989432432,MAISON WANDORTHE DE FONTES REGO,N,2016,02
04661568000104,00001333014430,CHARLES DEAN DE FONTES REGO,N,2016,02
04661568000104,00002467961460,NORAYDE JANAINA DE FONTES REGO BARRETO,N,2016,02
04661568000104,00010726225487,FRANCISCO XAVIER DO REGO,N,2016,02
04673980000144,00003519393425,MARIA DAS VITORIAS DANTAS,N,2016,02
04678720000242,00031604510463,GILENO CACHINA,N,2016,02
04678720000242,00083878777434,MARTA OLIVEIRA DE FARIAS,N,2016,02
04679119000193,00000848782402,SANDRA REJANE DA SILVA MOURA,N,2016,02
04679119000193,00042132797404,RENILSON NERY DE MOURA,N,2016,02
04701515000170,00002343755400,TASLA CAPISTRANO GONZAGA MENDES,N,2016,02
04701515000170,00003603888413,THAISA CAPISTRANO GONZAGA DE ANDRADE,N,2016,02
04701515000170,00029773300463,MARIA ILZA DA CONCEICAO CAPISTRANO,N,2016,02
04701515000170,00085215473404,JANDIRA CAPISTRANO GONZAGA,N,2016,02
04701515000170,00085215570434,THIAGO CAPISTRANO GONZAGA,N,2016,02
04702107000132,00008896011434,MILSON LIMA DA SILVA,N,2016,02
04731614000102,00056549407400,RENATO MELO TRIGUEIRO,N,2016,02
04731614000102,00065529472400,FLAVIO VARELA DE CARVALHO,N,2016,02
04747896000128,00003557253473,KALLIANA KELLY DE OLIVEIRA PORTO,N,2016,02
04747896000128,00004643605448,INACIO DE LOIOLA DA SILVEIRA JUNIOR,N,2016,02
04747896000128,00004824662435,ANA TERESA DA SILVEIRA VIANA,N,2016,02
04747896000128,00018828876468,MARIA DA ASSUNCAO DE OLIVEIRA,N,2016,02
04805345000173,00079160395400,JOZILMA MARIA DE CARVALHO,N,2016,02
04839900000188,00014375362472,IVO NILSON LOPES DE MEDEIROS,N,2016,02
04839900000188,00020084234415,MARIA DO SOCORRO COSTA DE MEDEIROS,N,2016,02
04839900000340,00014375362472,IVO NILSON LOPES DE MEDEIROS,N,2016,02
04839900000340,00020084234415,MARIA DO SOCORRO COSTA DE MEDEIROS,N,2016,02
04839900000501,00014375362472,IVO NILSON LOPES DE MEDEIROS,N,2016,02
04839900000501,00020084234415,MARIA DO SOCORRO COSTA DE MEDEIROS,N,2016,02
04839900000773,00014375362472,IVO NILSON LOPES DE MEDEIROS,N,2016,02
04839900000773,00020084234415,MARIA DO SOCORRO COSTA DE MEDEIROS,N,2016,02
04839900000854,00014375362472,IVO NILSON LOPES DE MEDEIROS,N,2016,02
04839900000854,00020084234415,MARIA DO SOCORRO COSTA DE MEDEIROS,N,2016,02
04934971000160,00052274195404,JORGE MORAIS DA SILVA,N,2016,02
04934971000160,00063474450425,ANGELICA PATRICIA DA SILVA,N,2016,02
04958358000263,00058289151420,ELISIEL UBIRAJARA MARQUES,N,2016,02
04958358000263,00066502705472,RONALDO ARAUJO DOS SANTOS,N,2016,02
05009904000100,00004743503477,TUTOVAN DA SILVA MORAES,N,2016,02
05140795000157,00006724713455,SAMUEL RODRIGO SOUZA DE SALES,N,2016,02
05140795000157,00015081613487,JOSE LUCAS DE SALES,N,2016,02
05195530000156,00002769726439,RAILSON BENEDITO FERREIRA,N,2016,02
05195530000156,00055942342415,CLEONICE FELIPE DOS SANTOS,N,2016,02
05211683000140,00004212546450,PAULO CEZAR ALVES DE ARAUJO,N,2016,02
05211683000140,00005223255488,MARIA ELIZANGELA DA CUNHA DE ARAUJO,N,2016,02
05292103000196,00001874309426,MARIA GLEIDE VENCESLAU CAMPOS,N,2016,02
05292103000196,00005959384426,AWERTON RAMOS VENCESLAU CAMPOS,N,2016,02
05303455000108,00047388676449,PEDRO BRUNO DE SOUTO,N,2016,02
05349858000180,00051322412472,ARIOSVALDO TARGINO DE ARAUJO JUNIOR,N,2016,02
05349858000180,00078607655434,NORIMARIA SOUTO TARGINO,N,2016,02
05413415000100,00003531496409,CAIO MARCELL LOPES GOMES BARRETO,N,2016,02
05452665000150,00005638211403,CARLA CAROLINE RODRIGUES DE SOUZA,N,2016,02
05452665000150,00063127660472,PEDRO GILSON DE SOUZA,N,2016,02
05587520000166,00005083696495,ANTONIO PAIVA FERNANDES FILHO,N,2016,02
05587520000166,00008296605422,LUANA LORENA DE OLIVEIRA SOUZA,N,2016,02
05587520000328,00005083696495,ANTONIO PAIVA FERNANDES FILHO,N,2016,02
05587520000328,00008296605422,LUANA LORENA DE OLIVEIRA SOUZA,N,2016,02
05587629000101,00004768516459,KAROLINE VASCONCELOS BEZERRA,N,2016,02
05660173000150,00001215658400,RICARLIANE SILVA DOS SANTOS,N,2016,02
05660173000150,00002488245461,RENATA SILVA DOS SANTOS,N,2016,02
05676120000127,00003091671402,ANA LIVIA QUEIROZ ALMEIDA LIMA,N,2016,02
05676120000127,00009027056447,JEFFERSON DA SILVA,N,2016,02
05676120000127,00023062681420,MARIA DE LOURDES ARAUJO DE LIMA,N,2016,02
05756905000100,00000871620405,FRANCISCO JAIME DE SOUZA JUNIOR,N,2016,02
05756905000100,00005100716436,DIEGO MICHEL DE SOUZA,N,2016,02
05772773000100,00004648696417,JUAREZ FERNANDES DE QUEIROZ NETO,N,2016,02
05772773000100,00004648701437,WILSON RODRIGUES FERNANDES JUNIOR,N,2016,02
05777741000105,00003032521467,MARINA SOARES GURGEL,N,2016,02
05777741000105,00004133166450,SAMARA CARDOSO DE SOUZA,N,2016,02
05794164000151,00000773670300,JOSE MARIA DE MEDEIROS,N,2016,02
05794164000151,00029396549487,WILSON RODRIGUES FERNANDES,N,2016,02
05794164000151,00063525720491,GILSELENO JALES CORREIA LIMA,N,2016,02
05823100000131,00001023811430,JOSE LAUIR FERREIRA DA SILVA FILHO,N,2016,02
05823100000131,00001311946403,LARISSA MARIA MENEZES DA SILVA,N,2016,02
05854496000184,00010239637879,ADRIANA RODRIGUES P FERNANDES,N,2016,02
06004897000108,00003588028498,MARIA JANAINA VASCONCELOS DE AMORIM,N,2016,02
06004897000108,00095219218549,FRANKLIN DOUGLAS VASCONCELOS DE AMORIM,N,2016,02
06047174000196,00001662234414,VINICIUS ELIEL CAVALCANTE DOS SANTOS,N,2016,02
06047174000196,00008512835435,ISA CAVALCANTE DOS SANTOS COSTA,N,2016,02
06167850000165,00007630230435,RAFAEL DANTAS DE ARAÚJO,N,2016,02
06167850000165,00047434619449,CLEIDE NOGUEIRA DE FARIA,N,2016,02
06196577000288,00006701419410,CYRO MELO PATURY ACCIOLY,N,2016,02
06196577000288,00016435397449,MOACYR ROCHA PATURY ACCIOLY,N,2016,02
06196577000288,00033170290487,PAULO PATURY ACCIOLY,N,2016,02
06198597000107,00027187322453,FRANCISCA SOLANGE DE SOUSA COSTA,N,2016,02
06198597000107,00053410505504,JOSE PEREIRA DA COSTA JUNIOR,N,2016,02
06214080000326,00004660033406,JANETE DOS SANTOS FERREIRA PAIVA,N,2016,02
06214080000326,00091394848404,FRANCINEI MARQUES PAIVA,N,2016,02
06231164000106,00005714556461,JIVAGDA RAMONNA FERREIRA DOS SANTOS,N,2016,02
06231164000106,00010255271433,LUCIO FLAVIO GARCIA DE ARAUJO NETO,N,2016,02
06253658000191,00001357536437,MARIJAEL JACSON DA COSTA SILVA,N,2016,02
06281627000144,00000147754844,WILLIAM ARAUJO VASCONCELOS,N,2016,02
06281627000144,00001431216429,CINTHIA ARAUJO VASCONCELOS LIMA,N,2016,02
06335695000149,00000896196410,CLAUDIA JAQUELINY NUNES FERNANDES,N,2016,02
06335695000149,00077942167453,JOHN LENNON FERNANDES LIMA,N,2016,02
06369032000145,00001289143439,CECYLYANNE AUGUSTA DE PAIVA,N,2016,02
06369032000145,00044335741472,MARIA DE LOURDES PAIVA,N,2016,02
06824439000115,00055106412404,NUZIA MARIA DOS SANTOS,N,2016,02
06912821000180,00001191224481,MARIA ADEILMA NUNES,N,2016,02
06912821000180,00048229628491,EDINALDO NUNES DE LIMA,N,2016,02
06927514000173,00041353439453,SUZANA DE FARIAS MOISES,N,2016,02
06927514000173,00065569334491,VALMIR OLIVEIRA DE FARIAS,N,2016,02
06948614000186,00003319673408,IZABELLE OTAVIANO DE BESSA SANTOS,N,2016,02
06948614000186,00043035728453,JOSE HAROLDO DOS SANTOS,N,2016,02
06964537000158,00000819855413,ERIKA RAMOS DA CUNHA MEDEIROS,N,2016,02
06964537000158,00010874784484,INGRYD CUNHA MEDEIROS,N,2016,02
06967917000146,00006493311411,MAYARA HELOYSA PEREIRA DA SILVA,N,2016,02
06967917000146,00044042396453,MARIA AUXILIADORA DA SILVA,N,2016,02
06989403000191,00003004404486,MESSALINA MARTINS ASSIS,N,2016,02
06989403000191,00081379854415,ANA CRISTINA DE ARAUJO,N,2016,02
07018761000110,00004966573483,THIAGO BRAGA WANDERLEY,N,2016,02
07018761000110,00078594863420,ROGERIO BEZERRA TINOCO,N,2016,02
07019741000163,00003422932496,EUNICE LEITE SILVA,N,2016,02
07019741000163,00004570018440,MARIA EUNICE LEITE SILVA,N,2016,02
07066909000191,00052348946491,JOAO ALVES DE SOUZA,N,2016,02
07077615000165,00001237930413,FRANCISCO GLAUBENIO FELIX DE OLIVEIRA,N,2016,02
07077615000165,00031655297449,ANTONIA JAIRES DE LIMA AGOSTINHO,N,2016,02
07081522000104,00073887005449,LUIS CARLOS ANDRADE,N,2016,02
07081522000104,00094292574472,ANTONIO PINTO DA COSTA,N,2016,02
07093987000185,00000829888462,ALISSON LUIZ CHAGAS BEZERRA,N,2016,02
07093987000185,00004805946431,OSCARLINA ADRIANA FERNANDES DE MELO,N,2016,02
07095972000156,00002102460495,PATRICIA DE MEDEIROS,N,2016,02
07095972000156,00072122528400,ETELVINO PATRICIO DE MEDEIROS,N,2016,02
07147050000145,00037878042420,CELIA DE MEDEIROS DANTAS PIRES FERREIRA,N,2016,02
07147050000145,00040568296400,HUMBERTO DANTAS PIRES FERREIRA,N,2016,02
07197718000916,00001342550382,NERTAN DE MELO RIBEIRO,N,2016,02
07197718000916,00056053363391,ANDRE LEAO RIBEIRO,N,2016,02
07197718000916,00077836715353,PABLO LEAO RIBEIRO,N,2016,02
07209477000120,00049834231415,MILTON  EZEQUIEL FONSECA FILHO,N,2016,02
07209477000120,00050070940487,PATRICIA TAVARES AFONSO FONSECA,N,2016,02
07209519000123,00000853659478,IVONETE BARBOZA DOS SANTOS MARTINS,N,2016,02
07209519000123,00093538090025,CARLOS ALEXANDRE DE CASTRO MARTINS,N,2016,02
07272825003200,00041986741320,FRANCISCO MARINHO VASCONCELOS FILHO,N,2016,02
07272825003200,00047722924387,CUSTODIO GOMES DE AZEVEDO NETO,N,2016,02
07272825003200,00070396892353,PEDRO IVO MENDES FROTA,N,2016,02
07326826000194,00030296773468,CARLOS ALBERTO DA CUNHA,N,2016,02
07326826000194,00040562697420,EDILMA MARIA FERNANDES,N,2016,02
07350797000104,00007519565467,PHELIPE GABRIEL PINHEIRO DE ARAUJO,N,2016,02
07350797000104,00076205800420,MERCIA CRISTINA FERNANDES PINHEIRO,N,2016,02
07355441000155,00048939161491,BISMARCK MAGNUS DA SILVA,N,2016,02
07355441000155,00081323662472,LADJANE LOPES FRANCA MAGNUS,N,2016,02
07367977000190,00018407250600,MARIA CONCILIA SALES,N,2016,02
07367977000190,00034028242649,CARLOS FREDERICO SALES ANASTACIO,N,2016,02
07392529000570,00006165643418,CAMILA PALMEIRA,N,2016,02
07392529000570,00041571223487,JOSE NARCISO MAIA PALMEIRA NETO,N,2016,02
07448838000191,00023119098434,FRANCISCO CARLOS DIAS CAMPOS,N,2016,02
07448838000191,00072186062704,JOSE ZENILDO DIAS CAMPOS,N,2016,02
07543171000106,00020207930406,ERINALDO MEDEIROS DE OLIVEIRA,N,2016,02
07543171000106,00022932720449,ANTONIO GALINHA DE MEDEIROS,N,2016,02
07552997000131,00007417433456,ERIKA CARVALHO DE SOUSA,N,2016,02
07552997000131,00057025819468,ZELIA MARIA COSME CARVALHO,N,2016,02
07555419000159,00018292003487,EDSON FERNANDES DA CUNHA,N,2016,02
07555419000159,08050387000100,DISTRIBUIDORA DE CARAMELOS NATAL LTDA,N,2016,02
07555419000159,20431538000168,TCA EMPREENDIMENTOS E LOCACOES LTDA - EPP,N,2016,02
07608202000160,00004335183402,JOSE WILSON SOARES DE MARIA,N,2016,02
07608202000160,00066251770830,ANTONIO GOMES SOARES,N,2016,02
07610338000104,00001434103340,MARILIA CAMPOS PESSOA NOGUEIRA,N,2016,02
07610338000104,00011636918441,NICOLAS CAMPOS NOGUEIRA,N,2016,02
07612031000142,00031598188453,EDINA MARIA BARBOSA DA SILVA ALMEIDA,N,2016,02
07623886000179,00008955314450,DANIEL PATRICIO BENEVIDES,N,2016,02
07623886000179,00032844026400,VERONICA MARIA ROCHA DE FARIAS,N,2016,02
07693730000164,00004418847413,SIMONIDA QUEIROZ LOPES,N,2016,02
07693730000164,00085159972404,SILNEI DE QUEIROZ LOPES,N,2016,02
07807635000144,00002403377430,LUCILENE JUSTINO DANTAS,N,2016,02
07807635000144,00009222896467,IAGO VITOR DANTAS PEREIRA,N,2016,02
07817006000286,00044409532472,WELITON PINHEIRO GALVAO JUNIOR,N,2016,02
07817006000286,00045512183400,FRANCISCA MARIA FELIPE GALVAO,N,2016,02
07845028000179,00002343755400,TASLA CAPISTRANO GONZAGA MENDES,N,2016,02
07845028000179,00003603888413,THAISA CAPISTRANO GONZAGA DE ANDRADE,N,2016,02
07845028000179,00085215570434,THIAGO CAPISTRANO GONZAGA,N,2016,02
07849266000152,00002432729447,GEORGE UBENILTON PINHEIRO,N,2016,02
07849266000152,00006513350433,LUAN BRUNO DE ARAUJO MEDEIROS,N,2016,02
07939638000131,00002011423414,JOSE JEOMAR DE MEDEIROS,N,2016,02
07939638000131,00004168881431,MAXIMO WAGNER PEREIRA DE MACEDO,N,2016,02
07969641000106,00053761910444,MARQUIDONES VALAMIRA FERNANDES,N,2016,02
07969641000106,00056688946491,CLAUDIA MARIA DA COSTA FERNANDES,N,2016,02
07986555000101,00072197692453,ANTONIA EDNA SIMAO DO NASCIMENTO BEZERRA,N,2016,02
07986555000101,00073815527449,JOSE EDMO BEZERRA,N,2016,02
07991017000105,00000762675470,KLEIBER FLAVIO SILVA COSTA,N,2016,02
07991017000105,00000762676442,KLEYTON FABIO SILVA COSTA,N,2016,02
07991017000288,00000762675470,KLEIBER FLAVIO SILVA COSTA,N,2016,02
07991017000288,00000762676442,KLEYTON FABIO SILVA COSTA,N,2016,02
08010923000136,00000900738430,MARILENE MARIA MEDEIROS CRUZ,N,2016,02
08010923000136,00004189905496,RENATA SUZANA DE MEDEIROS CRUZ,N,2016,02
08010923000136,00004544920493,NARA MAIRA DE MEDEIROS CRUZ,N,2016,02
08049405000126,00001086189434,SEBASTIAO GODEIRO CARLOS,N,2016,02
08049405000126,00007109539415,JOSE SERGIO CARLOS,N,2016,02
08086001000102,00020019939434,NEWTON UCHOA DE ARAUJO,N,2016,02
08086001000102,00046681019404,FRANCINEIDE MAURA UCHOA DE ARAUJO,N,2016,02
08090078000156,00000775007412,DENIO ALVES DE OLIVEIRA,N,2016,02
08090078000156,00002828448487,JOSE ALVES NETO,N,2016,02
08090078000156,00096932350459,MARIA AUGUSTA DE OLIVEIRA ALVES,N,2016,02
08091529000170,00005940614400,FRANCISCO DAS CHAGAS PEREIRA DA SILVA,N,2016,02
08091529000170,00036496910430,FRANCISCO GINETE ANDRADE,N,2016,02
08094807000142,00005126539418,ALINE VALE DE ARAUJO,N,2016,02
08094807000142,00052381765468,JANE VALE DE ARAUJO,N,2016,02
08094807000142,00096928182415,ANA LIGIA VALE DE ARAUJO,N,2016,02
08122202000118,00001174959487,TEREZA NEUMAN ASSUNCAO,N,2016,02
08122202000118,00015491480444,MARIA MARLENE GOMES DANTAS,N,2016,02
08122202000118,00031674658400,NILTON JOSE BENJAMIN DE MEDEIROS,N,2016,02
08130288000120,00002662965487,MARIA DE SOUZA MENEZES,N,2016,02
08130288000120,00002672839468,ARLINDO MENEZES DA COSTA,N,2016,02
08206773000130,00017541387487,EDUARDO TORRES BARBALHO,N,2016,02
08206773000130,00091534690468,LENILDE TORRES GALVAO BARBALHO,N,2016,02
08222903000129,00003360792491,FRANCISCO ARAUJO DA COSTA,N,2016,02
08222903000129,00005720591400,MARGARIDA MARIA DE MORAIS COSTA,N,2016,02
08238974000110,00001012769402,ADRIANO ROBERTO ARAUJO DE AZEVEDO,N,2016,02
08238974000110,00014378205491,PEDRO CAMPOS DE AZEVEDO,N,2016,02
08238974000209,00001012769402,ADRIANO ROBERTO ARAUJO DE AZEVEDO,N,2016,02
08238974000209,00014378205491,PEDRO CAMPOS DE AZEVEDO,N,2016,02
08248239000197,00000364312491,HUGO FREIRE PINTO,N,2016,02
08248239000197,00010606149449,RICARDO RUBENS BRASIL PINTO,N,2016,02
08248239000197,00015635600468,HUGO FREIRE PINTO JUNIOR,N,2016,02
08248239000197,00024306347400,MARILIA BRASIL PINTO FERNANDES,N,2016,02
08248239000197,00032624689400,CARLOS HENRIQUE BRASIL PINTO,N,2016,02
08248239000197,00041362551449,MARIA FRANCISCA TEREZA JESUS BRASIL PINTO,N,2016,02
08248403000166,00001161784420,JOSE AMADEU VALE,N,2016,02
08248403000166,00081364105420,MARIA GIZELDA DE MEDEIROS VALE,N,2016,02
08249104000731,00020081006420,MARCO ANTONIO PESSOA DE OLIVEIRA,N,2016,02
08249104000731,00027179664472,MIGUEL ARCANJO DE OLIVEIRA JUNIOR,N,2016,02
08249104000731,00042303524415,MARCELO JOAQUIM PESSOA DE OLIVEIRA,N,2016,02
08249104000731,00087506661420,MARCIO JOSE PESSOA DE OLIVEIRA,N,2016,02
08284630000147,00001174991453,ANTONIETA MEDEIROS,N,2016,02
08284630000147,00001259547434,EDWIGES MEDEIROS,N,2016,02
08284630000147,00012993280406,PAULO PINHEIRO LOPES,N,2016,02
08285124000172,00002530376468,FERNANDO ALBINO RODRIGUES,N,2016,02
08285124000172,00065470524434,HENRIQUE SODRE RODRIGUES,N,2016,02
08285124000334,00002530376468,FERNANDO ALBINO RODRIGUES,N,2016,02
08285124000334,00065470524434,HENRIQUE SODRE RODRIGUES,N,2016,02
08293840000100,00013913567801,MARIA DE LOURDES GUEDES SILVA,N,2016,02
08293840000100,00042251400400,FRANCISCO DAS CHAGAS SILVA,N,2016,02
08326720000153,00001167006453,JOSEBEL DA COSTA CIRNE,N,2016,02
08326720000153,00002358221406,FABSON LIRA CIRNE,N,2016,02
08326720000153,00003039123408,RICARDO LIRA CIRNE,N,2016,02
08326720000153,00037885928420,SERGIO ROBERTO DE MEDEIROS CIRNE,N,2016,02
08326720000153,00083729283472,MARIA DE FATIMA LIRA CIRNE,N,2016,02
08326720000153,00089816218453,GERLIZA LIRA CIRNE GASPAR,N,2016,02
08328395000834,00013056514487,JOAQUIM TARCISIO CAMARA FLOR,N,2016,02
08328395000834,00013912844453,TANIA MARIA FLOR RIBEIRO,N,2016,02
08328395000834,00014063654400,TULIO MAURICIO CAMARA FLOR,N,2016,02
08328395000834,00022133755420,THELMA MARIA FLOR ALENCAR,N,2016,02
08328395000834,00033651981487,TATIANA MARIA FLOR GUEDES,N,2016,02
08328395000834,00035758643491,TERCIO CAMARA FLOR,N,2016,02
08328395000834,00036998842449,TARCIO HENRIQUE CAMARA FLOR,N,2016,02
08328395000834,00037848585468,TANILDA MARIA CAMARA FLOR FREITAS,N,2016,02
08328395000834,00056585721420,MARIA DE LOURDES CAMARA FLOR,N,2016,02
08345621000119,00001210402408,CAMILA GOMES FERNANDES DE SOUZA,N,2016,02
08345621000119,00001210941465,CAROLINE GOMES FERNANDES DE SOUZA,N,2016,02
08345621000119,00003554335401,ENIO GOMES FERNANDES DE SOUZA,N,2016,02
08345621000119,00003796507468,FRANCISCO FERNANDES DE SOUZA,N,2016,02
08345621000119,00009048138434,MARIA DA CONCEICAO FERREIRA GOMES DE SOUZA,N,2016,02
08345698000199,00003524633412,KELY REGINA DAS CHAGAS MEDEIROS,N,2016,02
08350746000137,00000364533404,LUIZ TEOTONIO DE PAULA NETO,N,2016,02
08350746000137,00019953941491,LINDINALVA MARTINS SILVA DE PAULA,N,2016,02
08350746000137,00042996120434,YOGO MARTINS DE PAULA,N,2016,02
08378366000100,00000364452404,JERONIMO NOGUCHI DE GOIS ROSADO,N,2016,02
08378366000100,00002015846468,IZAURA ARUZA DE GOIS ROSADO,N,2016,02
08378366000100,00002985761476,JERONIMO NOGUCHI DE GOIS ROSADO FILHO,N,2016,02
08378366000100,00009482075404,JERONIMO ALEXANDER DE GOIS ROSADO,N,2016,02
08378366000100,00081361939400,NEIDE DA FROTA ROSADO,N,2016,02
08378861000110,00009271568494,PORCINO FERNANDES DA COSTA SEGUNDO,N,2016,02
08378861000110,00020004168453,LUCIA DE FATIMA CHAVES DA COSTA ROSADO MAIA,N,2016,02
08378861000110,00023031859472,PORCINO FERNANDES DA COSTA JUNIOR,N,2016,02
08378861000110,00040574784420,FABIO ALCINDO CHAVES DA COSTA,N,2016,02
08378861000110,00066378133468,NOILDE CHAVES DA COSTA,N,2016,02
08385213000514,00000749347406,AILA AYRES NERY,N,2016,02
08385213000514,00002378816405,ALEA AIRES NERY SALUSTIANO,N,2016,02
08385213000514,00076207030478,ALEX AYRES NERY,N,2016,02
08385809000190,00006919223490,CAIO SERGIO DAMASCENO DE ARAUJO,N,2016,02
08385809000190,00010680462449,ROBERTO SERGIO DE ARAUJO,N,2016,02
08395436000139,00022169733434,JOSE EDIVARDO CHAVES,N,2016,02
08395436000139,00022976302472,MARIA GUADALUPE DE MELO CHAVES,N,2016,02
08399054000183,00005721806168,ROBSON DE MACEDO VIEIRA,N,2016,02
08399054000183,00038006634491,THELMA LUCIA CHAGAS DE MACEDO,N,2016,02
08399834000123,00002570599468,ALVARO DE OLIVEIRA,N,2016,02
08399834000123,00033614920410,JOSIVALDO CLEMENTE DE OLIVEIRA,N,2016,02
08399834000123,00087804603487,MARIA NIVALDA DE OLIVEIRA,N,2016,02
08403578000877,00001100289453,WELLINGTON JOSE MORAIS LUCENA,N,2016,02
08403578000877,00042292379449,JOSE CORDEIRO DE LUCENA NETO,N,2016,02
08403578000877,00056751141491,SERGIO GENTILE LUCENA,N,2016,02
08412520000202,00001993720472,ROBERTO WILLIAM MONTENEGRO,N,2016,02
08412520000202,00037894706434,VERA LUCIA MONTENEGRO,N,2016,02
08412520000202,00082839123487,EMANUELLE MONTENEGRO BEZERRA,N,2016,02
08412520000202,00082839158434,MICHELLE MONTENEGRO DE SOUZA,N,2016,02
08412520000202,00082839182491,IGOR MONTENEGRO,N,2016,02
08458002000130,00002343755400,TASLA CAPISTRANO GONZAGA MENDES,N,2016,02
08458002000130,00003603888413,THAISA CAPISTRANO GONZAGA DE ANDRADE,N,2016,02
08458002000130,00085215473404,JANDIRA CAPISTRANO GONZAGA,N,2016,02
08458002000130,00085215570434,THIAGO CAPISTRANO GONZAGA,N,2016,02
08473985000184,00002764341458,THAYANNE FLOR ALVARES DANTAS,N,2016,02
08473985000184,00007485506404,DIOGENES DANTAS ALVARES,N,2016,02
08473985000265,00002764341458,THAYANNE FLOR ALVARES DANTAS,N,2016,02
08473985000265,00007485506404,DIOGENES DANTAS ALVARES,N,2016,02
08482895000150,00007414510425,ORISMAR CARLOS DE ALMEIDA,N,2016,02
08482895000150,00007501188491,ANTONIMAR CARLOS DE ALMEIDA,N,2016,02
08505026000101,00048410624834,ANEZIO MARQUES DE SOUZA,N,2016,02
08505026000101,00085271420400,MARIA IRLETE NUNES DE SOUZA,N,2016,02
08505901000147,00033614920410,JOSIVALDO CLEMENTE DE OLIVEIRA,N,2016,02
08505901000147,00087804603487,MARIA NIVALDA DE OLIVEIRA,N,2016,02
08505901000147,08399834000123,ALVARO DE OLIVEIRA & CIA LTDA,N,2016,02
08506693000109,00005008033409,JULIANA DE AZEVEDO BARBOSA MACEDO,N,2016,02
08506693000109,00009474498415,CANDIDO BARBOSA NETO,N,2016,02
08506693000109,00018243304487,DAILDE DE AZEVEDO BARBOSA,N,2016,02
08512972000177,00048186260404,ANTONIO DOS SANTOS LEITE DE OLIVEIRA,N,2016,02
08512972000177,00081279639415,FRANCISCO MAGNO DE OLIVEIRA,N,2016,02
08547432000129,00005117305434,HUGO NOBRE CABRAL,N,2016,02
08547432000129,00018236766420,LEA BARBOSA CABRAL,N,2016,02
08547432000552,00005117305434,HUGO NOBRE CABRAL,N,2016,02
08547432000552,00018236766420,LEA BARBOSA CABRAL,N,2016,02
08547432000803,00005117305434,HUGO NOBRE CABRAL,N,2016,02
08547432000803,00018236766420,LEA BARBOSA CABRAL,N,2016,02
08553216000196,00003947289472,MARIA CABRAL DE ALBUQUERQUE,N,2016,02
08553216000196,00015672778453,CORINA CABRAL DE ALBUQUERQUE,N,2016,02
08553216000196,00031203248415,JOSE CABRAL DE ALBUQUERQUE,N,2016,02
08555021000185,00017545331400,RONALDO MARQUES RODRIGUES,N,2016,02
08555021000185,00072137886472,ROSANE MENDONCA RODRIGUES,N,2016,02
08563934000143,00003036832440,JOSE DOS SANTOS PINHEIRO DA SILVA JUNIOR,N,2016,02
08563934000143,00087765942468,ANDRE CIRILO DE OLIVEIRA PINHEIRO,N,2016,02
08572950000100,00026718588415,ROBERTO PINTO SERQUIZ ELIAS,N,2016,02
08572950000100,00029303117468,MARIA TEREZA PINTO SERQUIZ MAIA,N,2016,02
08574428000150,00008607958453,DAVINA SOARES,N,2016,02
08574428000150,00013911350406,FRANCISCO CANINDE SOARES RODRIGUES,N,2016,02
08576605000137,00005375446405,FRANCISCO EDILSON XAVIER REBOUCAS SEGUNDO,N,2016,02
08576605000137,00013014110434,FRANCISCO EDILSON XAVIER REBOUCAS,N,2016,02
08576605000137,00022978712449,LINDONETE MARIA MOURA ROCHA REBOUCAS,N,2016,02
08578007000105,00001119729491,LUIZ GONZAGA DE MELO,N,2016,02
08578007000105,00005337088424,CIRO DE HOLANDA MELO,N,2016,02
08578007000105,00025469932400,MARCOS EFRAIM DE MELO,N,2016,02
08637640000461,00003527171495,CLAUDIO DE FREITAS ALENCAR,N,2016,02
08637640000461,00006450730404,JOSEFA JAQUELINA GONCALVES LINHARES,N,2016,02
08690810000129,00031543278434,JOSEFA MARIA DA SILVA,N,2016,02
08690810000129,00087570467434,MARIA SULENE DE LIRA SILVA,N,2016,02
08692584000115,00042240603453,FLORACI CASSIANO DA SILVA,N,2016,02
08698326000146,00001191634469,WALTEISE PEREIRA DE OLIVEIRA,N,2016,02
08698326000146,00042994632420,JOSE LUCIO DE OLIVEIRA,N,2016,02
08713513000151,00003203131404,JOSE MUNIZ UCHOA,N,2016,02
08713513000151,00042291712420,GLAUBER CAVALCANTE UCHOA,N,2016,02
08713513000151,00067147232453,GLEYBER CAVALCANTE UCHOA,N,2016,02
08713513000151,00072298235449,EDIZIA CAVALCANTE DE BRITO UCHOA,N,2016,02
08733671000254,00026128195415,ADJACIRA SOBREIRA DE CASTRO TEIXEIRA,N,2016,02
08883446000113,00008965947421,ALLYSON BERGSON FERNANDES DE MEDEIROS,N,2016,02
08883446000113,00046594370430,LUIZ JURANDIR DE MEDEIROS,N,2016,02
08883446000113,00079113583468,JUVANIRA FERNANDES DE MEDEIROS,N,2016,02
08940206000103,00063874067491,FREDIANO JALES ROSADO,N,2016,02
08940206000103,00079247806453,GREGORIO JALES ROSADO,N,2016,02
08940466000189,00005964171443,JOABEL DE ARAUJO MEDEIROS,N,2016,02
08940466000189,00020238290468,JOSE MEDEIROS,N,2016,02
08979330000182,00008996394459,LAMARCK CAYMI AZEVEDO CAVALCANTE,N,2016,02
09018974000177,00013022822472,JOSE TADEU RODRIGUES SARMENTO,N,2016,02
09018974000177,00066471125453,CREMEILDA JACOME SARMENTO,N,2016,02
09037491000110,00001319675417,DIEGO ALVES XAVIER,N,2016,02
09037491000110,00020133227472,DORINEIDE FERREIRA DE SOUSA DANTAS,N,2016,02
09075326000152,00023081627400,JOACI GONCALVES MAFRA,N,2016,02
09075326000152,00085064912404,ANA TEREZA MONTENEGRO DINIZ MAFRA,N,2016,02
09080953000181,00006151597451,LOUISE STELLA LIMA BARBOSA,N,2016,02
09080953000181,00008479394480,LETICIA ALINE LIMA BARBOSA,N,2016,02
09080953000181,00033594724468,LUIZ HUGO VIDAL BARBOSA,N,2016,02
09080953000181,00082864888491,LEONARDO VIDAL BARBOSA,N,2016,02
09090457000290,00001163400459,EDILSON HENRIQUES GODEIRO,N,2016,02
09090457000290,00006301592468,CLEITON LUIZ GODEIRO,N,2016,02
09109547000102,00014383780415,PEDRO NASCIMENTO DE PAIVA FERNANDES,N,2016,02
09111667000136,00008552914867,LUCIA TOMOKO NAGATOMI VIEGAS,N,2016,02
09111667000136,00048179205487,FABIO DO NASCIMENTO VIEGAS,N,2016,02
09114091000160,00000333700449,JOAO SILVEIRA GUIMARAES FILHO,N,2016,02
09114091000160,00001064278493,TOMAS SILVEIRA GUIMARAES FILHO,N,2016,02
09114091000160,00005073879457,MARIANA MEIRA GUIMARAES,N,2016,02
09114091000160,00020343701472,TOMAS SILVEIRA GUIMARAES,N,2016,02
09114091000160,00033829233434,LUIS SERGIO SILVEIRA GUIMARAES,N,2016,02
09114091000160,00039567915415,SAIONARA MARIA SILVEIRA GUIMARAES,N,2016,02
09114091000160,00062152114434,CHARLES PEREIRA SILVEIRA,N,2016,02
09114091000160,00088487644449,BIANCA PEREIRA SILVEIRA FILGUEIRAS NOGUEIRA,N,2016,02
09117186000138,00009286482493,IAGO CARLOS BRITO MORAIS,N,2016,02
09117186000138,00032870779453,RUIVAN CARLOS MORAIS,N,2016,02
09117268000182,00022989528415,SUEUDO BESSA REGIS,N,2016,02
09117268000182,00031507166400,IVANSUEUDO BESSA REGIS,N,2016,02
09117268000182,00049055240400,RAIMUNDA BESSA FREITAS,N,2016,02
09124474000110,00042379300410,FRANCISCO MANOEL FERREIRA DO NASCIMENTO,N,2016,02
09124474000110,00045649928487,EDNA BULHOES DO NASCIMENTO,N,2016,02
09162487000183,00001704705479,FRANCISCO XAVIER DE OLIVEIRA NETO,N,2016,02
09162487000183,00005070669443,MARIA EDINETE PEREIRA DA SILVA,N,2016,02
09163858000141,00009643591468,VENCESLAU JOSE DE SOUZA SOBRINHO,N,2016,02
09163858000141,00017578876449,EURIDES IDA MENDONCA DA SILVA,N,2016,02
09166764000126,00003136338430,MARCIO LEITE PEREIRA,N,2016,02
09166764000126,00005914625408,SIMONE MARCIA LEITE PEREIRA,N,2016,02
09178339000157,00002843112435,PEDRO FELIX DE MEDEIROS NETO,N,2016,02
09178339000157,00004680980460,NICACIA ARAUJO DA ROSA MEDEIROS,N,2016,02
09196733000118,00022965785434,GEOVANE DA SILVA BEZERRA,N,2016,02
09196733000118,00054604176434,FRANCISCA DAS CHAGAS DA SILVA BEZERRA,N,2016,02
09208172000120,00001236301420,DANIELLE MONIKE LIMA DE ALBUQUERQUE,N,2016,02
09208172000120,00006369763438,LUCIO FERNANDES DE ALBUQUERQUE JUNIOR,N,2016,02
09246769000169,00002035939445,JEANE DANTAS DO NASCIMENTO,N,2016,02
09246769000169,00004136551487,FRANCISCO JACOME SARMENTO,N,2016,02
09266128000338,00004791004469,ARTHUR GUSTAVO VAZ TOLENTINO,N,2016,02
09266128000338,00006346740482,PAULO RONALDO TOLENTINO,N,2016,02
09305229000109,00066379270400,QUEZIA MAIA DANTAS OLIVEIRA,N,2016,02
09305229000109,00085171069468,PABLO MARCEL DE SOUSA OLIVEIRA,N,2016,02
09392341000124,00005011230325,SEVERINO RAMOS DE OLIVEIRA,N,2016,02
09392341000124,00051234980444,HELDER JANSEN RODRIGUES DE OLIVEIRA,N,2016,02
09392341000205,00005011230325,SEVERINO RAMOS DE OLIVEIRA,N,2016,02
09392341000205,00051234980444,HELDER JANSEN RODRIGUES DE OLIVEIRA,N,2016,02
09392341000558,00005011230325,SEVERINO RAMOS DE OLIVEIRA,N,2016,02
09392341000558,00051234980444,HELDER JANSEN RODRIGUES DE OLIVEIRA,N,2016,02
09392341000639,00005011230325,SEVERINO RAMOS DE OLIVEIRA,N,2016,02
09392341000639,00051234980444,HELDER JANSEN RODRIGUES DE OLIVEIRA,N,2016,02
09402009000284,00015599566404,GENILDO FERNANDES DE QUEIROZ,N,2016,02
09402009000284,00062713655404,JULIA FERNANDES DE QUEIROZ,N,2016,02
09404534000158,00008580367468,PEDRO FERNANDES DA SILVEIRA,N,2016,02
09431823000146,00002626355348,ERNANDO ESTEVAM NOGUEIRA,N,2016,02
09431823000146,00003586175370,SAMARA ESTEVAM PESSOA,N,2016,02
09454681000132,00001216154481,JOSE DE ANCHIETA VIEIRA LINHARES,N,2016,02
09454681000132,00002962666477,ANDRO MAKOS VIEIRA LINHARES,N,2016,02
09454681000132,00003535640440,TATIANA DA SILVA ANDRADE LINHARES,N,2016,02
09459395000160,00002210973414,SANDRA FERNANDES DE MORAIS LOPES,N,2016,02
09459395000160,00056635699449,JOAO LOPES DA SILVA JUNIOR,N,2016,02
09461826000122,00006147504401,ANDERSON LUCIER DA CRUZ BARROS,N,2016,02
09461826000122,00006147512412,ALYSSON LUCYAN DA CRUZ BARROS,N,2016,02
09481837000174,00002764341458,THAYANNE FLOR ALVARES DANTAS,N,2016,02
09481837000174,00007485506404,DIOGENES DANTAS ALVARES,N,2016,02
09500928000100,00083722610400,GONCALO JOAO SANTOS DE OLIVEIRA,N,2016,02
09500928000100,00091369444400,ELAINY CRISTINA SILVA FERNANDES OLIVEIRA,N,2016,02
09501742000175,00000794168450,JOSE TARCISIO DIOGENES JUNIOR,N,2016,02
09501742000175,00005086174481,SAVIO TARCIO GURGEL DIOGENES,N,2016,02
09501742000175,00010903579405,SAULLO RARYANO GURGEL DIOGENES,N,2016,02
09501742000175,00026073846487,ROSANGELA GURGEL DE OLIVEIRA DIOGENES,N,2016,02
09524685000140,00009288252304,JOSE AURINO ASEVEDO LOPES,N,2016,02
09524685000140,00021658684320,ISMENIA MACIEL SAMPAIO ASEVEDO,N,2016,02
09571500000158,00000739831445,HUGO ALEXANDRE FERREIRA SILVA,N,2016,02
09571500000158,00050063200449,ROSENUBIA MARIA FERREIRA DA SILVA,N,2016,02
09600404000190,00052318419434,TEOFILO FERREIRA DE SOUZA,N,2016,02
09813406000168,00009270949400,VALTER ANUNCIATO DA SILVEIRA,N,2016,02
10013417000142,00053767063468,RONNIE CEZAR FERNANDES SILVA,N,2016,02
10013417000142,00072158824468,CLEINO MARCOS FERNANDES BENTO,N,2016,02
10141376000170,00002837251410,MARIA GORETE PEREIRA DA COSTA VASCO,N,2016,02
10141376000170,00079087809468,BENTO DE LIMA VASCO,N,2016,02
10269807000188,00000984238433,TALIA CRISTINA SOUZA NOBREGA,N,2016,02
10269807000188,00014480689168,UIRAJARA COSTA NOBREGA,N,2016,02
10328834000184,00054953006534,ALBERTO SOBRAL DA SILVA,N,2016,02
10328834000184,00067171044491,LUIZ ALBERTO BARBALHO GALVAO,N,2016,02
10328834000184,00075147491449,GUSTAVO HENRIQUE BARBALHO GALVAO,N,2016,02
10440445000227,00002330255454,LENILDA SALVADOR DA SILVA,N,2016,02
10440445000227,00006832248407,JOAO MARIA ALVES GALVAO,N,2016,02
10449378000120,00004558174489,ADRIANA BEZERRA LOPES MEDEIROS,N,2016,02
10449378000120,00094270732415,ADRIANO OLIVEIRA DE MEDEIROS,N,2016,02
10568767000175,00000835258408,DEBORA BARROS ELIAS,N,2016,02
10568767000175,00081235186415,FRANCIBELL LEGITIMO MARTINS,N,2016,02
10597640000184,00002229581465,TAQUIANO MACEDO BARAUNA,N,2016,02
10597640000184,00083695745487,CELMA FELICIANO DO NASCIMENTO BARAUNA,N,2016,02
10606327000165,00006067683431,ANGELO MARCOS DE HOLANDA,N,2016,02
10606327000165,00007558157420,AIANNE MIKAELLY GONCALVES DE HOLANDA,N,2016,02
10641461000105,00036915017453,MARIA APARECIDA FERREIRA DE ARAUJO,N,2016,02
10641461000105,00087570637453,VALDENOR OTACILIO DA SILVA ARAUJO,N,2016,02
10653382000106,00006242540460,THIAGO VALDEVINO DE BARROS,N,2016,02
10653382000106,00008804344490,MARIA DA CONCEICAO MEIRELES PRIMO DE BARROS,N,2016,02
10655938000101,00067104622420,FAUSTO CAVALCANTE DA SILVA JUNIOR,N,2016,02
10655938000101,00079073727472,ADRIANA CARLA DE OLIVEIRA SOUZA CAVALCANTE,N,2016,02
10704138000125,00010022728406,THALITA LIRA DA SILVA PAIVA,N,2016,02
10704138000125,00018314511234,ROSA MARIA DE OLIVEIRA LIRA,N,2016,02
10729462000106,00003780913445,JOSIENE RODRIGUES DO VALE,N,2016,02
10729462000106,00030707905850,MARCOS LEANDRO DE CASTRO DANTAS,N,2016,02
10761839000104,00018185533415,JOAO ALBERTO ALVES TEIXEIRA,N,2016,02
10761839000104,00026128195415,ADJACIRA SOBREIRA DE CASTRO TEIXEIRA,N,2016,02
10790288000107,00002242077414,ELMA DANTAS DE MEDEIROS BRITO,N,2016,02
10790288000107,00002798835445,JAELSON DANTAS DE MEDEIROS BRITO,N,2016,02
10791675000150,00009235042810,JOSE LUIS ARANTES HORTO,N,2016,02
10808409000192,00000939731444,CARLOS HENRIQUE CABRAL DE AZEVEDO,N,2016,02
10808409000192,00031586600400,JOAO MARIA AZEVEDO,N,2016,02
10822747000189,00002199259412,EDILTON DAMIAO DO REGO,N,2016,02
10822747000189,00039247783453,MARIA ELIENE QUEIROZ DA CUNHA,N,2016,02
10857970000161,00006720633449,MARIA DALVA DE MESQUITA DIAS,N,2016,02
10857970000161,00031573126420,FRANCISCO MESSIAS DIAS,N,2016,02
10894248000105,00001257228420,LUANNA MICHELLE DINIZ DE MACEDO,N,2016,02
10894248000105,00003060172455,RAMILSON ALVES FERNANDES,N,2016,02
10894248000105,00006493461499,HELENA GABRIEL FERREIRA DE FREITAS,N,2016,02
10894248000105,00039135454415,ZENILDE MELO DE LIMA,N,2016,02
10898135000170,00017854501823,LAILDO NECO DE MORAIS,N,2016,02
10898135000170,00065402898472,AMARO ANTONIO DA COSTA,N,2016,02
10933739000100,00007264253465,MONINNE RAQUEL OLIVEIRA MORAIS,N,2016,02
10933739000100,00007391041440,DEIVID VIANA DE AQUINO,N,2016,02
10981924000170,00006111784439,MANUELLY MAKSON ARAUJO,N,2016,02
10981924000170,00070034090460,ELTON DA SILVA SANTOS,N,2016,02
11076374000107,00017545110404,GENIVAL GALDINO DE SOUZA,N,2016,02
11076374000107,00058731229468,GILSON GALDINO DE SOUZA,N,2016,02
11233325000130,00040639584420,JAILTON AURELIANO DA SILVA,N,2016,02
11233325000130,00042328209491,WBIRANILTON LINHARES DE ARAUJO,N,2016,02
11290066000180,00002978649470,RICARDO BRUNO SILVA DOS SANTOS,N,2016,02
11290066000180,00046534229404,FRANCINETE SILVA DOS SANTOS,N,2016,02
11423604000167,00000794867464,ELISIANE LEMOS DA SILVA,N,2016,02
11423604000167,00002835432485,ALEXANDRE DA SILVA BATISTA,N,2016,02
11448785000186,00003348879418,ANANIAS JUNIOR ROCHA DE QUEIROZ,N,2016,02
11448785000186,00025833771838,FRANCISCO EGINALDO ROCHA DE QUEIROZ,N,2016,02
11448785000186,00076821498415,FRANCISCO REGINALDO DUARTE,N,2016,02
11511020000143,00002259218474,CESAR CARLOS SILVEIRA MARIZ,N,2016,02
11511020000143,00073950203400,ROBERIO CAIAFFO CAVALCANTE ANDRADE,N,2016,02
11689133000133,00008789080483,MARIANA PINHEIRO DE ARAUJO,N,2016,02
11689133000133,00009241584416,HELOA D AVILLA NERY SERRA DANTAS,N,2016,02
11689133000133,00039382249400,GEOVANILDO PEREIRA DE ARAUJO,N,2016,02
11709499000127,00000022674462,ADAILTON MOREIRA DA SILVA,N,2016,02
11709499000127,00094208190434,MARCIA MARIA XAVIER DA SILVA,N,2016,02
11786813000175,00000887915566,JACIARA GONCALVES DA SILVA,N,2016,02
11786813000175,00006369763438,LUCIO FERNANDES DE ALBUQUERQUE JUNIOR,N,2016,02
11933991000181,00015500470434,RAIMUNDO NONATO DE SOUZA,N,2016,02
11933991000181,00020084994487,MARIA ELI DIAS,N,2016,02
11934940000174,00000971215413,MIQUELINA MARIA DOS SANTOS MEDEIROS NETA,N,2016,02
11934940000174,00007569922492,MORSINALDO DE AZEVEDO MEDEIROS,N,2016,02
11936085000130,00042349869415,CARLOS ANTONIO DE SOUZA,N,2016,02
11936085000130,00063127660472,PEDRO GILSON DE SOUZA,N,2016,02
11937778000148,00002215925477,MARILU TRINDADE DANTAS,N,2016,02
11937778000148,00009809589468,CLEODOMAR GREGORIO DANTAS,N,2016,02
11940467000138,00002023024404,OTACILIO CACIANO DO NASCIMENTO,N,2016,02
11940467000138,00008192320413,LUIS HENRIQUE DE FRANCA GOMES,N,2016,02
11940467000138,00023448270482,JOSE REGINALDO GOMES,N,2016,02
11981669000128,00018566561104,JOAO MARIA DE OLIVEIRA,N,2016,02
11981669000128,00056519796468,MARIA AUXILIADORA TARGINO DE OLIVEIRA,N,2016,02
11982113000237,00029749840453,AFRANIO FERREIRA DE MIRANDA FILHO,N,2016,02
11982113000237,00040648320430,LUCIANO DE SOUSA MIRANDA,N,2016,02
11982113000237,00046528210420,PAULO CESAR DE SOUSA MIRANDA,N,2016,02
11982113000237,00053910168434,SILVANA GOMES DE MIRANDA,N,2016,02
11982113000580,00029749840453,AFRANIO FERREIRA DE MIRANDA FILHO,N,2016,02
11982113000580,00040648320430,LUCIANO DE SOUSA MIRANDA,N,2016,02
11982113000580,00046528210420,PAULO CESAR DE SOUSA MIRANDA,N,2016,02
11982113000580,00053910168434,SILVANA GOMES DE MIRANDA,N,2016,02
11982113000741,00029749840453,AFRANIO FERREIRA DE MIRANDA FILHO,N,2016,02
11982113000741,00040648320430,LUCIANO DE SOUSA MIRANDA,N,2016,02
11982113000741,00046528210420,PAULO CESAR DE SOUSA MIRANDA,N,2016,02
11982113000741,00053910168434,SILVANA GOMES DE MIRANDA,N,2016,02
11991803000171,00005231529494,URBANA MARIA VICENTE DA SILVA FERREIRA,N,2016,02
11991803000171,00005865100440,LINDOMAR DE BRITO FERREIRA SILVA,N,2016,02
12018070000156,00001237930413,FRANCISCO GLAUBENIO FELIX DE OLIVEIRA,N,2016,02
12018070000156,00031655297449,ANTONIA JAIRES DE LIMA AGOSTINHO,N,2016,02
12055990000144,00000871828405,MARCOS ANTONIO NUNES,N,2016,02
12055990000144,00001156341426,ANA CRISTINA BRITO,N,2016,02
12165870000108,00001009691430,FRANCISCO BERGJANIO DE OLIVEIRA SILVA,N,2016,02
12165870000108,00087708140404,FRANCISCO BERCLESON DE OLIVEIRA SILVA,N,2016,02
12305387000173,00003525182430,RODRIGO FERNANDES DE CARVALHO,N,2016,02
12305387000173,00004644650447,EDUARDO FERNANDES DE CARVALHO,N,2016,02
12305387000173,00005916884419,FELIPE FERNANDES DE CARVALHO,N,2016,02
12305387000173,00009166947391,EDUARDO TAVARES DE CARVALHO,N,2016,02
12305387000173,00067185517400,FERNANDA FERNANDES DE CARVALHO,N,2016,02
12305387000173,40811440000143,PRONTOMEDICA PRODUTOS HOSPITALARES LTDA,N,2016,02
12328933000191,00002907964402,LEONARDO ALEXANDRE DA ROCHA,N,2016,02
12328933000191,00045135290400,KATIA COELLY VIRISSIMO DO NASCIMENTO ROCHA,N,2016,02
12528765000188,00004743790433,IVANILSON DOS SANTOS VERAS,N,2016,02
12528765000188,00041403517487,MARIA JOSE DOS SANTOS VERAS,N,2016,02
12637492000100,00065499360472,OSORIO DANTAS DA ROCHA,N,2016,02
12637492000100,00070266111432,EMMANUELY FELIX OLIVEIRA ROCHA,N,2016,02
12648754000131,00020195737415,ANTONIO VIEIRA DA SILVA NETO,N,2016,02
12648754000131,00040580067491,ADELIA GURGEL VIEIRA,N,2016,02
12650057000115,00014627060459,RONALDO OLIVEIRA DE MACEDO,N,2016,02
12650057000115,00092939414815,JOSE WILTON DIBE GONDIM FILHO,N,2016,02
12686128000130,00001559085452,GABRIELE MARIELY BEZERRA DE OLIVEIRA,N,2016,02
12686128000130,00072050551487,ANA CLEA BEZERRA DE MEDEIROS,N,2016,02
12689295000134,00000988298406,WELLBERSON FLOR DE OLIVEIRA,N,2016,02
12689295000134,00005788039410,HUDYSON FLOR DE OLIVEIRA,N,2016,02
12689295000134,00008567921449,JAIRO ARAUJO DE OLIVEIRA,N,2016,02
12689295000134,00089798856449,MAXWELL FLOR DE OLIVEIRA,N,2016,02
12689295000215,00000988298406,WELLBERSON FLOR DE OLIVEIRA,N,2016,02
12689295000215,00005788039410,HUDYSON FLOR DE OLIVEIRA,N,2016,02
12689295000215,00008567921449,JAIRO ARAUJO DE OLIVEIRA,N,2016,02
12689295000215,00089798856449,MAXWELL FLOR DE OLIVEIRA,N,2016,02
12689295000304,00000988298406,WELLBERSON FLOR DE OLIVEIRA,N,2016,02
12689295000304,00005788039410,HUDYSON FLOR DE OLIVEIRA,N,2016,02
12689295000304,00008567921449,JAIRO ARAUJO DE OLIVEIRA,N,2016,02
12689295000304,00089798856449,MAXWELL FLOR DE OLIVEIRA,N,2016,02
12689295000568,00000988298406,WELLBERSON FLOR DE OLIVEIRA,N,2016,02
12689295000568,00005788039410,HUDYSON FLOR DE OLIVEIRA,N,2016,02
12689295000568,00008567921449,JAIRO ARAUJO DE OLIVEIRA,N,2016,02
12689295000568,00089798856449,MAXWELL FLOR DE OLIVEIRA,N,2016,02
12704516000104,00008789080483,MARIANA PINHEIRO DE ARAUJO,N,2016,02
12704516000104,00076205800420,MERCIA CRISTINA FERNANDES PINHEIRO,N,2016,02
12742102000161,00004434137468,EDMILSON DE OLIVEIRA BEZERRA,N,2016,02
12742102000161,00070188459472,MARIA EDIVA FERNANDES BEZERRA,N,2016,02
12746673000255,00002053611456,MARCONI DE ALMEIDA COSTA JUNIOR,N,2016,02
12746673000255,00005631971453,MARCONI DE ALMEIDA ROSADO COSTA,N,2016,02
12746673000255,00067308996468,MARIA DE FATIMA ALVES DE OLIVEIRA COSTA,N,2016,02
12747440000196,00004107594491,LUIS PAIZINHO DANTAS,N,2016,02
12747440000196,00008627479453,DAMIANA APARECIDA DE AZEVEDO,N,2016,02
12756805000149,00001172383413,CARLOS FILIPE LUZ MOURA,N,2016,02
12756805000149,00008878331449,CARLOS ALBERTO MOURA,N,2016,02
12980520000197,00002668529476,CADJA PEREIRA DE MELO,N,2016,02
12980520000197,00034173005415,CASSIO PEREIRA DE MELO,N,2016,02
12980520000197,00067178456434,CLEBSON PEREIRA DE MELO,N,2016,02
12980520000197,00087684373404,CLEDJA PEREIRA DE MELO RASTELLI,N,2016,02
13004510028270,00005920548886,CLEBER EUGENIO VOELZKE,N,2016,02
13004510028270,00006977619830,FLAVIO FIGUEIRA COTINI,N,2016,02
13004510028270,00010500482888,ALEXANDRE MARQUES ESPER,N,2016,02
13004510028270,00013362357806,LIVIA CRISTINA DE AZEVEDO MOTTA E SILVA,N,2016,02
13004510028270,00023557327876,BERNARDO JORGE GARCIA PERLOIRO,N,2016,02
13004510028270,00045652074000,DANIEL GROSS GARCIA,N,2016,02
13004510028270,06097868000138,VERANEIO PARTICIPACOES LTDA.,N,2016,02
13004510028270,18646276000107,WMT BRASILIA S.A.R.L.,N,2016,02
13060597000101,00008214350433,SANDERSON CORTEZ DE QUEIROZ,N,2016,02
13060597000101,00027690172415,FRANCISCA LUCIMAR LIMA E SILVA,N,2016,02
13118382000102,00002038543496,EUZIMAR DIAS DE CASTRO,N,2016,02
13118382000102,00010460541471,DANIELE KARINE DE FREITAS CASTRO,N,2016,02
13190056000106,00046049096449,VALDECI TEIXEIRA JALES,N,2016,02
13190056000106,00070154112453,EDILEUSA TEIXEIRA JALES,N,2016,02
13228559000115,00002659567492,VICTOR SIRUFFO DE CARVALHO,N,2016,02
13228559000115,00002744733482,SANZIA PATRICIA DE SOUZA SIRUFFO,N,2016,02
13259674000157,00011647263409,ERICK LORENZO NOLASCO SILVA,N,2016,02
13259674000157,00065339304434,FRANCISCO LUCIEUDES DA SILVA,N,2016,02
13259674000157,00086470566391,FRANCISCO JUCIVAN FERNANDES COSTA,N,2016,02
13405199000180,00001359478477,JOSE WILLTON CARLOS DE MEDEIROS,N,2016,02
13405199000180,00005086597447,PRISCILA GABRIELLE CARLOS DE MEDEIROS DIAS,N,2016,02
13413643000109,00001836397402,TEREZINHA TAVARES DA SILVA MARTINS,N,2016,02
13413643000109,00003882032421,JEANE MARIA DA SILVA TAVARES,N,2016,02
13413643000109,00048167991415,RANULFO TAVARES DA SILVA,N,2016,02
13413643000109,00055539343468,RINALDO TAVARES DA SILVA,N,2016,02
13446587000109,00001414923414,DANIEL LINDBERGH CUNHA,N,2016,02
13446587000109,00004733139446,THOMAS ARAUJO DE MOURA,N,2016,02
13446587000109,00006797985447,RENAN LINDBERGH DA CUNHA,N,2016,02
13446587000109,00040639789404,DIOGENES FERNANDES DA CUNHA,N,2016,02
13536641000298,00063874067491,FREDIANO JALES ROSADO,N,2016,02
13536641000298,00079247806453,GREGORIO JALES ROSADO,N,2016,02
13587119000154,00008984451401,VERUSSIA CARLA ROCHA DE FARIAS,N,2016,02
13662971000149,00004598161442,DIEGO STEFANIO DO COUTO,N,2016,02
13662971000149,08356048000149,PETROSOLUCTION FOMENTO MERCANTIL LTDA,N,2016,02
13728806000142,00066379270400,QUEZIA MAIA DANTAS OLIVEIRA,N,2016,02
13728806000142,00085171069468,PABLO MARCEL DE SOUSA OLIVEIRA,N,2016,02
13735375000141,00019926944434,TEREZA NEUMA FERNANDES TORRES,N,2016,02
13735375000141,00046546600463,SEVERINO VIEIRA TORRES JUNIOR,N,2016,02
13815612000184,00004674320402,SUZY MARIA CARLOS COSTA,N,2016,02
13815612000184,00004674323410,JOANA EMANOELLY CARLOS COSTA,N,2016,02
13839092000140,00003204632490,MARTA MESSIAS DE MESQUITA,N,2016,02
13839092000140,00006988230440,MAXKSON MESSIAS DE MESQUITA,N,2016,02
13938876000125,00063402882434,MIGUEL SOARES DE MOURA,N,2016,02
13938876000125,00067306896415,ERONEIDE ZACARIAS DA COSTA,N,2016,02
14055588000195,00009659602421,ADJAMILTON SERVULO PESSOA DANTAS,N,2016,02
14208646000173,00033661758420,LIANA BEZERRA DE FREITAS ARAUJO,N,2016,02
14208646000173,00042357837420,PAULO GEOVANNI DE ARAUJO LIMA,N,2016,02
14378801000442,00006291315467,IGOR RIBEIRO JACOME,N,2016,02
14378801000442,00009522358460,ANA CLAUDIA RIBEIRO JACOME,N,2016,02
14428827000105,00049827731491,ROMUALDO TORRES BEZERRA JUNIOR,N,2016,02
14428827000105,00079153348400,ERINEIDE ELAINE DA SILVA TORRES,N,2016,02
14436874000109,00005830449480,LUIS CLENILSON DE MEDEIROS FILHO,N,2016,02
14436874000109,00007597521413,LYSSANDRO LOPES DE ARAUJO MEDEIROS,N,2016,02
14436874000109,00024148547404,ELIZABETH LOPES DE ARAUJO,N,2016,02
14717523000168,00001054505454,ROMULO ANTONIO SANTOS DA SILVA,N,2016,02
14717523000168,00023024780459,LEDA MARIA CORREIA DOS SANTOS,N,2016,02
14785603000150,00007697244420,ARLINDO FARIA DA COSTA,N,2016,02
14785603000150,00081226799434,ARLINDO FARIA DA COSTA JÚNIOR,N,2016,02
15258710000193,00010185036414,ALINE PEREIRA DA SILVA ARAUJO,N,2016,02
15258710000193,00064244997334,CLEANTO DE ARAUJO FERREIRA,N,2016,02
15328361000210,00003125260400,EDVALDO PAIXAO DE OLIVEIRA JUNIOR,N,2016,02
15328361000210,00006402149403,LEANI BATISTA DE ARAUJO OLIVEIRA,N,2016,02
15359153000105,00001423663403,RAFAEL DE AMORIM DANTAS,N,2016,02
15359153000105,00009033662400,PATRICIA BERNARDO DE CASTRO AMORIM,N,2016,02
15486432000121,00003442046424,HERTA KARYNE FIGUEIREDO TORRES,N,2016,02
15486432000121,00081238096468,ARISTOFANES TORRES ROCHA,N,2016,02
15866751000162,00000876596464,JOSEFA VERIDYANA REGO FONSECA DE CARVALHO,N,2016,02
15866751000162,00077955315472,LEONARDO NOGUEIRA DE CARVALHO,N,2016,02
16553066000149,00005831879437,FRANCISCO DE ASSIS CAETANO DA SILVA,N,2016,02
16553066000149,00007335252458,OSCAR BATISTA DE SOUZA NETO,N,2016,02
16585268000172,00002715215460,ADRIANO DA SILVA DANTAS,N,2016,02
16585268000172,00006383593412,CARLOS ALBERTO DA SILVA DANTAS,N,2016,02
16723530000106,00050333100468,HERACLITO MARIA SOARES JUNIOR,N,2016,02
16723530000106,00087832712449,SHEYLA MEIRE DA SILVA,N,2016,02
16737759000191,00006324712478,CIMARA CRISTIANE DOS SANTOS,N,2016,02
16737759000191,00007705029464,JARLEIDE SUELY MEDEIROS DA SILVA,N,2016,02
16783593000140,00035758643491,TERCIO CAMARA FLOR,N,2016,02
16783593000140,00050073940410,MARTA CUNHA DE PAIVA MARQUES FLOR,N,2016,02
16826043000160,00004470265420,ELIAS SIMÕES DE ARAÚJO,N,2016,02
16826043000160,00007496400491,MARISETE FERNANDES BEZERRA FONTES,N,2016,02
16870551000146,00001195622430,JOSE AUGUSTO ALVES,N,2016,02
16870551000146,00008892109421,WANESSA CRISTINA RODRIGUES DA SILVA,N,2016,02
16909633000157,00001404591460,ANDREIA LAYSE ADOLFO DA SILVA,N,2016,02
16909633000157,00054370302749,SEVERINO MANOEL ADOLFO,N,2016,02
16909633000157,22862359000100,ADOLFO & ADOLFO PARTICIPACOES LTDA,N,2016,02
17003117000121,00000900963476,JOSE MARIA VITORIANO DA SILVA,N,2016,02
17003117000121,00070423057448,GLEFFERSON DA ROCHA LIMA,N,2016,02
17110756000196,00003793781402,PAULO VICTOR ACIOLY DE OLIVEIRA,N,2016,02
17110756000196,00082226342400,LUIZ ANDRE SAMPAIO ACIOLY,N,2016,02
17320267000169,00003501929870,OSMAR FELIPE DOS SANTOS,N,2016,02
17320267000169,00043973181829,ISABELLA CROISFELT SANTOS,N,2016,02
17458763000183,00025380648487,KITT PEREIRA DA SILVA,N,2016,02
17458763000183,00055538347400,ELIEZIO NASCIMENTO DE SOUSA,N,2016,02
17514152000105,00005992322426,CLAUDIO HENRIQUE DA SILVA CARNEIRO,N,2016,02
17514152000105,00028916859468,JOSE CLAUDIONOR DA SILVA,N,2016,02
17570889000145,00005476066489,JOSE RADAMES FERNANDES MALHEIRO,N,2016,02
17570889000145,00045540829468,LUIZA PINHEIRO FERNANDES,N,2016,02
17640366000128,00006792523470,JACIARA DOS SANTOS GALVAO,N,2016,02
17640366000128,00008232460431,LUIS HENRIQUE SIQUEIRA DE ARAUJO LIMA,N,2016,02
17650878000175,00000499062329,MONICA ESTEVAM PESSOA,N,2016,02
17650878000175,00008276241409,GUILHERME ANDRE RODRIGUES NEGREIROS,N,2016,02
18087566000168,00000917685431,IVIS LEVI DE AGUIAR SANTOS,N,2016,02
18087566000168,00070259286400,IVIS LEVI LOPES ARAUJO AGUIAR,N,2016,02
18141871000190,00000281117888,MARCELO GARCIA LEAL,N,2016,02
18141871000190,00002163002829,RICARDO GARCIA LEAL,N,2016,02
18141871000190,00002163006816,JOSE MILTON GARCIA LEAL FILHO,N,2016,02
18141871000190,00006263819839,GIAN SOARES DE SORDI,N,2016,02
18141871000190,00012692917855,ROBERTO GARCIA LEAL,N,2016,02
18141871000190,62046735000880,ITOGRASS AGRICOLA ALTA MOGIANA LTDA,N,2016,02
18519239000138,00004711292403,FABIO FERNANDES DE OLIVEIRA GONCALVES,N,2016,02
18519239000138,00005904808470,EUDES DAVID DE OLIVEIRA,N,2016,02
18893260000107,00005390340450,FRANCISCO FERNANDES FRANCA JUNIOR,N,2016,02
18893260000107,00005601195420,PRISCILLA DE MENDONCA TEIXEIRA FRANCA,N,2016,02
18949348000195,00062690230410,JAILSON DANTAS QUEIROZ,N,2016,02
18949348000195,00075140152487,LENILSA MENDES DE ANDRADE,N,2016,02
19711375000198,00017006732468,FRANCISCO DE ASSIS AQUINO GONDIM,N,2016,02
19711375000198,00040596672420,MARIA DO SOCORRO MEDEIROS GONDIM,N,2016,02
19711375000198,21295740000172,GMB HOLDING BUSINESS LTDA,N,2016,02
19802247000150,00003035957444,GEILSON DE SOUSA ARAUJO,N,2016,02
19802247000150,00010156256495,GILMARA CRISTIANE DE SOUSA ARAUJO,N,2016,02
19881198000198,00036905860468,ARISTOTELES DE VASCONCELOS NETO,N,2016,02
19881198000198,00065486552491,JOSE LIDERZIO FERREIRA DE VASCONCELOS JUNIOR,N,2016,02
19888422000173,00006223022484,MARIA LIDIANE LIMA DE OLIVEIRA,N,2016,02
19888422000173,00010569172454,ILNA DA SILVA LIMA BERNARDO,N,2016,02
20078579000112,00006805629403,TALLYS NEWTON AQUINO ARNAUD DE PAIVA,N,2016,02
20078579000112,00008741082419,BRAYON ROMILDO GURGEL DINIZ,N,2016,02
20103659000180,00049827731491,ROMUALDO TORRES BEZERRA JUNIOR,N,2016,02
20219136000102,00009048932432,ARNOR LUIZ MELLO ORRICO DE AZEVEDO SILVA,N,2016,02
20219136000102,00042289661449,FRANCISCO CARLOS DA SILVA,N,2016,02
20219136000102,00070179271415,EMERSON DE LIMA CALDAS,N,2016,02
20229352000120,00008983172401,THAIS MENEZES DE OLIVEIRA,N,2016,02
20647964000133,00004690351457,EDSON LUIS CAVALCANTI FILHO,N,2016,02
20647964000133,00006985615465,ADSON LUIZ SALVIANO CAVALCANTI,N,2016,02
20647964000133,00010754601404,EDSON LUIZ CAVALCANTI,N,2016,02
20802223000180,00001788664400,MIGUEL ANGELO DE OLIVEIRA AMORIM,N,2016,02
20802223000180,00079154379415,PAULO EVERTON GURGEL DE AMORIM,N,2016,02
20947638000141,00004763282417,VERONICA KARLLA DOS SANTOS,N,2016,02
20947638000141,00006112741407,WAGNER CARLOS DOS SANTOS,N,2016,02
20947638000141,00009900309464,VICTOR VINICIUS ARAUJO SANTOS,N,2016,02
20947638000141,00012990728449,GILSON JOÃO DOS SANTOS,N,2016,02
21255865000179,00020281919453,PAULO MANUEL DE MELO,N,2016,02
21286237000150,00002618033442,LYZANDRA MELLINNE PINHEIRO DOS SANTOS BEZERRA,N,2016,02
21286237000150,00063817071434,JOSE AURELIANO BEZERRA,N,2016,02
21869689000165,00001085970400,MARIA RAQUEL MEDEIROS,N,2016,02
21869689000165,00087367033468,EDMILSON ALVES DA SILVA FILHO,N,2016,02
22216720000202,00006291315467,IGOR RIBEIRO JACOME,N,2016,02
22216720000202,00009522358460,ANA CLAUDIA RIBEIRO JACOME,N,2016,02
22902573000143,00009261024432,GILSON TORRES DOS SANTOS LIMA NETO,N,2016,02
22902573000143,00067300260497,JOAO DUARTE DOS SANTOS LIMA NETO,N,2016,02
24202285000101,00028450469449,JOSE CARLOS DE B BARBOSA,N,2016,02
24202285000101,00091410193420,SILVANA MARIA CESAR DE ALBUQUERQUE BARBOSA,N,2016,02
24204596000100,00002052016449,GILBERTO DE ANDRADE COSTA,N,2016,02
24204596000100,00037938029491,CLEA DE FATIMA DINIZ COSTA,N,2016,02
24206617000207,00004752797437,RODRIGO AUGUSTO DE OLIVEIRA,N,2016,02
24206617000207,00009437223491,MARCONDES AUGUSTO DE OLIVEIRA,N,2016,02
24206617000207,00021561605468,MARIA LUCIA DE OLIVEIRA FARIAS,N,2016,02
24206617001017,00004752797437,RODRIGO AUGUSTO DE OLIVEIRA,N,2016,02
24206617001017,00009437223491,MARCONDES AUGUSTO DE OLIVEIRA,N,2016,02
24206617001017,00021561605468,MARIA LUCIA DE OLIVEIRA FARIAS,N,2016,02
24206617001360,00004752797437,RODRIGO AUGUSTO DE OLIVEIRA,N,2016,02
24206617001360,00009437223491,MARCONDES AUGUSTO DE OLIVEIRA,N,2016,02
24206617001360,00021561605468,MARIA LUCIA DE OLIVEIRA FARIAS,N,2016,02
24206617001440,00004752797437,RODRIGO AUGUSTO DE OLIVEIRA,N,2016,02
24206617001440,00009437223491,MARCONDES AUGUSTO DE OLIVEIRA,N,2016,02
24206617001440,00021561605468,MARIA LUCIA DE OLIVEIRA FARIAS,N,2016,02
24206617001874,00004752797437,RODRIGO AUGUSTO DE OLIVEIRA,N,2016,02
24206617001874,00009437223491,MARCONDES AUGUSTO DE OLIVEIRA,N,2016,02
24206617001874,00021561605468,MARIA LUCIA DE OLIVEIRA FARIAS,N,2016,02
24206815000190,00001313806480,JOAQUIM AUGUSTO MAIA DA COSTA,N,2016,02
24206815000190,00018214070406,AGAMENON DA COSTA MELO,N,2016,02
24358822000107,00008603111472,JOSE JORIO DE ARAUJO,N,2016,02
24358822000107,00020109474449,ALTAIR BEZERRA DA SILVA DE ARAUJO,N,2016,02
24363368000182,00006714536453,LUZARDO SOARES FLOR,N,2016,02
24363368000182,00085234214400,VANIA DE OLIVEIRA FLOR,N,2016,02
24380578002556,00007196755707,GUSTAVO AGUIAR DA COSTA,N,2016,02
24380578002556,00055001033772,SERGIO BREYER FILHO,N,2016,02
24380578002556,00074024060759,GILNEY PENNA BASTOS,N,2016,02
24380578002556,00099752441734,CARLOS ALBERTO HEITOR DE PAIVA,N,2016,02
24380578002556,05359709000100,PRAXAIR DO BRASIL LTDA,N,2016,02
24380578002556,35820448000136,WHITE MARTINS GASES INDUSTRIAS LTDA,N,2016,02
24515793000140,00000745930484,FRANCISCA HERCINA LEITE,N,2016,02
24515793000140,00002008262472,JOSE RIBAMAR LEITE,N,2016,02
24515819000150,00000745930484,FRANCISCA HERCINA LEITE,N,2016,02
24515819000150,00002008262472,JOSE RIBAMAR LEITE,N,2016,02
24520892000110,00009610111491,JOSE CARLOS SILVINO,N,2016,02
24520892000110,00089293738449,FABIO RANIERE SILVA,N,2016,02
24523276000112,00012591270449,FABIO TORRES DE OLIVEIRA,N,2016,02
24523276000112,00024142930478,FRANCISCO TORRES FILHO,N,2016,02
24523276000112,00051257173472,FLADJA DE MEDEIROS MOURA TORRES,N,2016,02
24523276000465,00012591270449,FABIO TORRES DE OLIVEIRA,N,2016,02
24523276000465,00024142930478,FRANCISCO TORRES FILHO,N,2016,02
24523276000465,00051257173472,FLADJA DE MEDEIROS MOURA TORRES,N,2016,02
24589319000162,00006737137415,TEREZINHA DO REGO NOBRE,N,2016,02
24589319000162,00009644172434,MARIA SOCORRO DO REGO NOBRE,N,2016,02
35274091000138,00017138779372,FRANCISCA ALTAIR MOTA LUCIANO,N,2016,02
35274091000138,00029360005304,JOAO LUCIANO NETO,N,2016,02
35284991000247,00059774800400,JOSE VASCONCELOS DA ROCHA JUNIOR,N,2016,02
35284991000247,00090402693434,ANA EMILIA TRIGUEIRO CAVALCANTI DA ROCHA,N,2016,02
35291038000145,00036982113434,WERNECK LIMA DE CARVALHO,N,2016,02
35291038000145,27017729000127,TC PARTICIPACOES LTDA,N,2016,02
35291038000145,27037834000128,WC PARTICIPACOES LTDA,N,2016,02
35291038000145,27850574000105,WT HOLDING PARTICIPACOES LTDA,N,2016,02
35298330000190,00001398249440,ARTHUR ALECRIM FERREIRA,N,2016,02
35298330000190,00005682220404,CLARISSA ALECRIM FERREIRA,N,2016,02
35298330000190,00007256627432,RAISSA ALECRIM FERREIRA,N,2016,02
35298330000190,00013066889491,CIRO DA FONSECA FERREIRA,N,2016,02
35298330000190,00035806303420,EDNA DE FATIMA ALECRIM FERREIRA,N,2016,02
35298827000370,00015065391491,DORIAN BEZERRA DE SOUZA MORAIS,N,2016,02
35298827000370,00059586699404,DORIVAL BEZERRA DE SOUZA MORAIS,N,2016,02
35304542001104,00000734893442,HELENA CIRNE LEITE,N,2016,02
35304542001104,00008596476415,MARIA NEIDE PEREIRA CIRNE,N,2016,02
35304542001104,00022198822415,HENRIQUE LUIZ DA COSTA CIRNE,N,2016,02
35304542001104,00036566772472,GEORGE DA COSTA CIRNE,N,2016,02
35304542001104,00067177840400,LUIZ DA COSTA CIRNE JUNIOR,N,2016,02
35304542001104,00072111895415,HELOISA DA COSTA CIRNE FELINTO,N,2016,02
35304898000176,00001375757423,FELIPE ABNER RODRIGUES DE SOUZA,N,2016,02
35304898000176,00008541673405,DANIEL VICTOR DE SOUZA,N,2016,02
35428978000133,00007686730468,ISMAR LOPES DE QUEIROZ,N,2016,02
35503721000360,00013640518420,OSVALDO RUI DIAS MARTINS,N,2016,02
35503721000360,00030276942434,MARIA FIRMINO DIAS MARTINS,N,2016,02
35648757000170,00002766596437,MARIA JUCINEIDE GUIMARAES,N,2016,02
35648757000170,00041466799404,IGEILDO GUIMARAES,N,2016,02
35649219000281,00000900478420,FRANCISCO ODON DE MACEDO FILHO,N,2016,02
35649219000281,00039355608420,ANGELO JOSE MEDEIROS DE MACEDO,N,2016,02
35649219000796,00000900478420,FRANCISCO ODON DE MACEDO FILHO,N,2016,02
35649219000796,00039355608420,ANGELO JOSE MEDEIROS DE MACEDO,N,2016,02
35662667000134,00008539956489,ARTHUR HENRIQUE COSTA LIMA,N,2016,02
35662667000134,00042939208468,MANOEL EDIVALDO DE LIMA,N,2016,02
40757908000169,00003573255400,BRUNA MARIA GUERRA DE FARIAS CAMARA,N,2016,02
40757908000169,00017469422404,EDUARDO JOSE DE FARIAS,N,2016,02
40757908000169,00369925000104,AUTOESTE AUTOMOVEIS LTDA,N,2016,02
40757908000169,08949194000188,LEGACY VEICULOS LTDA,N,2016,02
40760209000178,00001252554460,ERIVAN MYLLER MAFRA MEDEIROS,N,2016,02
40760209000178,00031700071491,JOSE ERIVAN DE MEDEIROS,N,2016,02
40761538000303,00003063447420,CATHARINE CAVALCANTE BARBOSA DE ALBUQUERQUE,N,2016,02
40761538000303,00005599368424,GUSTAVO CAVALCANTE BARBOSA,N,2016,02
40761538000303,00009733671487,VALFREDO HERMINIO BARBOSA,N,2016,02
40761843000125,00031589120400,IVANALDO SEVERINO MALHEIRO,N,2016,02
40761843000125,00045540829468,LUIZA PINHEIRO FERNANDES,N,2016,02
40762320000101,00015652670444,JAILSON SILVA DE MACEDO,N,2016,02
40762320000101,00043375456468,IVOLEDA SOARES DE MACEDO,N,2016,02
40769416000193,00052541533420,HUMBERTO CANTALICE DE ARAUJO,N,2016,02
40769416000193,00078519675468,LUCIANA NOBREGA DE ANDRADE CANTALICE,N,2016,02
40774374000189,00004884662458,CLARA MARIANA MEDEIROS FERNANDES BESSA,N,2016,02
40774374000189,00089799844487,THIAGO HENRIQUE MEDEIROS FERNANDES,N,2016,02
40777690000295,00006532866431,JEFFSON GALVAO RODRIGUES,N,2016,02
40777690000295,00029738628415,ZULEIDE GOMES GALVAO,N,2016,02
40782468000108,00002740840403,ANDRE LUIZ JOSE GALVAO MATIAS,N,2016,02
40782468000108,00017209595449,FRANCISCO MATIAS,N,2016,02
40787152000109,00010593969472,VICENTE DE PAULO AVELINO SOBRINHO,N,2016,02
40787152000109,00010764135449,ELSAMAR BATISTA BARBOSA AVELINO,N,2016,02
40787152000109,00013084780463,MARIA DAS GRACAS DOS SANTOS AVELINO,N,2016,02
40792210000184,00015039803400,PEDRO JEREMIAS FERNANDES NETO,N,2016,02
40792210000184,00015051978487,MARIA LOURDETE DA SILVEIRA FERNANDES,N,2016,02
40796146000100,00006291315467,IGOR RIBEIRO JACOME,N,2016,02
40796146000100,00009522358460,ANA CLAUDIA RIBEIRO JACOME,N,2016,02
40796146000371,00006291315467,IGOR RIBEIRO JACOME,N,2016,02
40796146000371,00009522358460,ANA CLAUDIA RIBEIRO JACOME,N,2016,02
40796153000101,00048074926400,FRANCISCO LINS SOBRINHO,N,2016,02
40796153000101,00066402735434,MARIA NEUSA DOS SANTOS LINS,N,2016,02
40797169000139,00014751615491,MILTON PINTO DA ROCHA,N,2016,02
40797169000139,00036582212400,WILMA MARIA FONTES PINTO,N,2016,02
40803645000187,00001613820453,ALDO CLEMENTE DE ARAUJO,N,2016,02
40803645000187,00010607285400,ZILMA FERNANDES DE ARAUJO,N,2016,02
40996472000160,00007966434400,JOAO ANTONIO MOREIRA SILVA,N,2016,02
40996472000160,00015077128472,MARIA DAS GRACAS PESSOA DA COSTA,N,2016,02
44021095000103,00001079302425,TEMISTOCLIS CEZAR XAVIER,N,2016,02
44021095000103,00002200710801,ROMILDO GONCALVES DA SILVA,N,2016,02
60409075015770,00001361598778,LUIZ MARCELO DE CARVALHO LIMA MELCHIOR,N,2016,02
60409075015770,00004228627897,JOSE FLAVIO AROUCHE DE SOUZA,N,2016,02
60409075015770,00015796246852,MARCO ANTONIO GRAZIANO CUSTODIO,N,2016,02
60409075015770,00023184419878,BERNHARD MICHAEL JOST,N,2016,02
60409075015770,00023402068800,PEDRO JUAN OLIVA RODRIGUEZ,N,2016,02
60409075015770,00023598384823,LIBERATO MILO,N,2016,02
60409075015770,00023737721831,LUIS ANGEL GARCIA PRIETO,N,2016,02
60409075015770,00023881240187,MARCELO MAIA DO NASCIMENTO,N,2016,02
60409075015770,05497900000100,NESTLE S.A,N,2016,02
60409075015770,33036849000174,SOCOPAL SOCIEDADE COMERCIAL DE CORRETAGEM DE SEGUROS E DE PA,N,2016,02
60619202001209,00026175606434,DAMIAO TEOFILO DE SOUZA,N,2016,02
70026240000140,00040620735449,ANA BEATRIZ DE CARVALHO WANDERLEY,N,2016,02
70026240000140,00046618945453,FLAVIO CARVALHO DANTAS WANDERLEY,N,2016,02
70027479000135,00001224548477,DIEGO DE PAIVA PESSOA,N,2016,02
70027479000135,00005705753462,DENNIS DE PAIVA PESSOA,N,2016,02
70030416000138,00043023630453,JOSE GILMARIO DE CARVALHO,N,2016,02
70030416000138,00048950572400,WILSON LEITE DUARTE JUNIOR,N,2016,02
70030416000138,00076242676400,JOSE SOARES DE SOUSA FILHO,N,2016,02
70038880000170,00027266451434,WELLINGTON RODRIGUES FERNANDES,N,2016,02
70038880000170,00046506209453,WINSTON RODRIGUES FERNANDES,N,2016,02
70041397001702,00006123256440,HEITOR LEONI FERNANDES DE ARAÚJO,N,2016,02
70041397001702,00052345637404,HELDER DE MEDEIROS ARAUJO,N,2016,02
70041827000129,00067185975468,FRANCISCO ALTEMAR GONCALO DE PAIVA,N,2016,02
70041827000129,00083717781472,KALYNE ANGELICA COSTA MOREIRA DE PAIVA,N,2016,02
70042429001794,00004410394487,EXPEDITO IVO BATISTA,N,2016,02
70042429001794,00009606998487,MARIA LEIDE DIAS DA COSTA BATISTA,N,2016,02
70042429002170,00004410394487,EXPEDITO IVO BATISTA,N,2016,02
70042429002170,00009606998487,MARIA LEIDE DIAS DA COSTA BATISTA,N,2016,02
70046164000135,00014157560400,PAULO JOSE FERREIRA DE MELO,N,2016,02
70046164000135,00035242191449,JOSE CLAUDIO FERREIRA DE MELO,N,2016,02
70046164000135,00044335695420,SILVIO JOSE FERREIRA DE MELO,N,2016,02
70046164000135,04410009000121,VENEZA PARCICIPAOES LTDA,N,2016,02
70046685000192,00015531520425,MARIA CILENE DE ALMEIDA,N,2016,02
70046685000192,00023089776472,CASCIMIRO FRANCISCO NETO,N,2016,02
70050711000156,00059785985415,FRANCISCO GENILSON DA SILVA,N,2016,02
70050711000156,00091340896400,HILDEGARDES DE SENA SARMENTO,N,2016,02
70051305000299,00009774354400,ADRIANO CESAR DE OLIVEIRA PINHEIRO FILHO,N,2016,02
70051305000299,00072261544472,ADRIANO CESAR DE OLIVEIRA PINHEIRO,N,2016,02
70141908000109,00065524128434,JOSE LAERCIO DA CUNHA,N,2016,02
70141908000109,00070368376400,MANOEL LAUDIMI DA CUNHA,N,2016,02
70147822000185,00010335217443,GABRIELLE ALESSANDRA MACIEL SILVA,N,2016,02
70147822000185,00037887580404,JOSE MARINALDO DA SILVA,N,2016,02
70161377000108,00017575842420,HELIO TAVARES DA SILVEIRA,N,2016,02
70161377000108,00052334872415,TELMA MELO DE ALBUQUERQUE,N,2016,02
70166350000108,00030697832449,EDUARDO DE OLIVEIRA CARLOS DA SILVA,N,2016,02
70166350000108,00039012786487,RICARDO DE OLIVEIRA CARLOS DA SILVA,N,2016,02
70166350000108,00083990895400,ELIANE DE OLIVEIRA CARLOS DA SILVA FREIRE,N,2016,02
70309885000190,00001019338431,ALANOR MEDEIROS FILHO,N,2016,02
70309885000190,00002740741413,ALYSSON AZEVEDO DE MEDEIROS,N,2016,02
70309885000190,00067113710468,ALDENOR AZEVEDO MEDEIROS,N,2016,02
70309885000190,00091526248468,ALDEIZA AZEVEDO DE MEDEIROS,N,2016,02
70313697000136,00014300176434,FRANCISCO ASSIS DE LIMA,N,2016,02
70313697000136,00031672175453,HOSANA MARIA DE MEDEIROS,N,2016,02
70320528000123,00026950413300,UBIRAJARA CARDOSO MIRANDA,N,2016,02
70320528000123,00093810300497,MARIJARA CUNHA MOURA MIRANDA,N,2016,02
70321492000100,00090365810444,FRANCISCO ANTONIO DE OLIVEIRA,N,2016,02
79719613000133,00014777614468,GUIMAR ALVES DA SILVA,N,2016,02
93209765043274,00005920548886,CLEBER EUGENIO VOELZKE,N,2016,02
93209765043274,00006977619830,FLAVIO FIGUEIRA COTINI,N,2016,02
93209765043274,00010500482888,ALEXANDRE MARQUES ESPER,N,2016,02
93209765043274,00013362357806,LIVIA CRISTINA DE AZEVEDO MOTTA E SILVA,N,2016,02
93209765043274,00023557327876,BERNARDO JORGE GARCIA PERLOIRO,N,2016,02
93209765043274,00045652074000,DANIEL GROSS GARCIA,N,2016,02
93209765043274,18646277000151,"BRAZIL SEGUNDO, LLC",N,2016,02
93209765043274,30621687000143,BOMPRECO DO BRASIL PARTICIPACOES S.A.,N,2016,02
97543205000155,00007626708431,IDAYANE ARAUJO CASSIANO,N,2016,02
97543205000155,00007626787471,ALDEMIR LOPES GALVAO JUNIOR,N,2016,02
