socio_cnpj_cpf_emitente,socio_cpf_socio_emitente,socio_nome_socio,socio_eh_adm,ano_nota,mes_nota
00048785006960,00000053406320,AIRTON JOSE VIDAL QUEIROZ,N,2016,03
00048785006960,00001013947304,YOLANDA VIDAL QUEIROZ,N,2016,03
00048785006960,00015714772415,ANTONIO BERNARDO SOBRINHO,N,2016,03
00048785006960,00031561560359,IGOR QUEIROZ BARROSO,N,2016,03
00048785006960,00062533606391,EDSON QUEIROZ NETO,N,2016,03
00048785006960,00080687121353,ABELARDO GADELHA ROCHA NETO,N,2016,03
00048785006960,02948030000150,ESMALTEC S/A,N,2016,03
00048785006960,07205768000140,QUEIROZ COMERCIO E PARTICIPACOES LTDA,N,2016,03
00048785006960,19704190000156,RQJ PARTICIPACOES LTDA,N,2016,03
00048785006960,23406806000180,RVP PARTICIPACOES LTDA,N,2016,03
00048785006960,23486564000181,LQR PARTICIPACOES LTDA,N,2016,03
00048785006960,23651139000109,QUEIROZ PARTICIPACOES LTDA,N,2016,03
00048785006960,28892432000173,MQM PARTICIPACOES EIRELI,N,2016,03
00048785006960,28892657000120,IQB PARTICIPACOES EIRELI,N,2016,03
00048785006960,28911298000100,MQB PARTICIPACOES EIRELI,N,2016,03
00048785006960,29639596000156,OQ PARTICIPACOES EIRELI,N,2016,03
00169231000395,00053524144420,FERNANDO IKEDA,N,2016,03
00169231000395,00080057675449,MARIA AMALIA DIAS IKEDA,N,2016,03
00469443000126,00002149275473,JONY FRANKLY ANDRADE DANTAS,N,2016,03
00616936000222,00008601253431,ANDRE FELIPE CHIAPPETTA DOS SANTOS CAMAROTTI,N,2016,03
00616936000222,00043251749404,SALVINO ANTONIO CAMAROTTI,N,2016,03
00616936000222,00068499604404,SILVIO ROMERO DE ALBUQUERQUE CAVALCANTI,N,2016,03
00622097000174,00048130192420,JORGE GODEIRO MASSUD,N,2016,03
00643570000108,00000380776472,CLESIO PEREIRA DE MELO,N,2016,03
00643570000108,00005151751450,CASSIO PEREIRA DE MELO JUNIOR,N,2016,03
00643570000108,00021363579304,ANA CLAUDIA DE PAULA PINTO MELO,N,2016,03
00652618000136,00007323378443,ANTONIO ITHAVI NERI FERNANDES DE OLIVEIRA,N,2016,03
00652618000136,00009847081468,FRANCISCO NERI DE OLIVEIRA,N,2016,03
00652618000136,00057667810400,LIDUINA MARIA FERNANDES NERI,N,2016,03
00713399000158,00046539255420,ALDENOR WELLINGTON N DOS SANTOS,N,2016,03
00800611000114,00000064730409,KLEYBER TINOCO DE ANDRADE,N,2016,03
00800611000114,00023125080444,WAGNER TINOCO DE ANDRADE,N,2016,03
00870515000142,00002006111434,MORVANILDO DOS SANTOS MEDEIROS,N,2016,03
00870515000142,00052960048415,MARIA DE FATIMA DE AZEVEDO MEDEIROS DE ARAUJO,N,2016,03
00870515000223,00002006111434,MORVANILDO DOS SANTOS MEDEIROS,N,2016,03
00870515000223,00052960048415,MARIA DE FATIMA DE AZEVEDO MEDEIROS DE ARAUJO,N,2016,03
00891024000188,00002280474476,FRANCISCA DAS CHAGAS NOBREGA DE ANDRADE,N,2016,03
00891024000188,00078519136400,JOSE ANTONIO NETO,N,2016,03
00993944000107,00000984238433,TALIA CRISTINA SOUZA NOBREGA,N,2016,03
00993944000107,00014480689168,UIRAJARA COSTA NOBREGA,N,2016,03
01026357000101,00026893762372,COSME SANDRO FERREIRA DA SILVA,N,2016,03
01026357000101,00048075744420,ZILEIDE LEITE JALES SILVA,N,2016,03
01122617000142,00001986953491,MANOEL FELICIANO MAIA DE SOUZA,N,2016,03
01122617000142,00067145752468,ROBERTO SHELMAN DE SOUZA,N,2016,03
01122617000142,00070220735468,RICARDO SHELMAN DE SOUZA,N,2016,03
01122617000142,00091405017449,MARILIA SHELMAN DE SOUZA,N,2016,03
01184984000170,00020204078415,MARIA OLIVEIRA DE MEDEIROS,N,2016,03
01184984000170,00049011570430,JOAO BATISTA,N,2016,03
01299396000182,00001532218443,FRANCISCO HUGO AIRES NUNES,N,2016,03
01299396000182,00010865250430,FRANCISCO DAS CHAGAS NUNES,N,2016,03
01353277000160,00047200430463,ALVANY JOSE VIEIRA DE BARROS,N,2016,03
01353277000160,00086711695453,MARIA LUCILEIDE DE SA MAGALHAES E BARROS,N,2016,03
01466313000100,00029704332491,HELIO MEDEIROS,N,2016,03
01466313000100,00078535247491,MARIA SUELY GOES DE ARAUJO,N,2016,03
01530251000140,00020257120491,ALVARO PAULA DA COSTA FILHO,N,2016,03
01530251000140,00046662650404,GEIVA DE ARAUJO PAULA,N,2016,03
01571568000125,00002347012428,CICERO TAVARES JUNIOR,N,2016,03
01571568000125,00002972245814,MARIA LUZINETE DOS SANTOS TAVARES,N,2016,03
01587150000106,00002285807490,NADJA PATRICIA DE LIMA FREDERICO,N,2016,03
01587150000106,00002794507451,ALLAN GLEYSON DE LIMA FREDERICO,N,2016,03
01653918000100,00020039514404,JOAQUIM FERNANDES NETO,N,2016,03
01653918000100,00042255627434,ANA MARCIA SANTOS DE SOUZA FERNANDES,N,2016,03
01704013000104,00001422662489,LUCAS EDUARDO EMIDIO SARMENTO,N,2016,03
01704013000104,00003645123423,ANA PAULA SARMENTO EMIDIO DE SOUSA,N,2016,03
01704013000104,00005004212422,VINICIUS EMIDIO SARMENTO,N,2016,03
01704013000104,00005733790415,MANOEL EMIDIO DE SOUSA FILHO,N,2016,03
01704013000104,00076150267415,LUCICLEIA DE OLIVEIRA SARMENTO SOUSA,N,2016,03
01714488000181,00000473731487,JESUINO DE AZEVEDO FILHO,N,2016,03
01714488000181,00006898092391,ZENILTON DA COSTA DANTAS,N,2016,03
01714488000181,00052563952891,YOLITA DANTAS BATISTA,N,2016,03
01829334000135,00000284386472,AGNELO ALVES,N,2016,03
01829334000135,00013051873420,AGNELO ALVES FILHO,N,2016,03
01829334000135,00024264288487,CARLOS EDUARDO NUNES ALVES,N,2016,03
01829334000135,00035784830449,JOSE LUIZ NUNES ALVES,N,2016,03
01937258000181,00007515413468,JOSE MARCOS FERREIRA DE MELO,N,2016,03
01937258000181,00014157560400,PAULO JOSE FERREIRA DE MELO,N,2016,03
01937258000181,00044335695420,SILVIO JOSE FERREIRA DE MELO,N,2016,03
01937258000181,04410009000121,VENEZA PARCICIPAOES LTDA,N,2016,03
01937258000262,00007515413468,JOSE MARCOS FERREIRA DE MELO,N,2016,03
01937258000262,00014157560400,PAULO JOSE FERREIRA DE MELO,N,2016,03
01937258000262,00044335695420,SILVIO JOSE FERREIRA DE MELO,N,2016,03
01937258000262,04410009000121,VENEZA PARCICIPAOES LTDA,N,2016,03
01937258000343,00007515413468,JOSE MARCOS FERREIRA DE MELO,N,2016,03
01937258000343,00014157560400,PAULO JOSE FERREIRA DE MELO,N,2016,03
01937258000343,00044335695420,SILVIO JOSE FERREIRA DE MELO,N,2016,03
01937258000343,04410009000121,VENEZA PARCICIPAOES LTDA,N,2016,03
01977832000125,00023045949487,GEORGE HENRIQUE AVELINO,N,2016,03
02004602000142,00043023630453,JOSE GILMARIO DE CARVALHO,N,2016,03
02004602000142,00076242676400,JOSE SOARES DE SOUSA FILHO,N,2016,03
02037818000104,00003983282423,SABRINA NOGUEIRA CABRAL,N,2016,03
02037818000104,00091574579487,IVANILDO NERES DA SILVA,N,2016,03
02086412000111,00023086521449,MANOEL VIEIRA FILHO,N,2016,03
02086412000111,00081284764400,MARTA CRISTINA DE OLIVEIRA VIEIRA,N,2016,03
02185406000111,00006781769499,ANTONIO JARDSON SILVA DE FREITAS,N,2016,03
02185406000111,00009664931411,LEILIANNY NADJA RIBEIRO ROCHA FREITAS,N,2016,03
02343493000198,00000469718404,VALDINEI LOPES DE ARAUJO,N,2016,03
02343493000198,00010614460425,TELMA LOPES MELO DE ARAUJO,N,2016,03
02351821000106,00006810062424,CYRLYANNE AUGUSTA DE PAIVA,N,2016,03
02351821000106,00037834282468,JAIRO AUGUSTO DE PAIVA,N,2016,03
02363498000182,00057457603468,ILENILDO JACOME DE OLIVEIRA,N,2016,03
02363498000182,00085268216449,ALEXANDRA LUCIO OLIVEIRA JACOME,N,2016,03
02365912000192,00000871331489,GUSTAVO QUEIROZ CANDIDO,N,2016,03
02365912000192,00003961724407,LEANDRO DE MELO NASCIMENTO,N,2016,03
02365912000192,00007631367434,AGNELO CANDIDO DO NASCIMENTO,N,2016,03
02365912000192,00017613523420,ALBERTO PEREIRA NASCIMENTO,N,2016,03
02365912000192,00039014584415,MARIA DE LOURDES PEREIRA NASCIMENTO,N,2016,03
02365912000192,12613006000113,TRANSNACIONAL TRANSPORTE NACIONAL DE PASSAGEIROS LTDA,N,2016,03
02365912000273,00000871331489,GUSTAVO QUEIROZ CANDIDO,N,2016,03
02365912000273,00003961724407,LEANDRO DE MELO NASCIMENTO,N,2016,03
02365912000273,00007631367434,AGNELO CANDIDO DO NASCIMENTO,N,2016,03
02365912000273,00017613523420,ALBERTO PEREIRA NASCIMENTO,N,2016,03
02365912000273,00039014584415,MARIA DE LOURDES PEREIRA NASCIMENTO,N,2016,03
02365912000273,12613006000113,TRANSNACIONAL TRANSPORTE NACIONAL DE PASSAGEIROS LTDA,N,2016,03
02367946000116,00027799085487,LUCIANO RODRIGUES LUZ,N,2016,03
02367946000116,00035102640704,MARCELO RODRIGUES LUZ,N,2016,03
02440676000121,00009640797472,RITA DE CASSIA DO NASCIMENTO BARBOSA,N,2016,03
02440676000121,00019923902404,ANTONIO FELIX BARBOSA FILHO,N,2016,03
02620622000148,00004510385412,ARMISTRONG GLEIDSON DE MEDEIROS VALE,N,2016,03
02620622000148,00015594637400,VALDIR VALE DE ARAUJO,N,2016,03
02625717000154,00000953871452,VITOR NOBREGA DE PAIVA ALVES,N,2016,03
02625717000154,00006377486464,ARMANDO BEZERRA NOBREGA DE PAIVA,N,2016,03
02625717000154,00020035152400,ARMANDO NOBREGA DE PAIVA,N,2016,03
02625717000154,00059560819453,MARIA ISIS NOBREGA DE PAIVA,N,2016,03
02636262000172,00001369219490,PEDRO VICTOR NOLASCO MOREIRA MAIA,N,2016,03
02636262000172,00028232216468,JORGE MOREIRA MAIA NETO,N,2016,03
02669643000158,00065498941404,FABIA ROSANE DE OLIVEIRA DANTAS,N,2016,03
02669643000158,00065499042420,FERNANDO RANIERI DE OLIVEIRA DANTAS,N,2016,03
02669643000158,00081351607472,FERNANDA RONIZE DE OLIVEIRA DANTAS,N,2016,03
02669643000158,00085112577487,FRANCISCA OLIVEIRA DANTAS,N,2016,03
02681984000149,00066094798791,ADILSON BARBOSA DE GOUVEIA,N,2016,03
02717529000156,00002112371401,EMERSON GERALDO DE MEDEIROS,N,2016,03
02717529000156,00002663724491,ANTONIO GERALDO NETO,N,2016,03
02717529000156,00076241289420,JOSE WILLIAM GERALDO DE QUEIROZ,N,2016,03
02735557000104,00001286727499,LUCIA MARIA DE ANDRADE FILGUEIRA BARROS,N,2016,03
02735557000104,00042270928415,LUIZ ANTONIO DE ANDRADE FILGUEIRA,N,2016,03
02795690000148,00002837251410,MARIA GORETE PEREIRA DA COSTA VASCO,N,2016,03
02795690000148,00079087809468,BENTO DE LIMA VASCO,N,2016,03
02800122000198,00000742176401,ISABEL FERNANDES DE ARAUJO,N,2016,03
02800122000198,00001988867487,JOSE BEZERRA DE ARAUJO,N,2016,03
02830307000226,00004030500498,GUILHERME DE ALMEIDA DA FONTE,N,2016,03
02830307000226,00004613970482,EDUARDO DOURADO DA FONTE,N,2016,03
02830307000226,00023277823415,CELEIDA EULINA DE ALMEIDA DA FONTE,N,2016,03
02830307000226,00065582101349,MARIA CECILIA BEZERRA CAVALCANTI DA FONTE,N,2016,03
02830307000226,00079769853372,MARIANA BEZERRA CAVALCANTI DA FONTE,N,2016,03
02842814000107,00003450130420,ROSEANA DE FREITAS RAMOS,N,2016,03
02842814000107,00005743249415,MARIA LECIMAR DE FREITAS RAMOS,N,2016,03
02874539000103,00001023811430,JOSE LAUIR FERREIRA DA SILVA FILHO,N,2016,03
02874539000103,00020160003415,MARIA COUTO DE MENEZES DA SILVA,N,2016,03
02874640000156,00082933090406,FRANCISCA FRASSINETE D G SANTOS,N,2016,03
02919329000267,00026113538320,HELENA ALVES DA SILVA,N,2016,03
02919329000267,00060086263382,JOSEF SMALCL,N,2016,03
03034090000120,00033662185415,GILMAR DOS SANTOS ARAUJO,N,2016,03
03034090000120,00085285978491,VERA LUCIA DE SOUZA,N,2016,03
03066662000152,00008187280433,ANDRE DE QUEIROZ LEITE JALES,N,2016,03
03066662000152,00022975462468,ANTONIO LEITE JALES,N,2016,03
03066662000152,00056615914468,ZAULEIDE DE QUEIROZ LEITE,N,2016,03
03097776000160,00015569713468,JANIO RICARDO CARDOSO DE MENEZES ARAUJO,N,2016,03
03097776000160,00036586471400,GILVAN DANTAS GALVAO,N,2016,03
03152420000181,00066387140404,ANTONIO GENIVAN DE OLIVEIRA,N,2016,03
03152420000181,00066387612420,FRANCISCO GEILSON DE OLIVEIRA,N,2016,03
03202585000110,00077902602434,VALDECI PIRES DE SOUZA,N,2016,03
03202585000110,00087842122415,MARIVONIA BATISTA DA SILVA,N,2016,03
03208595000163,00003328143432,MAGDALIA MARCIA DANTAS,N,2016,03
03208595000163,00040691462453,MARIA GORETI DE JESUS DANTAS,N,2016,03
03209454000165,00006973981453,FERNANDO ANTONIO MARINHO PEREIRA,N,2016,03
03209454000165,00085049948487,ANA LUCIA SOARES PEREIRA,N,2016,03
03226757000196,00008423374408,ANDRE CATTANEO BANDEIRA DE ALMEIDA,N,2016,03
03226757000196,00009705913498,JULIANA CATTANEO BANDEIRA DE ALMEIDA,N,2016,03
03226757000196,00026404257300,FATIMA CRISTINA CATTANEO DE ALMEIDA,N,2016,03
03307970000122,00016660668420,JOSE PAULINO JUNIOR,N,2016,03
03307970000122,00020267290349,SORAIA COSTA PAULINO,N,2016,03
03397722000110,00087456338434,REGIO VILAR DE SOUZA NORONHA,N,2016,03
03397722000110,00091408318415,ELMA VILMA ANDRADE DE SOUZA NORONHA,N,2016,03
03462662000171,00002647008485,EMIKSON FABIO HENRIQUE BARRETO,N,2016,03
03462662000171,00010669086487,MARIA GORETH HENRIQUE GODEIRO BARRETO,N,2016,03
03462662000171,00020063709449,JOSE NILSON BARRETO,N,2016,03
03600250000150,00066405947491,JOSE EDMILSON DE AZEVEDO,N,2016,03
03600250000150,00085037281415,MARIA CIDENEIDE MAIA AZEVEDO,N,2016,03
03612070000199,00015055671491,JOSE VALE DE MENEZES,N,2016,03
03612070000199,00027524884168,MARIA GERALDA DOS SANTOS VALE,N,2016,03
03613359000122,00008548536420,JOSE AIRTON BEZERRA,N,2016,03
03613359000122,00049077856404,MARGARIDA PEREIRA DA SILVA BEZERRA,N,2016,03
03632203000199,00001756953422,WELLINGTON GENARIO COSTA,N,2016,03
03632203000199,00048160601468,ALICE MARIA OLIVEIRA DE SOUZA,N,2016,03
03635253000120,00002550810490,MARIA JOSE DE ANDRADE REGES,N,2016,03
03635253000120,00007859902400,GILVAN MONTEIRO REGES,N,2016,03
03647696000130,00005009227487,FRANCISCO GENILDO CRUZ,N,2016,03
03647696000130,00007684088491,MARIA DE FATIMA FREITAS CRUZ,N,2016,03
03653650000124,00003094997473,JOSE CARLOS DA SILVA PEREIRA,N,2016,03
03756642000103,00002697710426,ALMAQUIO SOARES NETO,N,2016,03
03756642000103,00070077892429,ARTHUR TORQUATO FERNANDES SOARES,N,2016,03
03781031000115,00000871799464,ANDREZA ALVES DE OLIVEIRA CRUZ,N,2016,03
03781031000115,00005501697416,JOAO MANOEL DE OLIVEIRA NETO,N,2016,03
03781031000115,00009356397481,LUIS PAULO DE OLIVEIRA FERREIRA,N,2016,03
03845812000126,00000786425407,SIRLENE DE ARAUJO SOARES,N,2016,03
03845812000126,00087601699404,SIDNEY DIAS DE ARAUJO SOARES,N,2016,03
03845812000398,00000786425407,SIRLENE DE ARAUJO SOARES,N,2016,03
03845812000398,00087601699404,SIDNEY DIAS DE ARAUJO SOARES,N,2016,03
03954830000308,00014375362472,IVO NILSON LOPES DE MEDEIROS,N,2016,03
03954830000308,00020084234415,MARIA DO SOCORRO COSTA DE MEDEIROS,N,2016,03
03954830000499,00014375362472,IVO NILSON LOPES DE MEDEIROS,N,2016,03
03954830000499,00020084234415,MARIA DO SOCORRO COSTA DE MEDEIROS,N,2016,03
03954830000731,00014375362472,IVO NILSON LOPES DE MEDEIROS,N,2016,03
03954830000731,00020084234415,MARIA DO SOCORRO COSTA DE MEDEIROS,N,2016,03
03954830002432,00014375362472,IVO NILSON LOPES DE MEDEIROS,N,2016,03
03954830002432,00020084234415,MARIA DO SOCORRO COSTA DE MEDEIROS,N,2016,03
03974393000122,00090448308487,JOSE JACOB SOARES DE CASTRO,N,2016,03
03974393000122,00091316561453,ANGELO MORETSON PINTO DA NOBREGA,N,2016,03
04028799000185,00014191202472,JOAO ITAMAR FIRMINO DOS SANTOS,N,2016,03
04028799000185,00035535490415,JOSE IRAMAR FIRMINO DOS SANTOS,N,2016,03
04065360000203,00002693069432,MANOEL ANSELMO DE SOUZA JUNIOR,N,2016,03
04065360000203,00003802116453,MANOEL ANSELMO DE SOUZA,N,2016,03
04124583000113,00005196252428,MARCEL RAFAEL FRAZAO ARRUDA DINIZ,N,2016,03
04124583000113,00082826439472,ALZEMIR SOARES TRINDADE DINIZ,N,2016,03
04185877000902,00000390041122,WELLINGTON PABLO DE ALMEIDA BRITO,N,2016,03
04185877000902,00041140354191,JOÃO ARIANO NETO,N,2016,03
04185877000902,00045881863100,RUBENS CARLOS CURCINE,N,2016,03
04185877000902,00069295697634,PEDRO PAULO PEREIRA DO NASCIMENTO,N,2016,03
04185877000902,00084636041887,JOSE RAIMUNDO NETO,N,2016,03
04185877000902,08608527000105,JS PARTICIPACAO E ADMINISTRACAO LTDA,N,2016,03
04200779000140,00076122816434,JOÃO SILVESTRE NETO,N,2016,03
04200779000140,00087741520415,EDINALDO SILVESTRE DA SILVA,N,2016,03
04200779000220,00076122816434,JOÃO SILVESTRE NETO,N,2016,03
04200779000220,00087741520415,EDINALDO SILVESTRE DA SILVA,N,2016,03
04315234000189,00008851916411,RENATA LOPES CLEMENTE,N,2016,03
04315234000189,00015694356420,GERALDINO ARAUJO,N,2016,03
04351247000103,00001256285447,ELTON GOMES SOUTO DO O,N,2016,03
04351247000103,00001473487498,EMERSON GOMES SOUTO DO O,N,2016,03
04351247000103,00002477235419,MIRNA SOUTO PESSOA DE MIRANDA FREIRE,N,2016,03
04351247000103,00056820151420,EDILEUZA GOMES SOUTO,N,2016,03
04385909000166,00048138002468,ALEXANDRE TORRES BARBALHO,N,2016,03
04385909000166,00091534690468,LENILDE TORRES GALVAO BARBALHO,N,2016,03
04421272000116,00003388463441,ERENILDA GOMES DANTAS,N,2016,03
04421272000116,00043004032449,JOAO JUAREZ DANTAS,N,2016,03
04451626000175,00018232450487,CLETO FERREIRA,N,2016,03
04451626000175,00041327330415,ANA MARIA PINHEIRO FERREIRA,N,2016,03
04457498000177,00087790769472,LADGERDE LOPES FERNANDES,N,2016,03
04471402000125,00000938449486,WAGNER MENDONCA EBARA,N,2016,03
04471402000125,00011995670944,PEDRO TAKUO EBARA,N,2016,03
04471402000125,00092606008553,EVERTON MENDONCA EBARA,N,2016,03
04471402000125,00092689248549,GILDO MENDONCA EBARA,N,2016,03
04508969000129,00010856790478,TULIO DE OLIVEIRA GOMES,N,2016,03
04652899000188,00059774800400,JOSE VASCONCELOS DA ROCHA JUNIOR,N,2016,03
04652899000188,00090402693434,ANA EMILIA TRIGUEIRO CAVALCANTI DA ROCHA,N,2016,03
04661568000104,00000989432432,MAISON WANDORTHE DE FONTES REGO,N,2016,03
04661568000104,00001333014430,CHARLES DEAN DE FONTES REGO,N,2016,03
04661568000104,00002467961460,NORAYDE JANAINA DE FONTES REGO BARRETO,N,2016,03
04661568000104,00010726225487,FRANCISCO XAVIER DO REGO,N,2016,03
04663363000168,00001259370402,IANARA MILENA BEZERRA DE MENDONCA,N,2016,03
04663363000168,00003078466442,FARES TARSO DA SILVA VIEIRA,N,2016,03
04678720000242,00031604510463,GILENO CACHINA,N,2016,03
04678720000242,00083878777434,MARTA OLIVEIRA DE FARIAS,N,2016,03
04679119000193,00000848782402,SANDRA REJANE DA SILVA MOURA,N,2016,03
04679119000193,00042132797404,RENILSON NERY DE MOURA,N,2016,03
04701515000170,00002343755400,TASLA CAPISTRANO GONZAGA MENDES,N,2016,03
04701515000170,00003603888413,THAISA CAPISTRANO GONZAGA DE ANDRADE,N,2016,03
04701515000170,00029773300463,MARIA ILZA DA CONCEICAO CAPISTRANO,N,2016,03
04701515000170,00085215473404,JANDIRA CAPISTRANO GONZAGA,N,2016,03
04701515000170,00085215570434,THIAGO CAPISTRANO GONZAGA,N,2016,03
04702107000132,00008896011434,MILSON LIMA DA SILVA,N,2016,03
04731614000102,00056549407400,RENATO MELO TRIGUEIRO,N,2016,03
04731614000102,00065529472400,FLAVIO VARELA DE CARVALHO,N,2016,03
04747896000128,00003557253473,KALLIANA KELLY DE OLIVEIRA PORTO,N,2016,03
04747896000128,00004643605448,INACIO DE LOIOLA DA SILVEIRA JUNIOR,N,2016,03
04747896000128,00004824662435,ANA TERESA DA SILVEIRA VIANA,N,2016,03
04747896000128,00018828876468,MARIA DA ASSUNCAO DE OLIVEIRA,N,2016,03
04770238000157,00000871330407,RODRIGO QUEIROZ CANDIDO,N,2016,03
04770238000157,00007631367434,AGNELO CANDIDO DO NASCIMENTO,N,2016,03
04770238000157,00017613523420,ALBERTO PEREIRA NASCIMENTO,N,2016,03
04770238000157,00039014584415,MARIA DE LOURDES PEREIRA NASCIMENTO,N,2016,03
04770238000157,12613006000113,TRANSNACIONAL TRANSPORTE NACIONAL DE PASSAGEIROS LTDA,N,2016,03
04770238000661,00000871330407,RODRIGO QUEIROZ CANDIDO,N,2016,03
04770238000661,00007631367434,AGNELO CANDIDO DO NASCIMENTO,N,2016,03
04770238000661,00017613523420,ALBERTO PEREIRA NASCIMENTO,N,2016,03
04770238000661,00039014584415,MARIA DE LOURDES PEREIRA NASCIMENTO,N,2016,03
04770238000661,12613006000113,TRANSNACIONAL TRANSPORTE NACIONAL DE PASSAGEIROS LTDA,N,2016,03
04805345000173,00079160395400,JOZILMA MARIA DE CARVALHO,N,2016,03
04839900000188,00014375362472,IVO NILSON LOPES DE MEDEIROS,N,2016,03
04839900000188,00020084234415,MARIA DO SOCORRO COSTA DE MEDEIROS,N,2016,03
04839900000340,00014375362472,IVO NILSON LOPES DE MEDEIROS,N,2016,03
04839900000340,00020084234415,MARIA DO SOCORRO COSTA DE MEDEIROS,N,2016,03
04839900000501,00014375362472,IVO NILSON LOPES DE MEDEIROS,N,2016,03
04839900000501,00020084234415,MARIA DO SOCORRO COSTA DE MEDEIROS,N,2016,03
04839900000773,00014375362472,IVO NILSON LOPES DE MEDEIROS,N,2016,03
04839900000773,00020084234415,MARIA DO SOCORRO COSTA DE MEDEIROS,N,2016,03
04839900000854,00014375362472,IVO NILSON LOPES DE MEDEIROS,N,2016,03
04839900000854,00020084234415,MARIA DO SOCORRO COSTA DE MEDEIROS,N,2016,03
04848998000130,00054211670468,MARIA GORETE DE SOUSA SILVA,N,2016,03
04848998000130,00067315151400,UBIRAJARA FERREIRA DA SILVA,N,2016,03
04851183000100,00096946024400,EUDES DA COSTA LIMA,N,2016,03
04934971000160,00052274195404,JORGE MORAIS DA SILVA,N,2016,03
04934971000160,00063474450425,ANGELICA PATRICIA DA SILVA,N,2016,03
04958358000263,00058289151420,ELISIEL UBIRAJARA MARQUES,N,2016,03
04958358000263,00066502705472,RONALDO ARAUJO DOS SANTOS,N,2016,03
05009904000100,00004743503477,TUTOVAN DA SILVA MORAES,N,2016,03
05070722000136,00005645450400,ADMILSON DE LIMA BATISTA,N,2016,03
05070722000136,00055533205420,JOAO DA CRUZ DE ARAUJO FILHO,N,2016,03
05140795000157,00006724713455,SAMUEL RODRIGO SOUZA DE SALES,N,2016,03
05140795000157,00015081613487,JOSE LUCAS DE SALES,N,2016,03
05195530000156,00002769726439,RAILSON BENEDITO FERREIRA,N,2016,03
05195530000156,00055942342415,CLEONICE FELIPE DOS SANTOS,N,2016,03
05211683000140,00004212546450,PAULO CEZAR ALVES DE ARAUJO,N,2016,03
05211683000140,00005223255488,MARIA ELIZANGELA DA CUNHA DE ARAUJO,N,2016,03
05292103000196,00001874309426,MARIA GLEIDE VENCESLAU CAMPOS,N,2016,03
05292103000196,00005959384426,AWERTON RAMOS VENCESLAU CAMPOS,N,2016,03
05303455000108,00047388676449,PEDRO BRUNO DE SOUTO,N,2016,03
05349858000180,00051322412472,ARIOSVALDO TARGINO DE ARAUJO JUNIOR,N,2016,03
05349858000180,00078607655434,NORIMARIA SOUTO TARGINO,N,2016,03
05360617000131,00087876523404,MACIO EDIGLEISON QUEIROZ COSTA,N,2016,03
05369850000185,00002690961407,JOAO EDSON SOARES,N,2016,03
05369850000185,00087851075491,MAXMILIANO ANDRADE DE MENDONCA,N,2016,03
05405711000160,00003141485402,JOELITON RAFAEL DE QUEIROZ,N,2016,03
05452665000150,00005638211403,CARLA CAROLINE RODRIGUES DE SOUZA,N,2016,03
05452665000150,00063127660472,PEDRO GILSON DE SOUZA,N,2016,03
05587520000166,00005083696495,ANTONIO PAIVA FERNANDES FILHO,N,2016,03
05587520000166,00008296605422,LUANA LORENA DE OLIVEIRA SOUZA,N,2016,03
05587629000101,00004768516459,KAROLINE VASCONCELOS BEZERRA,N,2016,03
05636655000174,00080735932468,VALDENIZE MACEDO,N,2016,03
05660173000150,00001215658400,RICARLIANE SILVA DOS SANTOS,N,2016,03
05660173000150,00002488245461,RENATA SILVA DOS SANTOS,N,2016,03
05676120000127,00003091671402,ANA LIVIA QUEIROZ ALMEIDA LIMA,N,2016,03
05676120000127,00009027056447,JEFFERSON DA SILVA,N,2016,03
05676120000127,00023062681420,MARIA DE LOURDES ARAUJO DE LIMA,N,2016,03
05756905000100,00000871620405,FRANCISCO JAIME DE SOUZA JUNIOR,N,2016,03
05756905000100,00005100716436,DIEGO MICHEL DE SOUZA,N,2016,03
05777741000105,00003032521467,MARINA SOARES GURGEL,N,2016,03
05777741000105,00004133166450,SAMARA CARDOSO DE SOUZA,N,2016,03
05794164000151,00000773670300,JOSE MARIA DE MEDEIROS,N,2016,03
05794164000151,00029396549487,WILSON RODRIGUES FERNANDES,N,2016,03
05794164000151,00063525720491,GILSELENO JALES CORREIA LIMA,N,2016,03
05823100000131,00001023811430,JOSE LAUIR FERREIRA DA SILVA FILHO,N,2016,03
05823100000131,00001311946403,LARISSA MARIA MENEZES DA SILVA,N,2016,03
05911157000192,00037577190420,JOSE ADILSON DA SILVA,N,2016,03
05911157000192,00046573500482,NEIDE LIMA DA SILVA,N,2016,03
05948553000275,00001804951358,ANDERSON DE OLIVEIRA JOVINO,N,2016,03
05948553000275,00001822118352,GEORGIA KATUSA DE OLIVEIRA JOVINO,N,2016,03
05971853000194,00003021370411,JOAO PAULO RODRIGUES DE LIMA,N,2016,03
05971853000194,00003619193444,MARIA GEISA DA SILVA,N,2016,03
06004897000108,00003588028498,MARIA JANAINA VASCONCELOS DE AMORIM,N,2016,03
06004897000108,00095219218549,FRANKLIN DOUGLAS VASCONCELOS DE AMORIM,N,2016,03
06047174000196,00001662234414,VINICIUS ELIEL CAVALCANTE DOS SANTOS,N,2016,03
06047174000196,00008512835435,ISA CAVALCANTE DOS SANTOS COSTA,N,2016,03
06068177000106,00000071297421,MARIA LUZINETE VIZIDERIO DOS SANTOS,N,2016,03
06068177000106,00003113024404,OSVALDO PINHEIRO DE QUEIROZ SILVA,N,2016,03
06098753000168,00028670221420,FRANCISCO HERMANO QUEIROZ CAVALCANTI,N,2016,03
06098753000168,00052767361468,OTAVIO BEZERRA DO REGO BARROS,N,2016,03
06098753000168,00066512034449,ROBERTO MORCOURT DO REGO BARROS,N,2016,03
06098753000168,00082864888491,LEONARDO VIDAL BARBOSA,N,2016,03
06194003000190,00001353569462,RAIMUNDO JOSE DE SOUZA FILHO,N,2016,03
06194003000190,00042349869415,CARLOS ANTONIO DE SOUZA,N,2016,03
06194003000190,00063127660472,PEDRO GILSON DE SOUZA,N,2016,03
06196577000288,00006701419410,CYRO MELO PATURY ACCIOLY,N,2016,03
06196577000288,00016435397449,MOACYR ROCHA PATURY ACCIOLY,N,2016,03
06196577000288,00033170290487,PAULO PATURY ACCIOLY,N,2016,03
06198597000107,00027187322453,FRANCISCA SOLANGE DE SOUSA COSTA,N,2016,03
06198597000107,00053410505504,JOSE PEREIRA DA COSTA JUNIOR,N,2016,03
06214080000326,00004660033406,JANETE DOS SANTOS FERREIRA PAIVA,N,2016,03
06214080000326,00091394848404,FRANCINEI MARQUES PAIVA,N,2016,03
06224460000180,00000945581408,SERGIO GUSTAVO MEDEIROS DE OLIVEIRA,N,2016,03
06224460000180,00001209661403,ALLAN SOSTENES MEDEIROS DE OLIVEIRA,N,2016,03
06231164000106,00005714556461,JIVAGDA RAMONNA FERREIRA DOS SANTOS,N,2016,03
06231164000106,00010255271433,LUCIO FLAVIO GARCIA DE ARAUJO NETO,N,2016,03
06267047000100,00056636342404,JOSE DOMINGOS DA SILVA,N,2016,03
06267047000100,00072106239491,JUSCELINO CAMARA DE LIMA,N,2016,03
06281627000144,00000147754844,WILLIAM ARAUJO VASCONCELOS,N,2016,03
06281627000144,00001431216429,CINTHIA ARAUJO VASCONCELOS LIMA,N,2016,03
06335695000149,00000896196410,CLAUDIA JAQUELINY NUNES FERNANDES,N,2016,03
06335695000149,00077942167453,JOHN LENNON FERNANDES LIMA,N,2016,03
06369032000145,00001289143439,CECYLYANNE AUGUSTA DE PAIVA,N,2016,03
06369032000145,00044335741472,MARIA DE LOURDES PAIVA,N,2016,03
06912821000180,00001191224481,MARIA ADEILMA NUNES,N,2016,03
06912821000180,00048229628491,EDINALDO NUNES DE LIMA,N,2016,03
06948614000186,00003319673408,IZABELLE OTAVIANO DE BESSA SANTOS,N,2016,03
06948614000186,00043035728453,JOSE HAROLDO DOS SANTOS,N,2016,03
06967917000146,00006493311411,MAYARA HELOYSA PEREIRA DA SILVA,N,2016,03
06967917000146,00044042396453,MARIA AUXILIADORA DA SILVA,N,2016,03
06989403000191,00003004404486,MESSALINA MARTINS ASSIS,N,2016,03
06989403000191,00081379854415,ANA CRISTINA DE ARAUJO,N,2016,03
07018761000110,00004966573483,THIAGO BRAGA WANDERLEY,N,2016,03
07018761000110,00078594863420,ROGERIO BEZERRA TINOCO,N,2016,03
07019741000163,00003422932496,EUNICE LEITE SILVA,N,2016,03
07019741000163,00004570018440,MARIA EUNICE LEITE SILVA,N,2016,03
07066909000191,00052348946491,JOAO ALVES DE SOUZA,N,2016,03
07081522000104,00073887005449,LUIS CARLOS ANDRADE,N,2016,03
07081522000104,00094292574472,ANTONIO PINTO DA COSTA,N,2016,03
07093987000185,00000829888462,ALISSON LUIZ CHAGAS BEZERRA,N,2016,03
07093987000185,00004805946431,OSCARLINA ADRIANA FERNANDES DE MELO,N,2016,03
07095972000156,00002102460495,PATRICIA DE MEDEIROS,N,2016,03
07095972000156,00072122528400,ETELVINO PATRICIO DE MEDEIROS,N,2016,03
07114802000171,00001677924403,ALEXANDRE CESAR BATISTA DE MORAIS FILHO,N,2016,03
07114802000171,00003828543499,ROMEIKA DE MORAIS COSTA BATISTA,N,2016,03
07114802000171,00064288455472,JOSE RONALDO DE MORAIS COSTA,N,2016,03
07147050000145,00037878042420,CELIA DE MEDEIROS DANTAS PIRES FERREIRA,N,2016,03
07147050000145,00040568296400,HUMBERTO DANTAS PIRES FERREIRA,N,2016,03
07197718000916,00001342550382,NERTAN DE MELO RIBEIRO,N,2016,03
07197718000916,00056053363391,ANDRE LEAO RIBEIRO,N,2016,03
07197718000916,00077836715353,PABLO LEAO RIBEIRO,N,2016,03
07209477000120,00049834231415,MILTON  EZEQUIEL FONSECA FILHO,N,2016,03
07209477000120,00050070940487,PATRICIA TAVARES AFONSO FONSECA,N,2016,03
07240614000190,00003376493677,MARIA HELENA LYRA BARROS,N,2016,03
07305986000157,00001697767435,JOSEILSON DANTAS DE MEDEIROS,N,2016,03
07305986000157,00002689583437,SEBASTIAO DE AZEVEDO DANTAS,N,2016,03
07326826000194,00030296773468,CARLOS ALBERTO DA CUNHA,N,2016,03
07326826000194,00040562697420,EDILMA MARIA FERNANDES,N,2016,03
07350797000104,00007519565467,PHELIPE GABRIEL PINHEIRO DE ARAUJO,N,2016,03
07350797000104,00076205800420,MERCIA CRISTINA FERNANDES PINHEIRO,N,2016,03
07355441000155,00048939161491,BISMARCK MAGNUS DA SILVA,N,2016,03
07355441000155,00081323662472,LADJANE LOPES FRANCA MAGNUS,N,2016,03
07442301000114,00000820390461,FABIO PORCINO ROSADO CHAVES,N,2016,03
07442301000114,00012870174446,MELISSA PORCINO MELO,N,2016,03
07443696000170,00001416623442,RUDA FERNANDES PEREIRA,N,2016,03
07443696000170,00001416624414,SACHA FERNANDES PEREIRA,N,2016,03
07443696000170,00001416625496,SANDI FERNANDES PEREIRA,N,2016,03
07443696000170,00066455707400,LEILA MARIA FERNANDES AUGUSTO,N,2016,03
07448838000191,00023119098434,FRANCISCO CARLOS DIAS CAMPOS,N,2016,03
07448838000191,00072186062704,JOSE ZENILDO DIAS CAMPOS,N,2016,03
07508419001099,00000152650300,JOAO ELMO MORENO CAVALCANTE,N,2016,03
07508419001099,00011892021315,FRANCISCO ALBERTO MORENO,N,2016,03
07508419001099,00024889369368,MARIA DA GLORIA TEIXEIRA MORENO,N,2016,03
07508419001099,00044832494368,ANTONIO NELSON TEIXEIRA MORENO,N,2016,03
07509062000172,00001215658400,RICARLIANE SILVA DOS SANTOS,N,2016,03
07509062000172,00002488245461,RENATA SILVA DOS SANTOS,N,2016,03
07518668000174,00008079507422,RAIMUNDO VICTOR FERNANDES CRUZ,N,2016,03
07518668000174,00048062260410,NAIR PAULA FERNANDES CRUZ,N,2016,03
07519899000100,00005068812455,LILIAN EMMANUELE MANICOBA GONCALVES,N,2016,03
07519899000100,00059785985415,FRANCISCO GENILSON DA SILVA,N,2016,03
07523411000100,00010591525410,REBECA IAQUINTO,N,2016,03
07523411000100,00019185771880,FABIANA IAQUINTO,N,2016,03
07543171000106,00020207930406,ERINALDO MEDEIROS DE OLIVEIRA,N,2016,03
07543171000106,00022932720449,ANTONIO GALINHA DE MEDEIROS,N,2016,03
07552997000131,00007417433456,ERIKA CARVALHO DE SOUSA,N,2016,03
07552997000131,00057025819468,ZELIA MARIA COSME CARVALHO,N,2016,03
07560046000104,00007004981410,SOFIA CABRAL DE SIQUEIRA MORAIS,N,2016,03
07560046000104,00007005248430,PAULO DE SIQUEIRA MORAIS FILHO,N,2016,03
07560046000104,00016601300420,PAULO DE SIQUEIRA MORAIS,N,2016,03
07610338000104,00001434103340,MARILIA CAMPOS PESSOA NOGUEIRA,N,2016,03
07610338000104,00011636918441,NICOLAS CAMPOS NOGUEIRA,N,2016,03
07612031000142,00031598188453,EDINA MARIA BARBOSA DA SILVA ALMEIDA,N,2016,03
07693730000164,00004418847413,SIMONIDA QUEIROZ LOPES,N,2016,03
07693730000164,00085159972404,SILNEI DE QUEIROZ LOPES,N,2016,03
07807635000144,00002403377430,LUCILENE JUSTINO DANTAS,N,2016,03
07807635000144,00009222896467,IAGO VITOR DANTAS PEREIRA,N,2016,03
07817006000286,00044409532472,WELITON PINHEIRO GALVAO JUNIOR,N,2016,03
07817006000286,00045512183400,FRANCISCA MARIA FELIPE GALVAO,N,2016,03
07817006000448,00044409532472,WELITON PINHEIRO GALVAO JUNIOR,N,2016,03
07817006000448,00045512183400,FRANCISCA MARIA FELIPE GALVAO,N,2016,03
07837447000169,00001077349408,ANDREA MILENA COSTA DE OLIVEIRA,N,2016,03
07837447000169,00009279252496,JOAO NOGUEIRA DA SILVA NETO,N,2016,03
07837447000169,00091447836472,FLAVIO CESAR NOGUEIRA,N,2016,03
07845028000179,00002343755400,TASLA CAPISTRANO GONZAGA MENDES,N,2016,03
07845028000179,00003603888413,THAISA CAPISTRANO GONZAGA DE ANDRADE,N,2016,03
07845028000179,00085215570434,THIAGO CAPISTRANO GONZAGA,N,2016,03
07849266000152,00002432729447,GEORGE UBENILTON PINHEIRO,N,2016,03
07849266000152,00006513350433,LUAN BRUNO DE ARAUJO MEDEIROS,N,2016,03
07887781000127,00001148936408,EMICARLA LIMA DANTAS DE AZEVEDO,N,2016,03
07887781000127,00002253919454,JUDENILDO KELLY FERNANDES DE AZEVEDO,N,2016,03
07921434000173,00002697710426,ALMAQUIO SOARES NETO,N,2016,03
07921434000173,00003026083461,LARISSA MARLLA TORQUATO FERNANDES SOARES,N,2016,03
07939638000131,00002011423414,JOSE JEOMAR DE MEDEIROS,N,2016,03
07939638000131,00004168881431,MAXIMO WAGNER PEREIRA DE MACEDO,N,2016,03
07986555000101,00072197692453,ANTONIA EDNA SIMAO DO NASCIMENTO BEZERRA,N,2016,03
07986555000101,00073815527449,JOSE EDMO BEZERRA,N,2016,03
07991017000105,00000762675470,KLEIBER FLAVIO SILVA COSTA,N,2016,03
07991017000105,00000762676442,KLEYTON FABIO SILVA COSTA,N,2016,03
07991017000288,00000762675470,KLEIBER FLAVIO SILVA COSTA,N,2016,03
07991017000288,00000762676442,KLEYTON FABIO SILVA COSTA,N,2016,03
08010923000136,00000900738430,MARILENE MARIA MEDEIROS CRUZ,N,2016,03
08010923000136,00004189905496,RENATA SUZANA DE MEDEIROS CRUZ,N,2016,03
08010923000136,00004544920493,NARA MAIRA DE MEDEIROS CRUZ,N,2016,03
08029092000144,00000333700449,JOAO SILVEIRA GUIMARAES FILHO,N,2016,03
08029092000144,00001064278493,TOMAS SILVEIRA GUIMARAES FILHO,N,2016,03
08029092000144,00005073879457,MARIANA MEIRA GUIMARAES,N,2016,03
08029092000144,00020343701472,TOMAS SILVEIRA GUIMARAES,N,2016,03
08029092000144,00033829233434,LUIS SERGIO SILVEIRA GUIMARAES,N,2016,03
08029092000144,00039567915415,SAIONARA MARIA SILVEIRA GUIMARAES,N,2016,03
08029092000144,00062152114434,CHARLES PEREIRA SILVEIRA,N,2016,03
08029092000144,00088487644449,BIANCA PEREIRA SILVEIRA FILGUEIRAS NOGUEIRA,N,2016,03
08030363003369,00001148699449,MANOEL ETELVINO DE MEDEIROS,N,2016,03
08030363003369,00007125992404,LEONCIO ETELVINO DE MEDEIROS FILHO,N,2016,03
08030363003369,23888954000188,FENIF PARTICIPACOES LTDA.,N,2016,03
08030363003369,23891109000161,AGIR PARTICIPACOES LTDA.,N,2016,03
08030363003369,23936360000103,LML PARTICIPACOES LTDA.,N,2016,03
08030363003369,23944667000148,GESF PARTICIPACOES LTDA,N,2016,03
08045732000100,00006901207450,MARCELLUS UCHOA SILVA DE MEDEIROS,N,2016,03
08045732000100,00007108037459,MARINA NAYARA SILVA DE MEDEIROS,N,2016,03
08048027000166,00002138232417,EMILY CARDOSO GOMES DA SILVA CRIZANTO,N,2016,03
08048027000166,00002909790487,ALMERI GOMES DA SILVA,N,2016,03
08086001000102,00020019939434,NEWTON UCHOA DE ARAUJO,N,2016,03
08086001000102,00046681019404,FRANCINEIDE MAURA UCHOA DE ARAUJO,N,2016,03
08090078000156,00000775007412,DENIO ALVES DE OLIVEIRA,N,2016,03
08090078000156,00002828448487,JOSE ALVES NETO,N,2016,03
08090078000156,00096932350459,MARIA AUGUSTA DE OLIVEIRA ALVES,N,2016,03
08091529000170,00005940614400,FRANCISCO DAS CHAGAS PEREIRA DA SILVA,N,2016,03
08091529000170,00036496910430,FRANCISCO GINETE ANDRADE,N,2016,03
08130288000120,00002662965487,MARIA DE SOUZA MENEZES,N,2016,03
08130288000120,00002672839468,ARLINDO MENEZES DA COSTA,N,2016,03
08206773000130,00017541387487,EDUARDO TORRES BARBALHO,N,2016,03
08206773000130,00091534690468,LENILDE TORRES GALVAO BARBALHO,N,2016,03
08207563000167,00009739084400,MARIA DO SOCORRO OLIVEIRA NOBREGA DE MELO,N,2016,03
08207563000167,00072109394404,AGOSTINHO DANTAS GURJAO FILHO,N,2016,03
08222085000164,00003980102858,ELIETE ROCHA DANTAS,N,2016,03
08222085000164,08222085000164,ELETRO TECNICA INTERLAGOS IND. E COM. LTDA,N,2016,03
08224149000166,00006728391487,VERONICA M DE AZEVEDO BATISTA,N,2016,03
08232871000142,00001240356471,ROMULO HALYSON XAVIER FILGUEIRA,N,2016,03
08232871000142,00024201103404,MARIA DO SOCORRO XAVIER FILGUEIRA,N,2016,03
08238974000110,00001012769402,ADRIANO ROBERTO ARAUJO DE AZEVEDO,N,2016,03
08238974000110,00014378205491,PEDRO CAMPOS DE AZEVEDO,N,2016,03
08238974000209,00001012769402,ADRIANO ROBERTO ARAUJO DE AZEVEDO,N,2016,03
08238974000209,00014378205491,PEDRO CAMPOS DE AZEVEDO,N,2016,03
08248239000197,00000364312491,HUGO FREIRE PINTO,N,2016,03
08248239000197,00010606149449,RICARDO RUBENS BRASIL PINTO,N,2016,03
08248239000197,00015635600468,HUGO FREIRE PINTO JUNIOR,N,2016,03
08248239000197,00024306347400,MARILIA BRASIL PINTO FERNANDES,N,2016,03
08248239000197,00032624689400,CARLOS HENRIQUE BRASIL PINTO,N,2016,03
08248239000197,00041362551449,MARIA FRANCISCA TEREZA JESUS BRASIL PINTO,N,2016,03
08248403000166,00001161784420,JOSE AMADEU VALE,N,2016,03
08248403000166,00081364105420,MARIA GIZELDA DE MEDEIROS VALE,N,2016,03
08284630000147,00001174991453,ANTONIETA MEDEIROS,N,2016,03
08284630000147,00001259547434,EDWIGES MEDEIROS,N,2016,03
08284630000147,00012993280406,PAULO PINHEIRO LOPES,N,2016,03
08285124000172,00002530376468,FERNANDO ALBINO RODRIGUES,N,2016,03
08285124000172,00065470524434,HENRIQUE SODRE RODRIGUES,N,2016,03
08285124000334,00002530376468,FERNANDO ALBINO RODRIGUES,N,2016,03
08285124000334,00065470524434,HENRIQUE SODRE RODRIGUES,N,2016,03
08286262000176,00046672559434,KLEIBER ANTUNES FURTADO JUNIOR,N,2016,03
08286262000176,00093874022404,MARIA DO SOCORRO FURTADO,N,2016,03
08293840000100,00013913567801,MARIA DE LOURDES GUEDES SILVA,N,2016,03
08293840000100,00042251400400,FRANCISCO DAS CHAGAS SILVA,N,2016,03
08326720000153,00001167006453,JOSEBEL DA COSTA CIRNE,N,2016,03
08326720000153,00002358221406,FABSON LIRA CIRNE,N,2016,03
08326720000153,00003039123408,RICARDO LIRA CIRNE,N,2016,03
08326720000153,00037885928420,SERGIO ROBERTO DE MEDEIROS CIRNE,N,2016,03
08326720000153,00083729283472,MARIA DE FATIMA LIRA CIRNE,N,2016,03
08326720000153,00089816218453,GERLIZA LIRA CIRNE GASPAR,N,2016,03
08328395000834,00013056514487,JOAQUIM TARCISIO CAMARA FLOR,N,2016,03
08328395000834,00013912844453,TANIA MARIA FLOR RIBEIRO,N,2016,03
08328395000834,00014063654400,TULIO MAURICIO CAMARA FLOR,N,2016,03
08328395000834,00022133755420,THELMA MARIA FLOR ALENCAR,N,2016,03
08328395000834,00033651981487,TATIANA MARIA FLOR GUEDES,N,2016,03
08328395000834,00035758643491,TERCIO CAMARA FLOR,N,2016,03
08328395000834,00036998842449,TARCIO HENRIQUE CAMARA FLOR,N,2016,03
08328395000834,00037848585468,TANILDA MARIA CAMARA FLOR FREITAS,N,2016,03
08328395000834,00056585721420,MARIA DE LOURDES CAMARA FLOR,N,2016,03
08345621000119,00001210402408,CAMILA GOMES FERNANDES DE SOUZA,N,2016,03
08345621000119,00001210941465,CAROLINE GOMES FERNANDES DE SOUZA,N,2016,03
08345621000119,00003554335401,ENIO GOMES FERNANDES DE SOUZA,N,2016,03
08345621000119,00003796507468,FRANCISCO FERNANDES DE SOUZA,N,2016,03
08345621000119,00009048138434,MARIA DA CONCEICAO FERREIRA GOMES DE SOUZA,N,2016,03
08345698000199,00003524633412,KELY REGINA DAS CHAGAS MEDEIROS,N,2016,03
08349862000136,00035797487420,ADERCIO CAMARA JUNIOR,N,2016,03
08349862000136,00044375069449,JOÃO BATISTA GOMES,N,2016,03
08378366000100,00000364452404,JERONIMO NOGUCHI DE GOIS ROSADO,N,2016,03
08378366000100,00002015846468,IZAURA ARUZA DE GOIS ROSADO,N,2016,03
08378366000100,00002985761476,JERONIMO NOGUCHI DE GOIS ROSADO FILHO,N,2016,03
08378366000100,00009482075404,JERONIMO ALEXANDER DE GOIS ROSADO,N,2016,03
08378366000100,00081361939400,NEIDE DA FROTA ROSADO,N,2016,03
08385213000514,00000749347406,AILA AYRES NERY,N,2016,03
08385213000514,00002378816405,ALEA AIRES NERY SALUSTIANO,N,2016,03
08385213000514,00076207030478,ALEX AYRES NERY,N,2016,03
08385353000169,00012997544491,WELSON RODRIGUES DO NASCIMENTO,N,2016,03
08385353000169,00077901860430,ALCIVAN TADEUS GOMES DE ARAUJO,N,2016,03
08385809000190,00006919223490,CAIO SERGIO DAMASCENO DE ARAUJO,N,2016,03
08385809000190,00010680462449,ROBERTO SERGIO DE ARAUJO,N,2016,03
08395436000139,00022169733434,JOSE EDIVARDO CHAVES,N,2016,03
08395436000139,00022976302472,MARIA GUADALUPE DE MELO CHAVES,N,2016,03
08397374000102,00001182218415,PEDRO CAMARA DE SOUZA,N,2016,03
08397374000102,00050339532491,MONICA GADELHA DE SOUSA MOURA,N,2016,03
08397374000102,00053910036449,MARCANTONI GADELHA DE SOUZA,N,2016,03
08397374000102,00070382190491,MOEMA GADELHA COSTA DE SOUZA,N,2016,03
08397374000102,00083738142487,MARIA DE LOURDES DE SOUZA BEZERRA,N,2016,03
08399054000183,00005721806168,ROBSON DE MACEDO VIEIRA,N,2016,03
08399054000183,00038006634491,THELMA LUCIA CHAGAS DE MACEDO,N,2016,03
08399834000123,00002570599468,ALVARO DE OLIVEIRA,N,2016,03
08399834000123,00033614920410,JOSIVALDO CLEMENTE DE OLIVEIRA,N,2016,03
08399834000123,00087804603487,MARIA NIVALDA DE OLIVEIRA,N,2016,03
08403578000877,00001100289453,WELLINGTON JOSE MORAIS LUCENA,N,2016,03
08403578000877,00042292379449,JOSE CORDEIRO DE LUCENA NETO,N,2016,03
08403578000877,00056751141491,SERGIO GENTILE LUCENA,N,2016,03
08412520000113,00001993720472,ROBERTO WILLIAM MONTENEGRO,N,2016,03
08412520000113,00037894706434,VERA LUCIA MONTENEGRO,N,2016,03
08412520000113,00082839123487,EMANUELLE MONTENEGRO BEZERRA,N,2016,03
08412520000113,00082839158434,MICHELLE MONTENEGRO DE SOUZA,N,2016,03
08412520000113,00082839182491,IGOR MONTENEGRO,N,2016,03
08412520000202,00001993720472,ROBERTO WILLIAM MONTENEGRO,N,2016,03
08412520000202,00037894706434,VERA LUCIA MONTENEGRO,N,2016,03
08412520000202,00082839123487,EMANUELLE MONTENEGRO BEZERRA,N,2016,03
08412520000202,00082839158434,MICHELLE MONTENEGRO DE SOUZA,N,2016,03
08412520000202,00082839182491,IGOR MONTENEGRO,N,2016,03
08412520000385,00001993720472,ROBERTO WILLIAM MONTENEGRO,N,2016,03
08412520000385,00037894706434,VERA LUCIA MONTENEGRO,N,2016,03
08412520000385,00082839123487,EMANUELLE MONTENEGRO BEZERRA,N,2016,03
08412520000385,00082839158434,MICHELLE MONTENEGRO DE SOUZA,N,2016,03
08412520000385,00082839182491,IGOR MONTENEGRO,N,2016,03
08424210000119,00012378453434,MARIA LUIZA PACHECO DIAS,N,2016,03
08424210000119,00078594626487,LORENA PACHECO DIAS MARINHO,N,2016,03
08456584000116,00003790380482,MOALDO JOSE DANTAS TAVARES,N,2016,03
08456584000116,00004979859429,VIVIANE RIBEIRO TAVARES,N,2016,03
08456584000116,00094338477415,MAXON FLAVIO RIBEIRO TAVARES,N,2016,03
08458002000130,00002343755400,TASLA CAPISTRANO GONZAGA MENDES,N,2016,03
08458002000130,00003603888413,THAISA CAPISTRANO GONZAGA DE ANDRADE,N,2016,03
08458002000130,00085215473404,JANDIRA CAPISTRANO GONZAGA,N,2016,03
08458002000130,00085215570434,THIAGO CAPISTRANO GONZAGA,N,2016,03
08459968000192,00040555186415,ENIO RICARDO SINEDINO DE OLIVEIR,N,2016,03
08459968000192,00072112603434,MICHELLE ALVES SINEDINO DE OLIVEIRA,N,2016,03
08473985000265,00002764341458,THAYANNE FLOR ALVARES DANTAS,N,2016,03
08473985000265,00007485506404,DIOGENES DANTAS ALVARES,N,2016,03
08480626000154,00003340891400,EDER NEGREIROS BARBOSA,N,2016,03
08480626000154,00004873201403,ERIK NEGREIROS BARBOSA,N,2016,03
08480626000154,00013012452400,EIDER DE SOUSA BARBOSA,N,2016,03
08480816000171,00030795397453,RUTENIO GONDIM DE QUEIROZ,N,2016,03
08480816000171,00032530102449,TERESA GLICIA GONDIM DE QUEIROZ,N,2016,03
08482895000150,00007414510425,ORISMAR CARLOS DE ALMEIDA,N,2016,03
08482895000150,00007501188491,ANTONIMAR CARLOS DE ALMEIDA,N,2016,03
08494403000146,00000984539476,ROMULO CARREIRO NOBRE DA SILVA,N,2016,03
08494403000146,00004453037430,RAILMA CARREIRO NOBRE DA SILVA,N,2016,03
08494403000146,00006000811411,RAQUEL CARREIRO NOBRE DA SILVA,N,2016,03
08494403000146,00021835128491,MANOEL CARREIRO FILHO,N,2016,03
08494403000146,00081208235400,RAIMUNDA NOBRE DA SILVA CARREIRO,N,2016,03
08505901000147,00033614920410,JOSIVALDO CLEMENTE DE OLIVEIRA,N,2016,03
08505901000147,00087804603487,MARIA NIVALDA DE OLIVEIRA,N,2016,03
08505901000147,08399834000123,ALVARO DE OLIVEIRA & CIA LTDA,N,2016,03
08512972000177,00048186260404,ANTONIO DOS SANTOS LEITE DE OLIVEIRA,N,2016,03
08512972000177,00081279639415,FRANCISCO MAGNO DE OLIVEIRA,N,2016,03
08539181000130,00009620915453,JOAO COBE NETO,N,2016,03
08539181000130,00013054058468,MARIA ANTONIA ROMUALDO DE ARAUJO,N,2016,03
08547432000129,00005117305434,HUGO NOBRE CABRAL,N,2016,03
08547432000129,00018236766420,LEA BARBOSA CABRAL,N,2016,03
08547432000552,00005117305434,HUGO NOBRE CABRAL,N,2016,03
08547432000552,00018236766420,LEA BARBOSA CABRAL,N,2016,03
08547432000803,00005117305434,HUGO NOBRE CABRAL,N,2016,03
08547432000803,00018236766420,LEA BARBOSA CABRAL,N,2016,03
08553216000196,00003947289472,MARIA CABRAL DE ALBUQUERQUE,N,2016,03
08553216000196,00015672778453,CORINA CABRAL DE ALBUQUERQUE,N,2016,03
08553216000196,00031203248415,JOSE CABRAL DE ALBUQUERQUE,N,2016,03
08555021000185,00017545331400,RONALDO MARQUES RODRIGUES,N,2016,03
08555021000185,00072137886472,ROSANE MENDONCA RODRIGUES,N,2016,03
08572950000100,00026718588415,ROBERTO PINTO SERQUIZ ELIAS,N,2016,03
08572950000100,00029303117468,MARIA TEREZA PINTO SERQUIZ MAIA,N,2016,03
08574428000150,00008607958453,DAVINA SOARES,N,2016,03
08574428000150,00013911350406,FRANCISCO CANINDE SOARES RODRIGUES,N,2016,03
08576605000137,00005375446405,FRANCISCO EDILSON XAVIER REBOUCAS SEGUNDO,N,2016,03
08576605000137,00013014110434,FRANCISCO EDILSON XAVIER REBOUCAS,N,2016,03
08576605000137,00022978712449,LINDONETE MARIA MOURA ROCHA REBOUCAS,N,2016,03
08578007000105,00001119729491,LUIZ GONZAGA DE MELO,N,2016,03
08578007000105,00005337088424,CIRO DE HOLANDA MELO,N,2016,03
08578007000105,00025469932400,MARCOS EFRAIM DE MELO,N,2016,03
08690810000129,00031543278434,JOSEFA MARIA DA SILVA,N,2016,03
08690810000129,00087570467434,MARIA SULENE DE LIRA SILVA,N,2016,03
08692584000115,00042240603453,FLORACI CASSIANO DA SILVA,N,2016,03
08698326000146,00001191634469,WALTEISE PEREIRA DE OLIVEIRA,N,2016,03
08698326000146,00042994632420,JOSE LUCIO DE OLIVEIRA,N,2016,03
08713513000151,00003203131404,JOSE MUNIZ UCHOA,N,2016,03
08713513000151,00042291712420,GLAUBER CAVALCANTE UCHOA,N,2016,03
08713513000151,00067147232453,GLEYBER CAVALCANTE UCHOA,N,2016,03
08713513000151,00072298235449,EDIZIA CAVALCANTE DE BRITO UCHOA,N,2016,03
08733671000254,00026128195415,ADJACIRA SOBREIRA DE CASTRO TEIXEIRA,N,2016,03
08865584000170,00003203966492,KELLY MARQUES TEIXEIRA DE GOES CUNHA,N,2016,03
08865584000170,00091441692487,MARINEIDE DINIZ BRITO DE AZEVEDO,N,2016,03
08883446000113,00008965947421,ALLYSON BERGSON FERNANDES DE MEDEIROS,N,2016,03
08883446000113,00046594370430,LUIZ JURANDIR DE MEDEIROS,N,2016,03
08883446000113,00079113583468,JUVANIRA FERNANDES DE MEDEIROS,N,2016,03
08940206000103,00063874067491,FREDIANO JALES ROSADO,N,2016,03
08940206000103,00079247806453,GREGORIO JALES ROSADO,N,2016,03
08940466000189,00005964171443,JOABEL DE ARAUJO MEDEIROS,N,2016,03
08940466000189,00020238290468,JOSE MEDEIROS,N,2016,03
08975531000101,00030275504204,ADRIANA DE FATIMA SILVA BELEM,N,2016,03
08975531000101,00059778350434,SIUMARA BERGMANN,N,2016,03
09015680000191,00005690089729,CLEYTON VALE DE ARAUJO,N,2016,03
09015680000191,00010605081760,KERPSON VALE DE ARAUJO CAVALCANTI,N,2016,03
09015680000191,00055533205420,JOAO DA CRUZ DE ARAUJO FILHO,N,2016,03
09018974000177,00013022822472,JOSE TADEU RODRIGUES SARMENTO,N,2016,03
09018974000177,00066471125453,CREMEILDA JACOME SARMENTO,N,2016,03
09075326000152,00023081627400,JOACI GONCALVES MAFRA,N,2016,03
09075326000152,00085064912404,ANA TEREZA MONTENEGRO DINIZ MAFRA,N,2016,03
09075326000314,00023081627400,JOACI GONCALVES MAFRA,N,2016,03
09075326000314,00085064912404,ANA TEREZA MONTENEGRO DINIZ MAFRA,N,2016,03
09077124000140,00000227188420,ALBERICO BARROS CAMARA,N,2016,03
09077124000140,00001856919439,SONIA MARIA COSTA CAMARA,N,2016,03
09077124000140,00007833296449,MARIA JOSE DA SILVA BELLUSCI,N,2016,03
09077124000140,00078256194472,ALBERICO BARROS CAMARA JUNIOR,N,2016,03
09080953000181,00006151597451,LOUISE STELLA LIMA BARBOSA,N,2016,03
09080953000181,00008479394480,LETICIA ALINE LIMA BARBOSA,N,2016,03
09080953000181,00033594724468,LUIZ HUGO VIDAL BARBOSA,N,2016,03
09080953000181,00082864888491,LEONARDO VIDAL BARBOSA,N,2016,03
09109547000102,00014383780415,PEDRO NASCIMENTO DE PAIVA FERNANDES,N,2016,03
09114091000160,00000333700449,JOAO SILVEIRA GUIMARAES FILHO,N,2016,03
09114091000160,00001064278493,TOMAS SILVEIRA GUIMARAES FILHO,N,2016,03
09114091000160,00005073879457,MARIANA MEIRA GUIMARAES,N,2016,03
09114091000160,00020343701472,TOMAS SILVEIRA GUIMARAES,N,2016,03
09114091000160,00033829233434,LUIS SERGIO SILVEIRA GUIMARAES,N,2016,03
09114091000160,00039567915415,SAIONARA MARIA SILVEIRA GUIMARAES,N,2016,03
09114091000160,00062152114434,CHARLES PEREIRA SILVEIRA,N,2016,03
09114091000160,00088487644449,BIANCA PEREIRA SILVEIRA FILGUEIRAS NOGUEIRA,N,2016,03
09117268000182,00022989528415,SUEUDO BESSA REGIS,N,2016,03
09117268000182,00031507166400,IVANSUEUDO BESSA REGIS,N,2016,03
09117268000182,00049055240400,RAIMUNDA BESSA FREITAS,N,2016,03
09117268000263,00022989528415,SUEUDO BESSA REGIS,N,2016,03
09117268000263,00031507166400,IVANSUEUDO BESSA REGIS,N,2016,03
09117268000263,00049055240400,RAIMUNDA BESSA FREITAS,N,2016,03
09141207000150,00053807367420,SILVIO BATISTA SOARES JUNIOR,N,2016,03
09141207000150,00070250316404,LEILA GEANE ALVES DE CARVALHO SOARES,N,2016,03
09162487000183,00001704705479,FRANCISCO XAVIER DE OLIVEIRA NETO,N,2016,03
09162487000183,00005070669443,MARIA EDINETE PEREIRA DA SILVA,N,2016,03
09178339000157,00002843112435,PEDRO FELIX DE MEDEIROS NETO,N,2016,03
09178339000157,00004680980460,NICACIA ARAUJO DA ROSA MEDEIROS,N,2016,03
09196733000118,00022965785434,GEOVANE DA SILVA BEZERRA,N,2016,03
09196733000118,00054604176434,FRANCISCA DAS CHAGAS DA SILVA BEZERRA,N,2016,03
09208172000120,00001236301420,DANIELLE MONIKE LIMA DE ALBUQUERQUE,N,2016,03
09208172000120,00006369763438,LUCIO FERNANDES DE ALBUQUERQUE JUNIOR,N,2016,03
09222654000134,00002252484411,ALEXSANDRO DOS SANTOS,N,2016,03
09246769000169,00002035939445,JEANE DANTAS DO NASCIMENTO,N,2016,03
09246769000169,00004136551487,FRANCISCO JACOME SARMENTO,N,2016,03
09266128000338,00004791004469,ARTHUR GUSTAVO VAZ TOLENTINO,N,2016,03
09266128000338,00006346740482,PAULO RONALDO TOLENTINO,N,2016,03
09305029000156,00016780320854,JOSE CARLOS DE QUEIROZ,N,2016,03
09305029000156,00077956052491,ELISDENIA BEZERRA DE LIMA QUEIROZ,N,2016,03
09368724000167,00002764391552,ANDREIA TORRES DOS SANTOS,N,2016,03
09368724000167,00031940432855,RANDAL JULIANO PESSOA DAS NEVES,N,2016,03
09389792000455,00040549933468,VALDIVANIA DE FARIAS SILVA,N,2016,03
09389792000455,00052268632415,JONILSON DE FARIAS SILVA,N,2016,03
09392341000124,00005011230325,SEVERINO RAMOS DE OLIVEIRA,N,2016,03
09392341000124,00051234980444,HELDER JANSEN RODRIGUES DE OLIVEIRA,N,2016,03
09392341000205,00005011230325,SEVERINO RAMOS DE OLIVEIRA,N,2016,03
09392341000205,00051234980444,HELDER JANSEN RODRIGUES DE OLIVEIRA,N,2016,03
09392341000558,00005011230325,SEVERINO RAMOS DE OLIVEIRA,N,2016,03
09392341000558,00051234980444,HELDER JANSEN RODRIGUES DE OLIVEIRA,N,2016,03
09404534000158,00008580367468,PEDRO FERNANDES DA SILVEIRA,N,2016,03
09431823000146,00002626355348,ERNANDO ESTEVAM NOGUEIRA,N,2016,03
09431823000146,00003586175370,SAMARA ESTEVAM PESSOA,N,2016,03
09459395000160,00002210973414,SANDRA FERNANDES DE MORAIS LOPES,N,2016,03
09459395000160,00056635699449,JOAO LOPES DA SILVA JUNIOR,N,2016,03
09459395000240,00002210973414,SANDRA FERNANDES DE MORAIS LOPES,N,2016,03
09459395000240,00056635699449,JOAO LOPES DA SILVA JUNIOR,N,2016,03
09461826000122,00006147504401,ANDERSON LUCIER DA CRUZ BARROS,N,2016,03
09461826000122,00006147512412,ALYSSON LUCYAN DA CRUZ BARROS,N,2016,03
09481837000174,00002764341458,THAYANNE FLOR ALVARES DANTAS,N,2016,03
09481837000174,00007485506404,DIOGENES DANTAS ALVARES,N,2016,03
09500928000100,00083722610400,GONCALO JOAO SANTOS DE OLIVEIRA,N,2016,03
09500928000100,00091369444400,ELAINY CRISTINA SILVA FERNANDES OLIVEIRA,N,2016,03
09501742000175,00000794168450,JOSE TARCISIO DIOGENES JUNIOR,N,2016,03
09501742000175,00005086174481,SAVIO TARCIO GURGEL DIOGENES,N,2016,03
09501742000175,00010903579405,SAULLO RARYANO GURGEL DIOGENES,N,2016,03
09501742000175,00026073846487,ROSANGELA GURGEL DE OLIVEIRA DIOGENES,N,2016,03
09524685000140,00009288252304,JOSE AURINO ASEVEDO LOPES,N,2016,03
09524685000140,00021658684320,ISMENIA MACIEL SAMPAIO ASEVEDO,N,2016,03
09583389000110,00007489099404,LUZIA COUTO DE MENEZES,N,2016,03
09583389000110,00007574278474,DEMOSTENES FERREIRA DE MEDEIROS NETO,N,2016,03
09813406000168,00009270949400,VALTER ANUNCIATO DA SILVEIRA,N,2016,03
10013417000142,00053767063468,RONNIE CEZAR FERNANDES SILVA,N,2016,03
10013417000142,00072158824468,CLEINO MARCOS FERNANDES BENTO,N,2016,03
10141376000170,00002837251410,MARIA GORETE PEREIRA DA COSTA VASCO,N,2016,03
10141376000170,00079087809468,BENTO DE LIMA VASCO,N,2016,03
10269807000188,00000984238433,TALIA CRISTINA SOUZA NOBREGA,N,2016,03
10269807000188,00014480689168,UIRAJARA COSTA NOBREGA,N,2016,03
10283159000114,00025471104404,GENILDO DE OLIVEIRA DOS SANTOS,N,2016,03
10283159000114,00081260954404,JOSE FRANCISCO DA COSTA PALMEIRA,N,2016,03
10293191000180,00001164196448,DANILO DUARTE COSTA E SILVA,N,2016,03
10293191000180,00005607336409,DANIEL DUARTE COSTA E SILVA,N,2016,03
10293191000180,00009810862415,FRANCISCO DAS CHAGAS SILVA,N,2016,03
10328834000184,00054953006534,ALBERTO SOBRAL DA SILVA,N,2016,03
10328834000184,00067171044491,LUIZ ALBERTO BARBALHO GALVAO,N,2016,03
10328834000184,00075147491449,GUSTAVO HENRIQUE BARBALHO GALVAO,N,2016,03
10331637000114,00002355134405,DAMIAO GOUVEIA BARROS,N,2016,03
10331637000114,00029566456840,MARIA JOELMA DA SILVA BARROS,N,2016,03
10449378000120,00004558174489,ADRIANA BEZERRA LOPES MEDEIROS,N,2016,03
10449378000120,00094270732415,ADRIANO OLIVEIRA DE MEDEIROS,N,2016,03
10500372000130,00007244066465,RAKELLY DINIZ DOS SANTOS SILVA,N,2016,03
10500372000130,00023121360400,EDMILSON MARQUES DA SILVA,N,2016,03
10606327000165,00006067683431,ANGELO MARCOS DE HOLANDA,N,2016,03
10606327000165,00007558157420,AIANNE MIKAELLY GONCALVES DE HOLANDA,N,2016,03
10641461000105,00036915017453,MARIA APARECIDA FERREIRA DE ARAUJO,N,2016,03
10641461000105,00087570637453,VALDENOR OTACILIO DA SILVA ARAUJO,N,2016,03
10653382000106,00006242540460,THIAGO VALDEVINO DE BARROS,N,2016,03
10653382000106,00008804344490,MARIA DA CONCEICAO MEIRELES PRIMO DE BARROS,N,2016,03
10655938000101,00067104622420,FAUSTO CAVALCANTE DA SILVA JUNIOR,N,2016,03
10655938000101,00079073727472,ADRIANA CARLA DE OLIVEIRA SOUZA CAVALCANTE,N,2016,03
10707826000149,00046534229404,FRANCINETE SILVA DOS SANTOS,N,2016,03
10726669000119,00008852487409,TATIANA LIRA MARINHO,N,2016,03
10726669000119,00017613922472,GIACOMO FERNANDO TAVARES MARINHO,N,2016,03
10729462000106,00003780913445,JOSIENE RODRIGUES DO VALE,N,2016,03
10729462000106,00030707905850,MARCOS LEANDRO DE CASTRO DANTAS,N,2016,03
10761839000104,00018185533415,JOAO ALBERTO ALVES TEIXEIRA,N,2016,03
10761839000104,00026128195415,ADJACIRA SOBREIRA DE CASTRO TEIXEIRA,N,2016,03
10790288000107,00002242077414,ELMA DANTAS DE MEDEIROS BRITO,N,2016,03
10790288000107,00002798835445,JAELSON DANTAS DE MEDEIROS BRITO,N,2016,03
10822747000189,00002199259412,EDILTON DAMIAO DO REGO,N,2016,03
10822747000189,00039247783453,MARIA ELIENE QUEIROZ DA CUNHA,N,2016,03
10857970000161,00006720633449,MARIA DALVA DE MESQUITA DIAS,N,2016,03
10857970000161,00031573126420,FRANCISCO MESSIAS DIAS,N,2016,03
10865178000159,00008753366476,ANA JOYCE MOREIRA AQUINO,N,2016,03
10865178000159,00084985224391,ALDEANE MELO MOREIRA,N,2016,03
10933739000100,00007264253465,MONINNE RAQUEL OLIVEIRA MORAIS,N,2016,03
10933739000100,00007391041440,DEIVID VIANA DE AQUINO,N,2016,03
10942492000198,00001171382405,LUANNA CHRISTINA DE SOUZA MOURA MARTINS,N,2016,03
10942492000198,00096777788468,MARCIO ANDRE MARTINS,N,2016,03
10974931000144,00000149472420,ANA MARIA HOLANDA DIOGENES SOARES,N,2016,03
10974931000144,00059644214404,MARIA DAS GRACAS HOLANDA,N,2016,03
10981924000170,00006111784439,MANUELLY MAKSON ARAUJO,N,2016,03
10981924000170,00070034090460,ELTON DA SILVA SANTOS,N,2016,03
11037013000151,00002394607408,CARLOS EDUARDO PESSOA BARRETO,N,2016,03
11037013000151,00002623449473,LORENA EMILLY DO NASCIMENTO DAPIEVE BARRETO,N,2016,03
11037013000151,00003373053404,CLOVIS DE FREITAS BARRETO,N,2016,03
11037013000151,00077854985472,CLOVIS EUGENIO PESSOA BARRETO,N,2016,03
11076374000107,00017545110404,GENIVAL GALDINO DE SOUZA,N,2016,03
11076374000107,00058731229468,GILSON GALDINO DE SOUZA,N,2016,03
11080168000170,00002227218479,JOAO FRANCISCO NETO,N,2016,03
11080168000170,00005266002417,CRISTIANE VANESSA DA SILVA ALCANTARA,N,2016,03
11143900000104,00006562409462,IRANIELLE SILVA DE ARAUJO ALMEIDA,N,2016,03
11143900000104,00046603999404,JORGE LUIZ CARLOS DE ALMEIDA,N,2016,03
11189118000126,00007914005495,ANA CRISTINA ALVES,N,2016,03
11189118000126,00009918446455,SABYTA RAYANNE MAIA SALES,N,2016,03
11233325000130,00040639584420,JAILTON AURELIANO DA SILVA,N,2016,03
11233325000130,00042328209491,WBIRANILTON LINHARES DE ARAUJO,N,2016,03
11290066000180,00002978649470,RICARDO BRUNO SILVA DOS SANTOS,N,2016,03
11290066000180,00046534229404,FRANCINETE SILVA DOS SANTOS,N,2016,03
11401715000172,00004762502421,MARCOS ANTONIO DE MEDEIROS,N,2016,03
11401715000172,00093710976472,FRANCISCO MARTINS DE MEDEIROS FILHO,N,2016,03
11417150000111,00003472766441,RILTON DE MENEZEZ BEZERRA,N,2016,03
11417150000111,00005071352451,ALEXSANDRO BARBOSA DA CRUZ,N,2016,03
11417150000111,00063505533491,GUEIDE MARCOS DA FONSECA,N,2016,03
11417150000111,00085217409487,MAGNO ROCHA DE FRANCA,N,2016,03
11431413000147,00005128409465,FRANCISCOLUCIVAN FREIRE DE SOUZA,N,2016,03
11431413000147,00006792462403,VANDERLEA DE PAIVA DUARTE SOUZA,N,2016,03
11473199000191,00002480147495,JAILMA SOARES DA SILVA,N,2016,03
11500312000180,00000944583407,JOSE EVARISTO DE FONTES NETO,N,2016,03
11500312000180,00055997570800,IVANILSON LEITE FONTES,N,2016,03
11511020000143,00002259218474,CESAR CARLOS SILVEIRA MARIZ,N,2016,03
11511020000143,00073950203400,ROBERIO CAIAFFO CAVALCANTE ANDRADE,N,2016,03
11689133000133,00008789080483,MARIANA PINHEIRO DE ARAUJO,N,2016,03
11689133000133,00009241584416,HELOA D AVILLA NERY SERRA DANTAS,N,2016,03
11689133000133,00039382249400,GEOVANILDO PEREIRA DE ARAUJO,N,2016,03
11709499000127,00000022674462,ADAILTON MOREIRA DA SILVA,N,2016,03
11709499000127,00094208190434,MARCIA MARIA XAVIER DA SILVA,N,2016,03
11786813000175,00000887915566,JACIARA GONCALVES DA SILVA,N,2016,03
11786813000175,00006369763438,LUCIO FERNANDES DE ALBUQUERQUE JUNIOR,N,2016,03
11865729000147,00010478050496,DIEGO ARMANDO MARADONA PALACIO DA COSTA,N,2016,03
11933991000181,00015500470434,RAIMUNDO NONATO DE SOUZA,N,2016,03
11933991000181,00020084994487,MARIA ELI DIAS,N,2016,03
11936085000130,00042349869415,CARLOS ANTONIO DE SOUZA,N,2016,03
11936085000130,00063127660472,PEDRO GILSON DE SOUZA,N,2016,03
11937778000148,00002215925477,MARILU TRINDADE DANTAS,N,2016,03
11937778000148,00009809589468,CLEODOMAR GREGORIO DANTAS,N,2016,03
11939808000155,00008569157428,CAMILO DE LELLIS DANTAS DE AMORIM,N,2016,03
11939808000155,00018249604415,ANTONIO GOMES DE AMORIM,N,2016,03
11940467000138,00002023024404,OTACILIO CACIANO DO NASCIMENTO,N,2016,03
11940467000138,00008192320413,LUIS HENRIQUE DE FRANCA GOMES,N,2016,03
11940467000138,00023448270482,JOSE REGINALDO GOMES,N,2016,03
11981669000128,00018566561104,JOAO MARIA DE OLIVEIRA,N,2016,03
11981669000128,00056519796468,MARIA AUXILIADORA TARGINO DE OLIVEIRA,N,2016,03
11982113000237,00029749840453,AFRANIO FERREIRA DE MIRANDA FILHO,N,2016,03
11982113000237,00040648320430,LUCIANO DE SOUSA MIRANDA,N,2016,03
11982113000237,00046528210420,PAULO CESAR DE SOUSA MIRANDA,N,2016,03
11982113000237,00053910168434,SILVANA GOMES DE MIRANDA,N,2016,03
11982113000407,00029749840453,AFRANIO FERREIRA DE MIRANDA FILHO,N,2016,03
11982113000407,00040648320430,LUCIANO DE SOUSA MIRANDA,N,2016,03
11982113000407,00046528210420,PAULO CESAR DE SOUSA MIRANDA,N,2016,03
11982113000407,00053910168434,SILVANA GOMES DE MIRANDA,N,2016,03
11982113000660,00029749840453,AFRANIO FERREIRA DE MIRANDA FILHO,N,2016,03
11982113000660,00040648320430,LUCIANO DE SOUSA MIRANDA,N,2016,03
11982113000660,00046528210420,PAULO CESAR DE SOUSA MIRANDA,N,2016,03
11982113000660,00053910168434,SILVANA GOMES DE MIRANDA,N,2016,03
11982113000741,00029749840453,AFRANIO FERREIRA DE MIRANDA FILHO,N,2016,03
11982113000741,00040648320430,LUCIANO DE SOUSA MIRANDA,N,2016,03
11982113000741,00046528210420,PAULO CESAR DE SOUSA MIRANDA,N,2016,03
11982113000741,00053910168434,SILVANA GOMES DE MIRANDA,N,2016,03
12165870000108,00001009691430,FRANCISCO BERGJANIO DE OLIVEIRA SILVA,N,2016,03
12165870000108,00087708140404,FRANCISCO BERCLESON DE OLIVEIRA SILVA,N,2016,03
12184429000165,00007021250401,THIAGO DE ARAUJO PAULA,N,2016,03
12184429000165,00046662650404,GEIVA DE ARAUJO PAULA,N,2016,03
12305387000173,00003525182430,RODRIGO FERNANDES DE CARVALHO,N,2016,03
12305387000173,00004644650447,EDUARDO FERNANDES DE CARVALHO,N,2016,03
12305387000173,00005916884419,FELIPE FERNANDES DE CARVALHO,N,2016,03
12305387000173,00009166947391,EDUARDO TAVARES DE CARVALHO,N,2016,03
12305387000173,00067185517400,FERNANDA FERNANDES DE CARVALHO,N,2016,03
12305387000173,40811440000143,PRONTOMEDICA PRODUTOS HOSPITALARES LTDA,N,2016,03
12328933000191,00002907964402,LEONARDO ALEXANDRE DA ROCHA,N,2016,03
12328933000191,00045135290400,KATIA COELLY VIRISSIMO DO NASCIMENTO ROCHA,N,2016,03
12478128000144,00002277981478,ADIELLE ROCHA DANTAS,N,2016,03
12478128000144,00006145830476,DINARAH LIDIANNY PINHEIRO DE MEDEIROS,N,2016,03
12528765000188,00004743790433,IVANILSON DOS SANTOS VERAS,N,2016,03
12528765000188,00041403517487,MARIA JOSE DOS SANTOS VERAS,N,2016,03
12637492000100,00065499360472,OSORIO DANTAS DA ROCHA,N,2016,03
12637492000100,00070266111432,EMMANUELY FELIX OLIVEIRA ROCHA,N,2016,03
12639927000155,00000827617445,RICARDO VASCONCELOS DE CARVALHO,N,2016,03
12639927000155,00000827618417,THIAGO VASCONCELOS DE CARVALHO,N,2016,03
12648754000131,00020195737415,ANTONIO VIEIRA DA SILVA NETO,N,2016,03
12648754000131,00040580067491,ADELIA GURGEL VIEIRA,N,2016,03
12686128000130,00001559085452,GABRIELE MARIELY BEZERRA DE OLIVEIRA,N,2016,03
12686128000130,00072050551487,ANA CLEA BEZERRA DE MEDEIROS,N,2016,03
12689295000134,00000988298406,WELLBERSON FLOR DE OLIVEIRA,N,2016,03
12689295000134,00005788039410,HUDYSON FLOR DE OLIVEIRA,N,2016,03
12689295000134,00008567921449,JAIRO ARAUJO DE OLIVEIRA,N,2016,03
12689295000134,00089798856449,MAXWELL FLOR DE OLIVEIRA,N,2016,03
12689295000215,00000988298406,WELLBERSON FLOR DE OLIVEIRA,N,2016,03
12689295000215,00005788039410,HUDYSON FLOR DE OLIVEIRA,N,2016,03
12689295000215,00008567921449,JAIRO ARAUJO DE OLIVEIRA,N,2016,03
12689295000215,00089798856449,MAXWELL FLOR DE OLIVEIRA,N,2016,03
12689295000304,00000988298406,WELLBERSON FLOR DE OLIVEIRA,N,2016,03
12689295000304,00005788039410,HUDYSON FLOR DE OLIVEIRA,N,2016,03
12689295000304,00008567921449,JAIRO ARAUJO DE OLIVEIRA,N,2016,03
12689295000304,00089798856449,MAXWELL FLOR DE OLIVEIRA,N,2016,03
12689295000568,00000988298406,WELLBERSON FLOR DE OLIVEIRA,N,2016,03
12689295000568,00005788039410,HUDYSON FLOR DE OLIVEIRA,N,2016,03
12689295000568,00008567921449,JAIRO ARAUJO DE OLIVEIRA,N,2016,03
12689295000568,00089798856449,MAXWELL FLOR DE OLIVEIRA,N,2016,03
12704516000104,00008789080483,MARIANA PINHEIRO DE ARAUJO,N,2016,03
12704516000104,00076205800420,MERCIA CRISTINA FERNANDES PINHEIRO,N,2016,03
12741070000180,00066453410400,FRANCISCO GILBERTO DA SILVA,N,2016,03
12746673000255,00002053611456,MARCONI DE ALMEIDA COSTA JUNIOR,N,2016,03
12746673000255,00005631971453,MARCONI DE ALMEIDA ROSADO COSTA,N,2016,03
12746673000255,00067308996468,MARIA DE FATIMA ALVES DE OLIVEIRA COSTA,N,2016,03
12747440000196,00004107594491,LUIS PAIZINHO DANTAS,N,2016,03
12747440000196,00008627479453,DAMIANA APARECIDA DE AZEVEDO,N,2016,03
12756805000149,00001172383413,CARLOS FILIPE LUZ MOURA,N,2016,03
12756805000149,00008878331449,CARLOS ALBERTO MOURA,N,2016,03
12980520000197,00002668529476,CADJA PEREIRA DE MELO,N,2016,03
12980520000197,00034173005415,CASSIO PEREIRA DE MELO,N,2016,03
12980520000197,00067178456434,CLEBSON PEREIRA DE MELO,N,2016,03
12980520000197,00087684373404,CLEDJA PEREIRA DE MELO RASTELLI,N,2016,03
12980520000359,00002668529476,CADJA PEREIRA DE MELO,N,2016,03
12980520000359,00034173005415,CASSIO PEREIRA DE MELO,N,2016,03
12980520000359,00067178456434,CLEBSON PEREIRA DE MELO,N,2016,03
12980520000359,00087684373404,CLEDJA PEREIRA DE MELO RASTELLI,N,2016,03
12986154000183,00001229191496,GLAUBER DEMERVAL SALDANHA,N,2016,03
12986154000183,00091411432487,MAGNOLIA DA SILVA ROCHA ARAUJO,N,2016,03
13060597000101,00008214350433,SANDERSON CORTEZ DE QUEIROZ,N,2016,03
13060597000101,00027690172415,FRANCISCA LUCIMAR LIMA E SILVA,N,2016,03
13167850000120,00002398003469,FRANCISCO DERLANO DE LIMA PEREIRA,N,2016,03
13167850000120,00029481914836,ANTONIO LIMDENBERGUE GOMES DE ABREU,N,2016,03
13190056000106,00046049096449,VALDECI TEIXEIRA JALES,N,2016,03
13190056000106,00070154112453,EDILEUSA TEIXEIRA JALES,N,2016,03
13228559000115,00002659567492,VICTOR SIRUFFO DE CARVALHO,N,2016,03
13228559000115,00002744733482,SANZIA PATRICIA DE SOUZA SIRUFFO,N,2016,03
13259674000157,00011647263409,ERICK LORENZO NOLASCO SILVA,N,2016,03
13259674000157,00065339304434,FRANCISCO LUCIEUDES DA SILVA,N,2016,03
13259674000157,00086470566391,FRANCISCO JUCIVAN FERNANDES COSTA,N,2016,03
13369161000107,00001417328495,MIGUEL DE OLIVEIRA FREITAS NETO,N,2016,03
13369161000107,00005391517427,LUIZA BEATRIZ FREITAS ALVES,N,2016,03
13384932000127,00005195912408,JANAINA BATISTA DA SILVA,N,2016,03
13411340000157,00001166562476,JOAO MARCELO PEREIRA,N,2016,03
13411340000157,00002910977404,WALLACE WILSON PEREIRA,N,2016,03
13446587000109,00001414923414,DANIEL LINDBERGH CUNHA,N,2016,03
13446587000109,00004733139446,THOMAS ARAUJO DE MOURA,N,2016,03
13446587000109,00006797985447,RENAN LINDBERGH DA CUNHA,N,2016,03
13446587000109,00040639789404,DIOGENES FERNANDES DA CUNHA,N,2016,03
13662971000149,00004598161442,DIEGO STEFANIO DO COUTO,N,2016,03
13662971000149,08356048000149,PETROSOLUCTION FOMENTO MERCANTIL LTDA,N,2016,03
13735375000141,00019926944434,TEREZA NEUMA FERNANDES TORRES,N,2016,03
13735375000141,00046546600463,SEVERINO VIEIRA TORRES JUNIOR,N,2016,03
13815612000184,00004674320402,SUZY MARIA CARLOS COSTA,N,2016,03
13815612000184,00004674323410,JOANA EMANOELLY CARLOS COSTA,N,2016,03
13839092000140,00003204632490,MARTA MESSIAS DE MESQUITA,N,2016,03
13839092000140,00006988230440,MAXKSON MESSIAS DE MESQUITA,N,2016,03
13938876000125,00063402882434,MIGUEL SOARES DE MOURA,N,2016,03
13938876000125,00067306896415,ERONEIDE ZACARIAS DA COSTA,N,2016,03
14055588000195,00009659602421,ADJAMILTON SERVULO PESSOA DANTAS,N,2016,03
14405232000215,00000951621432,RENATO ALEXANDRE DE SOUSA,N,2016,03
14428827000105,00049827731491,ROMUALDO TORRES BEZERRA JUNIOR,N,2016,03
14428827000105,00079153348400,ERINEIDE ELAINE DA SILVA TORRES,N,2016,03
14436874000109,00005830449480,LUIS CLENILSON DE MEDEIROS FILHO,N,2016,03
14436874000109,00007597521413,LYSSANDRO LOPES DE ARAUJO MEDEIROS,N,2016,03
14436874000109,00024148547404,ELIZABETH LOPES DE ARAUJO,N,2016,03
14685357000165,00070023893435,LUANA THALYTA PINHEIRO DA SILVA,N,2016,03
14685357000165,00091581257449,TERESINHA CANDIDO MAXIMINO,N,2016,03
14785603000150,00007697244420,ARLINDO FARIA DA COSTA,N,2016,03
14785603000150,00081226799434,ARLINDO FARIA DA COSTA JÚNIOR,N,2016,03
14791272000161,00004867099490,WERYK FERNANDES DE OLIVEIRA,N,2016,03
14791272000161,00066387094453,MARIA CELIA FERNANDES,N,2016,03
15243774000110,00001190427460,FABIANE SOARES DE QUEIROZ,N,2016,03
15243774000110,00008252579485,MURILO KENNEDY RADEMAKER DE SOUSA SOARES,N,2016,03
15258710000193,00010185036414,ALINE PEREIRA DA SILVA ARAUJO,N,2016,03
15258710000193,00064244997334,CLEANTO DE ARAUJO FERREIRA,N,2016,03
15259954000190,00001814535411,KELVIN MATHEUS DOS SANTOS CUNHA,N,2016,03
15259954000190,00009143747450,CASSIANO JANUARIO DE SOUZA,N,2016,03
15305927000107,00003131595485,ABRAAO SOARES DE SOUZA,N,2016,03
15305927000107,00006917238422,LIERICA SOUSA DA SILVA,N,2016,03
15338329000134,00006338163455,DANIEL DE OLIVEIRA GALVAO,N,2016,03
15338329000134,00013054635449,FRANCISCO DAS CHAGAS GALVAO,N,2016,03
15866751000162,00000876596464,JOSEFA VERIDYANA REGO FONSECA DE CARVALHO,N,2016,03
15866751000162,00077955315472,LEONARDO NOGUEIRA DE CARVALHO,N,2016,03
16723530000106,00050333100468,HERACLITO MARIA SOARES JUNIOR,N,2016,03
16723530000106,00087832712449,SHEYLA MEIRE DA SILVA,N,2016,03
16737759000191,00006324712478,CIMARA CRISTIANE DOS SANTOS,N,2016,03
16737759000191,00007705029464,JARLEIDE SUELY MEDEIROS DA SILVA,N,2016,03
16783593000140,00035758643491,TERCIO CAMARA FLOR,N,2016,03
16783593000140,00050073940410,MARTA CUNHA DE PAIVA MARQUES FLOR,N,2016,03
16826043000160,00004470265420,ELIAS SIMÕES DE ARAÚJO,N,2016,03
16826043000160,00007496400491,MARISETE FERNANDES BEZERRA FONTES,N,2016,03
16870551000146,00001195622430,JOSE AUGUSTO ALVES,N,2016,03
16870551000146,00008892109421,WANESSA CRISTINA RODRIGUES DA SILVA,N,2016,03
16909633000157,00001404591460,ANDREIA LAYSE ADOLFO DA SILVA,N,2016,03
16909633000157,00054370302749,SEVERINO MANOEL ADOLFO,N,2016,03
16909633000157,22862359000100,ADOLFO & ADOLFO PARTICIPACOES LTDA,N,2016,03
17015938000188,00000783329407,ENOX DE PAIVA JUNIOR,N,2016,03
17015938000188,00033808619449,NEWTON LINS BARRETO,N,2016,03
17199619000170,00002978649470,RICARDO BRUNO SILVA DOS SANTOS,N,2016,03
17199619000170,00010614075432,FERNANDA PAULA MARQUES DA FONSECA,N,2016,03
17320267000169,00003501929870,OSMAR FELIPE DOS SANTOS,N,2016,03
17320267000169,00043973181829,ISABELLA CROISFELT SANTOS,N,2016,03
17514152000105,00005992322426,CLAUDIO HENRIQUE DA SILVA CARNEIRO,N,2016,03
17514152000105,00028916859468,JOSE CLAUDIONOR DA SILVA,N,2016,03
17570889000145,00005476066489,JOSE RADAMES FERNANDES MALHEIRO,N,2016,03
17570889000145,00045540829468,LUIZA PINHEIRO FERNANDES,N,2016,03
17602864000186,00000945851480,CELSO RODRIGO DA COSTA CRUZ,N,2016,03
17602864000186,00009268669315,MARIA IRENICE LOPES CALADO,N,2016,03
17602864000186,00076097200463,EDNA MACHADO DO REGO BARROS,N,2016,03
17640366000128,00006792523470,JACIARA DOS SANTOS GALVAO,N,2016,03
17640366000128,00008232460431,LUIS HENRIQUE SIQUEIRA DE ARAUJO LIMA,N,2016,03
18087566000168,00000917685431,IVIS LEVI DE AGUIAR SANTOS,N,2016,03
18087566000168,00070259286400,IVIS LEVI LOPES ARAUJO AGUIAR,N,2016,03
18141871000190,00000281117888,MARCELO GARCIA LEAL,N,2016,03
18141871000190,00002163002829,RICARDO GARCIA LEAL,N,2016,03
18141871000190,00002163006816,JOSE MILTON GARCIA LEAL FILHO,N,2016,03
18141871000190,00006263819839,GIAN SOARES DE SORDI,N,2016,03
18141871000190,00012692917855,ROBERTO GARCIA LEAL,N,2016,03
18141871000190,62046735000880,ITOGRASS AGRICOLA ALTA MOGIANA LTDA,N,2016,03
18738375000119,00041415680400,LIGIA REGINA CARLOS LIMEIRA,N,2016,03
18738375000119,00042272939449,JARBAS ANTONIO DA SILVA BEZERRA,N,2016,03
18738375000119,00047336099300,TANIA MARIA DE OLIVEIRA PATRICIO,N,2016,03
18779283000187,00070099941457,MARCOS DOMINGOS DA SILVA FILHO,N,2016,03
18779283000187,00070449493474,MARYLANDIA KEITIELE DOMINGOS DA SILVA,N,2016,03
18949348000195,00062690230410,JAILSON DANTAS QUEIROZ,N,2016,03
18949348000195,00075140152487,LENILSA MENDES DE ANDRADE,N,2016,03
19414509000290,00031604510463,GILENO CACHINA,N,2016,03
19414509000290,00059029218991,TULIO FERREIRA MARTINS,N,2016,03
19414509000290,00066874033972,JAIRTON TAVARES,N,2016,03
19448572000166,00022158677449,JOAO DE DEUS PINTO,N,2016,03
19448572000166,00059784393468,FRANCILENE DE OLIVEIRA PINTO,N,2016,03
19711375000198,00017006732468,FRANCISCO DE ASSIS AQUINO GONDIM,N,2016,03
19711375000198,00040596672420,MARIA DO SOCORRO MEDEIROS GONDIM,N,2016,03
19711375000198,21295740000172,GMB HOLDING BUSINESS LTDA,N,2016,03
19881198000198,00036905860468,ARISTOTELES DE VASCONCELOS NETO,N,2016,03
19881198000198,00065486552491,JOSE LIDERZIO FERREIRA DE VASCONCELOS JUNIOR,N,2016,03
19888422000173,00006223022484,MARIA LIDIANE LIMA DE OLIVEIRA,N,2016,03
19888422000173,00010569172454,ILNA DA SILVA LIMA BERNARDO,N,2016,03
20103659000180,00049827731491,ROMUALDO TORRES BEZERRA JUNIOR,N,2016,03
20256105000113,00002679918436,JOSE REGINALDO DANTAS,N,2016,03
20256105000113,00004487780411,ALEXANDRA C DANTAS,N,2016,03
20802223000180,00001788664400,MIGUEL ANGELO DE OLIVEIRA AMORIM,N,2016,03
20802223000180,00079154379415,PAULO EVERTON GURGEL DE AMORIM,N,2016,03
21219822000138,00008546407460,LUIS GUSTAVO OLIVEIRA NOGUEIRA,N,2016,03
21219822000138,00036927139400,JOSE CASCIMIRO DE FREITAS,N,2016,03
21255865000179,00020281919453,PAULO MANUEL DE MELO,N,2016,03
21286237000150,00002618033442,LYZANDRA MELLINNE PINHEIRO DOS SANTOS BEZERRA,N,2016,03
21286237000150,00063817071434,JOSE AURELIANO BEZERRA,N,2016,03
21725568000140,00004196367496,LIDIANE DE MEDEIROS EMERENCIANO,N,2016,03
21725568000140,00087482681434,MAIXIMILIANO FERNANDES DE OLIVEIRA,N,2016,03
21869689000165,00001085970400,MARIA RAQUEL MEDEIROS,N,2016,03
21869689000165,00087367033468,EDMILSON ALVES DA SILVA FILHO,N,2016,03
22216720000121,00006291315467,IGOR RIBEIRO JACOME,N,2016,03
22216720000121,00009522358460,ANA CLAUDIA RIBEIRO JACOME,N,2016,03
22216720000202,00006291315467,IGOR RIBEIRO JACOME,N,2016,03
22216720000202,00009522358460,ANA CLAUDIA RIBEIRO JACOME,N,2016,03
22308053000107,00005836157405,ADSON GONCALVES DA SILVA,N,2016,03
22308053000107,00065500253468,IRENE GONCALVES DA SILVA,N,2016,03
22762685000146,00000446438375,DAVI ARANHA PINHEIRO,N,2016,03
22762685000146,00001380821380,LETICIA CRISTINA COSTA CARVALHO PINHEIRO,N,2016,03
22902573000143,00009261024432,GILSON TORRES DOS SANTOS LIMA NETO,N,2016,03
22902573000143,00067300260497,JOAO DUARTE DOS SANTOS LIMA NETO,N,2016,03
23380493000138,00028924576453,JOSE XAVIER DE LIMA,N,2016,03
23380493000138,00050141600420,MARIA DAS DORES SILVA XAVIER,N,2016,03
23380493000138,00056645023472,JULIANA SILVA DE OLIVEIRA GUEDES,N,2016,03
23446094000122,00001162895462,SUNEY SOARES DE SOUZA,N,2016,03
23446094000122,00006119482490,LAIS PAULA DE MEDEIROS CAMPOS AZEVEDO,N,2016,03
24093916000363,00004544322405,GABRIEL MASAYOSHI GRANJA IKEDA,N,2016,03
24093916000363,00004544327474,GEORGE TOMIYOSHI DE MELO IKEDA,N,2016,03
24093916000363,00015276775400,YOSHIMASA IKEDA,N,2016,03
24093916000363,00069264082468,ELINE NOYA COUTINHO,N,2016,03
24204703000108,00046553665400,ANTONIO DE FREITAS NETO,N,2016,03
24204703000108,00055362060449,FRANCISCO OSIMAR FERREIRA CHAVES,N,2016,03
24206617000207,00004752797437,RODRIGO AUGUSTO DE OLIVEIRA,N,2016,03
24206617000207,00009437223491,MARCONDES AUGUSTO DE OLIVEIRA,N,2016,03
24206617000207,00021561605468,MARIA LUCIA DE OLIVEIRA FARIAS,N,2016,03
24206617001017,00004752797437,RODRIGO AUGUSTO DE OLIVEIRA,N,2016,03
24206617001017,00009437223491,MARCONDES AUGUSTO DE OLIVEIRA,N,2016,03
24206617001017,00021561605468,MARIA LUCIA DE OLIVEIRA FARIAS,N,2016,03
24206617001360,00004752797437,RODRIGO AUGUSTO DE OLIVEIRA,N,2016,03
24206617001360,00009437223491,MARCONDES AUGUSTO DE OLIVEIRA,N,2016,03
24206617001360,00021561605468,MARIA LUCIA DE OLIVEIRA FARIAS,N,2016,03
24206617001440,00004752797437,RODRIGO AUGUSTO DE OLIVEIRA,N,2016,03
24206617001440,00009437223491,MARCONDES AUGUSTO DE OLIVEIRA,N,2016,03
24206617001440,00021561605468,MARIA LUCIA DE OLIVEIRA FARIAS,N,2016,03
24206617001874,00004752797437,RODRIGO AUGUSTO DE OLIVEIRA,N,2016,03
24206617001874,00009437223491,MARCONDES AUGUSTO DE OLIVEIRA,N,2016,03
24206617001874,00021561605468,MARIA LUCIA DE OLIVEIRA FARIAS,N,2016,03
24206617002846,00004752797437,RODRIGO AUGUSTO DE OLIVEIRA,N,2016,03
24206617002846,00009437223491,MARCONDES AUGUSTO DE OLIVEIRA,N,2016,03
24206617002846,00021561605468,MARIA LUCIA DE OLIVEIRA FARIAS,N,2016,03
24206815000190,00001313806480,JOAQUIM AUGUSTO MAIA DA COSTA,N,2016,03
24206815000190,00018214070406,AGAMENON DA COSTA MELO,N,2016,03
24363368000182,00006714536453,LUZARDO SOARES FLOR,N,2016,03
24363368000182,00085234214400,VANIA DE OLIVEIRA FLOR,N,2016,03
24373896000112,00002202256482,JEFERSON DA SILVA SOUZA,N,2016,03
24373896000112,00002202935460,JOSE DE ARIMATEIA DE SOUZA JUNIOR,N,2016,03
24373896000112,00043021026400,ANA LUCIA SILVA GARCIA DE OLIVEIRA,N,2016,03
24380578002556,00007196755707,GUSTAVO AGUIAR DA COSTA,N,2016,03
24380578002556,00055001033772,SERGIO BREYER FILHO,N,2016,03
24380578002556,00074024060759,GILNEY PENNA BASTOS,N,2016,03
24380578002556,00099752441734,CARLOS ALBERTO HEITOR DE PAIVA,N,2016,03
24380578002556,05359709000100,PRAXAIR DO BRASIL LTDA,N,2016,03
24380578002556,35820448000136,WHITE MARTINS GASES INDUSTRIAS LTDA,N,2016,03
24515793000140,00000745930484,FRANCISCA HERCINA LEITE,N,2016,03
24515793000140,00002008262472,JOSE RIBAMAR LEITE,N,2016,03
24520892000110,00009610111491,JOSE CARLOS SILVINO,N,2016,03
24520892000110,00089293738449,FABIO RANIERE SILVA,N,2016,03
24521361000141,00001410673499,RAISSA DE HOLANDA MELO,N,2016,03
24521361000141,00005337088424,CIRO DE HOLANDA MELO,N,2016,03
24521361000141,00009822429487,PEDRO TERCEIRO DE MELO,N,2016,03
24523276000112,00012591270449,FABIO TORRES DE OLIVEIRA,N,2016,03
24523276000112,00024142930478,FRANCISCO TORRES FILHO,N,2016,03
24523276000112,00051257173472,FLADJA DE MEDEIROS MOURA TORRES,N,2016,03
24523276000465,00012591270449,FABIO TORRES DE OLIVEIRA,N,2016,03
24523276000465,00024142930478,FRANCISCO TORRES FILHO,N,2016,03
24523276000465,00051257173472,FLADJA DE MEDEIROS MOURA TORRES,N,2016,03
24592636000138,00002964282480,FABIO AUGUSTO NASCIMENTO FERNANDES DE QUEIROZ,N,2016,03
24592636000138,00004748697415,EDIVALDO FERNANDES DE QUEIROZ,N,2016,03
24592636000138,00080671713434,MARLUCE MARIA DO NASCIMNENTO  FERNANDES DE QUEIROZ,N,2016,03
29067113030931,00002484020724,JOAO CARLOS GONCALVES PADILHA,N,2016,03
29067113030931,00028180470563,HUMBERTO JORGE COELHO DE GOUVEA,N,2016,03
29067113030931,00028290275749,RONALDO MOREIRA VIEIRA,N,2016,03
29067113030931,00032386060420,FABIO DE ALENCAR RODRIGUES,N,2016,03
29067113030931,00051926555520,JOSE ANTERO DOS SANTOS,N,2016,03
29067113030931,00068741073568,JOSE ANTONIO DE SANTANA JUNIOR,N,2016,03
29067113030931,11303148000111,RVM EMPREENDIMENTOS LTDA,N,2016,03
29067113030931,12147422000173,GREEN MIX I EMPREENDIMENTOS S.A.,N,2016,03
35284991000247,00059774800400,JOSE VASCONCELOS DA ROCHA JUNIOR,N,2016,03
35284991000247,00090402693434,ANA EMILIA TRIGUEIRO CAVALCANTI DA ROCHA,N,2016,03
35285972000154,00002025310404,FRANCISCO FERNANDES DE MELO,N,2016,03
35285972000154,00059782730491,MARIA ELIANE PONTES FERNANDES,N,2016,03
35291038000145,00036982113434,WERNECK LIMA DE CARVALHO,N,2016,03
35291038000145,27017729000127,TC PARTICIPACOES LTDA,N,2016,03
35291038000145,27037834000128,WC PARTICIPACOES LTDA,N,2016,03
35291038000145,27850574000105,WT HOLDING PARTICIPACOES LTDA,N,2016,03
35292515000197,00002343755400,TASLA CAPISTRANO GONZAGA MENDES,N,2016,03
35292515000197,00003603888413,THAISA CAPISTRANO GONZAGA DE ANDRADE,N,2016,03
35292515000197,00004396499434,ANTONIO GONZAGA CHIMBINHO,N,2016,03
35292515000197,00085215473404,JANDIRA CAPISTRANO GONZAGA,N,2016,03
35292515000197,00085215570434,THIAGO CAPISTRANO GONZAGA,N,2016,03
35292515000197,24743960000100,INDEPENDENCIA PARTICIPACOES SOCIETARIAS LTDA,N,2016,03
35298330000190,00001398249440,ARTHUR ALECRIM FERREIRA,N,2016,03
35298330000190,00005682220404,CLARISSA ALECRIM FERREIRA,N,2016,03
35298330000190,00007256627432,RAISSA ALECRIM FERREIRA,N,2016,03
35298330000190,00013066889491,CIRO DA FONSECA FERREIRA,N,2016,03
35298330000190,00035806303420,EDNA DE FATIMA ALECRIM FERREIRA,N,2016,03
35298827000370,00015065391491,DORIAN BEZERRA DE SOUZA MORAIS,N,2016,03
35298827000370,00059586699404,DORIVAL BEZERRA DE SOUZA MORAIS,N,2016,03
35304542000132,00000734893442,HELENA CIRNE LEITE,N,2016,03
35304542000132,00008596476415,MARIA NEIDE PEREIRA CIRNE,N,2016,03
35304542000132,00022198822415,HENRIQUE LUIZ DA COSTA CIRNE,N,2016,03
35304542000132,00036566772472,GEORGE DA COSTA CIRNE,N,2016,03
35304542000132,00067177840400,LUIZ DA COSTA CIRNE JUNIOR,N,2016,03
35304542000132,00072111895415,HELOISA DA COSTA CIRNE FELINTO,N,2016,03
35304542000485,00000734893442,HELENA CIRNE LEITE,N,2016,03
35304542000485,00008596476415,MARIA NEIDE PEREIRA CIRNE,N,2016,03
35304542000485,00022198822415,HENRIQUE LUIZ DA COSTA CIRNE,N,2016,03
35304542000485,00036566772472,GEORGE DA COSTA CIRNE,N,2016,03
35304542000485,00067177840400,LUIZ DA COSTA CIRNE JUNIOR,N,2016,03
35304542000485,00072111895415,HELOISA DA COSTA CIRNE FELINTO,N,2016,03
35304542001104,00000734893442,HELENA CIRNE LEITE,N,2016,03
35304542001104,00008596476415,MARIA NEIDE PEREIRA CIRNE,N,2016,03
35304542001104,00022198822415,HENRIQUE LUIZ DA COSTA CIRNE,N,2016,03
35304542001104,00036566772472,GEORGE DA COSTA CIRNE,N,2016,03
35304542001104,00067177840400,LUIZ DA COSTA CIRNE JUNIOR,N,2016,03
35304542001104,00072111895415,HELOISA DA COSTA CIRNE FELINTO,N,2016,03
35304898000176,00001375757423,FELIPE ABNER RODRIGUES DE SOUZA,N,2016,03
35304898000176,00008541673405,DANIEL VICTOR DE SOUZA,N,2016,03
35428978000133,00007686730468,ISMAR LOPES DE QUEIROZ,N,2016,03
35503721000360,00013640518420,OSVALDO RUI DIAS MARTINS,N,2016,03
35503721000360,00030276942434,MARIA FIRMINO DIAS MARTINS,N,2016,03
35648757000170,00002766596437,MARIA JUCINEIDE GUIMARAES,N,2016,03
35648757000170,00041466799404,IGEILDO GUIMARAES,N,2016,03
35649219000281,00000900478420,FRANCISCO ODON DE MACEDO FILHO,N,2016,03
35649219000281,00039355608420,ANGELO JOSE MEDEIROS DE MACEDO,N,2016,03
35649219000796,00000900478420,FRANCISCO ODON DE MACEDO FILHO,N,2016,03
35649219000796,00039355608420,ANGELO JOSE MEDEIROS DE MACEDO,N,2016,03
35649748000102,00003933938449,FRANCISCO PEIXOTO DE QUEIROZ,N,2016,03
35649748000102,00085156094449,ROMULO CESAR PINHEIRO DE QUEIROZ,N,2016,03
35654425000107,00058769420491,JOSE HAIRTON SOARES FERREIRA,N,2016,03
35654425000107,00072117613420,MARCOS SERGIO SOARES FERREIRA,N,2016,03
35662667000134,00008539956489,ARTHUR HENRIQUE COSTA LIMA,N,2016,03
35662667000134,00042939208468,MANOEL EDIVALDO DE LIMA,N,2016,03
40757908000169,00003573255400,BRUNA MARIA GUERRA DE FARIAS CAMARA,N,2016,03
40757908000169,00017469422404,EDUARDO JOSE DE FARIAS,N,2016,03
40757908000169,00369925000104,AUTOESTE AUTOMOVEIS LTDA,N,2016,03
40757908000169,08949194000188,LEGACY VEICULOS LTDA,N,2016,03
40760209000178,00001252554460,ERIVAN MYLLER MAFRA MEDEIROS,N,2016,03
40760209000178,00031700071491,JOSE ERIVAN DE MEDEIROS,N,2016,03
40761843000125,00031589120400,IVANALDO SEVERINO MALHEIRO,N,2016,03
40761843000125,00045540829468,LUIZA PINHEIRO FERNANDES,N,2016,03
40762320000101,00015652670444,JAILSON SILVA DE MACEDO,N,2016,03
40762320000101,00043375456468,IVOLEDA SOARES DE MACEDO,N,2016,03
40769416000193,00052541533420,HUMBERTO CANTALICE DE ARAUJO,N,2016,03
40769416000193,00078519675468,LUCIANA NOBREGA DE ANDRADE CANTALICE,N,2016,03
40771560000164,00012993980491,JOÃO EDUARDO PINHEIRO LOPES,N,2016,03
40771560000164,00065508696415,IVANETE JUSTINO DE MORAIS PINHEIRO LOPES,N,2016,03
40774374000189,00004884662458,CLARA MARIANA MEDEIROS FERNANDES BESSA,N,2016,03
40774374000189,00089799844487,THIAGO HENRIQUE MEDEIROS FERNANDES,N,2016,03
40777690000295,00006532866431,JEFFSON GALVAO RODRIGUES,N,2016,03
40777690000295,00029738628415,ZULEIDE GOMES GALVAO,N,2016,03
40778342000151,00002394607408,CARLOS EDUARDO PESSOA BARRETO,N,2016,03
40778342000151,00003373053404,CLOVIS DE FREITAS BARRETO,N,2016,03
40778342000151,00062677144468,LEONILDA PESSOA BARRETO,N,2016,03
40778342000151,00077854985472,CLOVIS EUGENIO PESSOA BARRETO,N,2016,03
40782468000108,00002740840403,ANDRE LUIZ JOSE GALVAO MATIAS,N,2016,03
40782468000108,00017209595449,FRANCISCO MATIAS,N,2016,03
40787152000109,00010593969472,VICENTE DE PAULO AVELINO SOBRINHO,N,2016,03
40787152000109,00010764135449,ELSAMAR BATISTA BARBOSA AVELINO,N,2016,03
40787152000109,00013084780463,MARIA DAS GRACAS DOS SANTOS AVELINO,N,2016,03
40792210000184,00015039803400,PEDRO JEREMIAS FERNANDES NETO,N,2016,03
40792210000184,00015051978487,MARIA LOURDETE DA SILVEIRA FERNANDES,N,2016,03
40796146000371,00006291315467,IGOR RIBEIRO JACOME,N,2016,03
40796146000371,00009522358460,ANA CLAUDIA RIBEIRO JACOME,N,2016,03
40802365000154,00000353221449,JOSE FRANCISCO DA SILVA,N,2016,03
40802365000154,00048990353491,AXEL RAVIGNAN MARTINS DA SILVA,N,2016,03
40803645000187,00001613820453,ALDO CLEMENTE DE ARAUJO,N,2016,03
40803645000187,00010607285400,ZILMA FERNANDES DE ARAUJO,N,2016,03
40986937000100,00023095091400,FRANCISCO DE ASSIS OLIVEIRA,N,2016,03
40996472000160,00007966434400,JOAO ANTONIO MOREIRA SILVA,N,2016,03
40996472000160,00015077128472,MARIA DAS GRACAS PESSOA DA COSTA,N,2016,03
44021095000103,00001079302425,TEMISTOCLIS CEZAR XAVIER,N,2016,03
44021095000103,00002200710801,ROMILDO GONCALVES DA SILVA,N,2016,03
47427653004706,00015253488847,MARCOS IGNACIO AMBROSANO,N,2016,03
47427653004706,00023540164847,TITUS PAULUS CUNNEN,N,2016,03
47427653004706,00023902823852,ARNOUD JAN VAN WINGERDE,N,2016,03
60619202001209,00026175606434,DAMIAO TEOFILO DE SOUZA,N,2016,03
70024955000164,00000856798444,ISABELLE VELUCIA DIAS DE ARAUJO,N,2016,03
70024955000164,00031197884491,ARY TOMAZ DE ARAUJO FILHO,N,2016,03
70026240000140,00040620735449,ANA BEATRIZ DE CARVALHO WANDERLEY,N,2016,03
70026240000140,00046618945453,FLAVIO CARVALHO DANTAS WANDERLEY,N,2016,03
70027479000135,00001224548477,DIEGO DE PAIVA PESSOA,N,2016,03
70027479000135,00005705753462,DENNIS DE PAIVA PESSOA,N,2016,03
70030416000138,00043023630453,JOSE GILMARIO DE CARVALHO,N,2016,03
70030416000138,00048950572400,WILSON LEITE DUARTE JUNIOR,N,2016,03
70030416000138,00076242676400,JOSE SOARES DE SOUSA FILHO,N,2016,03
70038880000170,00027266451434,WELLINGTON RODRIGUES FERNANDES,N,2016,03
70038880000170,00046506209453,WINSTON RODRIGUES FERNANDES,N,2016,03
70041397000145,00006123256440,HEITOR LEONI FERNANDES DE ARAÚJO,N,2016,03
70041397000145,00052345637404,HELDER DE MEDEIROS ARAUJO,N,2016,03
70042429000399,00004410394487,EXPEDITO IVO BATISTA,N,2016,03
70042429000399,00009606998487,MARIA LEIDE DIAS DA COSTA BATISTA,N,2016,03
70042429002170,00004410394487,EXPEDITO IVO BATISTA,N,2016,03
70042429002170,00009606998487,MARIA LEIDE DIAS DA COSTA BATISTA,N,2016,03
70046685000192,00015531520425,MARIA CILENE DE ALMEIDA,N,2016,03
70046685000192,00023089776472,CASCIMIRO FRANCISCO NETO,N,2016,03
70047188000109,00020114885400,ADIVIO FERNANDES DA SILVA,N,2016,03
70047188000109,00024147257453,SELMA BATISTA DE ARAUJO E SILVA,N,2016,03
70050711000156,00059785985415,FRANCISCO GENILSON DA SILVA,N,2016,03
70050711000156,00091340896400,HILDEGARDES DE SENA SARMENTO,N,2016,03
70051305000299,00009774354400,ADRIANO CESAR DE OLIVEIRA PINHEIRO FILHO,N,2016,03
70051305000299,00072261544472,ADRIANO CESAR DE OLIVEIRA PINHEIRO,N,2016,03
70051305000531,00009774354400,ADRIANO CESAR DE OLIVEIRA PINHEIRO FILHO,N,2016,03
70051305000531,00072261544472,ADRIANO CESAR DE OLIVEIRA PINHEIRO,N,2016,03
70141908000109,00065524128434,JOSE LAERCIO DA CUNHA,N,2016,03
70141908000109,00070368376400,MANOEL LAUDIMI DA CUNHA,N,2016,03
70147152000105,00020004168453,LUCIA DE FATIMA CHAVES DA COSTA ROSADO MAIA,N,2016,03
70147152000105,00023031859472,PORCINO FERNANDES DA COSTA JUNIOR,N,2016,03
70147152000105,00040574784420,FABIO ALCINDO CHAVES DA COSTA,N,2016,03
70147152000105,00042338921453,JERONIMO SERGIO ROSADO MAIA FILHO,N,2016,03
70147822000185,00010335217443,GABRIELLE ALESSANDRA MACIEL SILVA,N,2016,03
70147822000185,00037887580404,JOSE MARINALDO DA SILVA,N,2016,03
70162680000125,00049828991420,PEDRO FAUSTO,N,2016,03
70163043000173,00056531257415,FRANCISCA LIDEMANIA DE SA ARAGAO FIGUEIREDO,N,2016,03
70163043000173,00066380260463,GALDIR FIGUEIREDO DE SA,N,2016,03
70164710000132,00045052590482,SEVERINO RAMOS DE VASCONCELOS FILHO,N,2016,03
70164710000132,00067004032434,SANDRA VALERIA BARBOSA DE VASCONCELOS,N,2016,03
70166350000108,00030697832449,EDUARDO DE OLIVEIRA CARLOS DA SILVA,N,2016,03
70166350000108,00039012786487,RICARDO DE OLIVEIRA CARLOS DA SILVA,N,2016,03
70166350000108,00083990895400,ELIANE DE OLIVEIRA CARLOS DA SILVA FREIRE,N,2016,03
70166350000299,00030697832449,EDUARDO DE OLIVEIRA CARLOS DA SILVA,N,2016,03
70166350000299,00039012786487,RICARDO DE OLIVEIRA CARLOS DA SILVA,N,2016,03
70166350000299,00083990895400,ELIANE DE OLIVEIRA CARLOS DA SILVA FREIRE,N,2016,03
70310479000148,00002333739428,CASSIUS ANDREY LADISLAU DA SILVA,N,2016,03
70310479000148,00004668914401,PAULO LEONARDO LADISLAU DA SILVA,N,2016,03
70310479000148,00005603544449,JOSE LADISLAU DA SILVA,N,2016,03
70320528000123,00026950413300,UBIRAJARA CARDOSO MIRANDA,N,2016,03
70320528000123,00093810300497,MARIJARA CUNHA MOURA MIRANDA,N,2016,03
70321492000100,00090365810444,FRANCISCO ANTONIO DE OLIVEIRA,N,2016,03
79719613000133,00014777614468,GUIMAR ALVES DA SILVA,N,2016,03
93209765043274,00005920548886,CLEBER EUGENIO VOELZKE,N,2016,03
93209765043274,00006977619830,FLAVIO FIGUEIRA COTINI,N,2016,03
93209765043274,00010500482888,ALEXANDRE MARQUES ESPER,N,2016,03
93209765043274,00013362357806,LIVIA CRISTINA DE AZEVEDO MOTTA E SILVA,N,2016,03
93209765043274,00023557327876,BERNARDO JORGE GARCIA PERLOIRO,N,2016,03
93209765043274,00045652074000,DANIEL GROSS GARCIA,N,2016,03
93209765043274,18646277000151,"BRAZIL SEGUNDO, LLC",N,2016,03
93209765043274,30621687000143,BOMPRECO DO BRASIL PARTICIPACOES S.A.,N,2016,03
97543205000155,00007626708431,IDAYANE ARAUJO CASSIANO,N,2016,03
97543205000155,00007626787471,ALDEMIR LOPES GALVAO JUNIOR,N,2016,03
