socio_cnpj_cpf_emitente,socio_cpf_socio_emitente,socio_nome_socio,socio_eh_adm,ano_nota,mes_nota
00593058000196,00009637486453,IVANILDO PEREIRA DE AZEVEDO,N,2017,10
00593058000196,00079114288400,MARIA LIDIA DE SOUZA PEREIRA,N,2017,10
00622097000174,00048130192420,JORGE GODEIRO MASSUD,N,2017,10
00694783000150,00040570118468,OSMARISE DE SOUZA LIRA,N,2017,10
00713399000158,00046539255420,ALDENOR WELLINGTON N DOS SANTOS,N,2017,10
00800611000114,00000064730409,KLEYBER TINOCO DE ANDRADE,N,2017,10
00800611000114,00023125080444,WAGNER TINOCO DE ANDRADE,N,2017,10
00870515000223,00002006111434,MORVANILDO DOS SANTOS MEDEIROS,N,2017,10
00870515000223,00052960048415,MARIA DE FATIMA DE AZEVEDO MEDEIROS DE ARAUJO,N,2017,10
00891024000188,00002280474476,FRANCISCA DAS CHAGAS NOBREGA DE ANDRADE,N,2017,10
00891024000188,00078519136400,JOSE ANTONIO NETO,N,2017,10
01122617000142,00001986953491,MANOEL FELICIANO MAIA DE SOUZA,N,2017,10
01122617000142,00067145752468,ROBERTO SHELMAN DE SOUZA,N,2017,10
01122617000142,00070220735468,RICARDO SHELMAN DE SOUZA,N,2017,10
01122617000142,00091405017449,MARILIA SHELMAN DE SOUZA,N,2017,10
01170738000160,00000745930484,FRANCISCA HERCINA LEITE,N,2017,10
01170738000160,00002008262472,JOSE RIBAMAR LEITE,N,2017,10
01184984000170,00020204078415,MARIA OLIVEIRA DE MEDEIROS,N,2017,10
01184984000170,00049011570430,JOAO BATISTA,N,2017,10
01274126000117,00053029968715,TERESA CRISTINA RODRIGUES ALVES,N,2017,10
01274126000117,00066999421749,ANTONIO MARCOS RODRIGUES ALVES,N,2017,10
01299396000182,00001532218443,FRANCISCO HUGO AIRES NUNES,N,2017,10
01299396000182,00010865250430,FRANCISCO DAS CHAGAS NUNES,N,2017,10
01611859000280,00062630202453,POLIANA MARA DE GOES CUNHA FERNANDES,N,2017,10
01611859000280,00072217740482,ROBINSON MARIUS DE GOES CUNHA,N,2017,10
01653918000100,00020039514404,JOAQUIM FERNANDES NETO,N,2017,10
01653918000100,00042255627434,ANA MARCIA SANTOS DE SOUZA FERNANDES,N,2017,10
01663156000115,00002154512445,VERUSKA LORY GOIS OLIVEIRA DE ARAUJO,N,2017,10
01714488000181,00000473731487,JESUINO DE AZEVEDO FILHO,N,2017,10
01714488000181,00006898092391,ZENILTON DA COSTA DANTAS,N,2017,10
01714488000181,00052563952891,YOLITA DANTAS BATISTA,N,2017,10
01911115000109,00053086082453,ELIAS MACEDO DE MEDEIROS,N,2017,10
02037818000104,00003983282423,SABRINA NOGUEIRA CABRAL,N,2017,10
02037818000104,00091574579487,IVANILDO NERES DA SILVA,N,2017,10
02070623000166,00002240716452,NARY SEMONE DE FREITAS,N,2017,10
02070623000166,00070291187404,EDILENE FERREIRA DE AQUINO FREITAS,N,2017,10
02171385000185,00032257139453,FRANCISCO BORGES DE ANDRADE,N,2017,10
02171385000185,00042335000420,BERNADETE TEIXEIRA DE LIRA ANDRADE,N,2017,10
02367946000116,00027799085487,LUCIANO RODRIGUES LUZ,N,2017,10
02367946000116,00035102640704,MARCELO RODRIGUES LUZ,N,2017,10
02374149000166,00006126754409,RITA DE KARCIA DOS SANTOS VALE,N,2017,10
02374149000166,00053817796404,SOSTENES DE OLIVEIRA VALE,N,2017,10
02440676000121,00009640797472,RITA DE CASSIA DO NASCIMENTO BARBOSA,N,2017,10
02440676000121,00019923902404,ANTONIO FELIX BARBOSA FILHO,N,2017,10
02519646000105,00059622717420,CESAR HENRIQUE COUTINHO DE MEDEIROS,N,2017,10
02519646000105,00085086070406,RACHEL DUARTE AZEVEDO DE MEDEIROS,N,2017,10
02620622000148,00004510385412,ARMISTRONG GLEIDSON DE MEDEIROS VALE,N,2017,10
02620622000148,00015594637400,VALDIR VALE DE ARAUJO,N,2017,10
02625717000154,00000953871452,VITOR NOBREGA DE PAIVA ALVES,N,2017,10
02625717000154,00006377486464,ARMANDO BEZERRA NOBREGA DE PAIVA,N,2017,10
02625717000154,00020035152400,ARMANDO NOBREGA DE PAIVA,N,2017,10
02625717000154,00059560819453,MARIA ISIS NOBREGA DE PAIVA,N,2017,10
02727729000190,00063883600415,ANAIRES PAIVA DA SILVA BEZERRA,N,2017,10
02795690000148,00002837251410,MARIA GORETE PEREIRA DA COSTA VASCO,N,2017,10
02795690000148,00079087809468,BENTO DE LIMA VASCO,N,2017,10
02800122000198,00000742176401,ISABEL FERNANDES DE ARAUJO,N,2017,10
02800122000198,00001988867487,JOSE BEZERRA DE ARAUJO,N,2017,10
02842814000107,00003450130420,ROSEANA DE FREITAS RAMOS,N,2017,10
02842814000107,00005743249415,MARIA LECIMAR DE FREITAS RAMOS,N,2017,10
02867473000116,00000752466437,JOANITA TEIXEIRA DE LIRA POTIGUAR,N,2017,10
02867473000116,00035818018415,SEVERINO MOACIR DANTAS POTIGUAR JUNIOR,N,2017,10
02867473000116,00042951429487,JOACIR LIRA POTIGUAR,N,2017,10
02874640000156,00082933090406,FRANCISCA FRASSINETE D G SANTOS,N,2017,10
03034090000120,00033662185415,GILMAR DOS SANTOS ARAUJO,N,2017,10
03034090000120,00085285978491,VERA LUCIA DE SOUZA,N,2017,10
03152420000181,00066387140404,ANTONIO GENIVAN DE OLIVEIRA,N,2017,10
03152420000181,00066387612420,FRANCISCO GEILSON DE OLIVEIRA,N,2017,10
03271641000179,00000762675470,KLEIBER FLAVIO SILVA COSTA,N,2017,10
03271641000179,00000762676442,KLEYTON FABIO SILVA COSTA,N,2017,10
03271641000179,00010697616487,JOSAFA ARAUJO DA COSTA,N,2017,10
03338081000122,00007426993400,IGOR DE SA LEITAO PINHEIRO DE GOUVEIA,N,2017,10
03338081000122,00019973330404,ZARA DE SA LEITAO PINHEIRO DE GOUVEIA,N,2017,10
03462662000171,00002647008485,EMIKSON FABIO HENRIQUE BARRETO,N,2017,10
03462662000171,00010669086487,MARIA GORETH HENRIQUE GODEIRO BARRETO,N,2017,10
03462662000171,00020063709449,JOSE NILSON BARRETO,N,2017,10
03468606000144,00056510365120,FRANCISCO DE ASSIS BEZERRA DE LI,N,2017,10
03524050000166,00001359321497,MARILIA MEDEIROS DE MENDONCA BEZERRA,N,2017,10
03524050000166,00008858110463,LUZIA FRANCISCA MEDEIROS DE MENDONCA,N,2017,10
03592402000110,00007627302420,DJISSONAH SHIN DE SOUZA,N,2017,10
03592402000110,00031637108400,EUGENIO LIMA DE SOUZA,N,2017,10
03592402000110,00052275914404,CATARINA SHIN LIMA DE SOUZA,N,2017,10
03633939000181,00011104469421,BARBARA ELLEN AGUIAR DE ALMEIDA,N,2017,10
03633939000181,00032375352491,EDNALDO RODRIGUES DE ALMEIDA,N,2017,10
03653650000124,00003094997473,JOSE CARLOS DA SILVA PEREIRA,N,2017,10
03756642000103,00002697710426,ALMAQUIO SOARES NETO,N,2017,10
03756642000103,00070077892429,ARTHUR TORQUATO FERNANDES SOARES,N,2017,10
03781031000115,00000871799464,ANDREZA ALVES DE OLIVEIRA CRUZ,N,2017,10
03781031000115,00005501697416,JOAO MANOEL DE OLIVEIRA NETO,N,2017,10
03781031000115,00009356397481,LUIS PAULO DE OLIVEIRA FERREIRA,N,2017,10
03954830000308,00014375362472,IVO NILSON LOPES DE MEDEIROS,N,2017,10
03954830000308,00020084234415,MARIA DO SOCORRO COSTA DE MEDEIROS,N,2017,10
03954830000499,00014375362472,IVO NILSON LOPES DE MEDEIROS,N,2017,10
03954830000499,00020084234415,MARIA DO SOCORRO COSTA DE MEDEIROS,N,2017,10
03954830000731,00014375362472,IVO NILSON LOPES DE MEDEIROS,N,2017,10
03954830000731,00020084234415,MARIA DO SOCORRO COSTA DE MEDEIROS,N,2017,10
03954830002432,00014375362472,IVO NILSON LOPES DE MEDEIROS,N,2017,10
03954830002432,00020084234415,MARIA DO SOCORRO COSTA DE MEDEIROS,N,2017,10
04090399000108,00000822889412,MARILENE ALVES DO NASCIMENTO,N,2017,10
04090399000108,00007510326460,JOSIANE PEREIRA DO NASCIMENTO,N,2017,10
04214134000166,00009365092442,TIAGO FERREIRA MIRANDA,N,2017,10
04214134000166,00046635041400,RONALD GARIBALDI MIRANDA,N,2017,10
04259140000130,00010799001449,IAPONIRA PEDROZA DAMASIO,N,2017,10
04259140000130,00079719120487,SIMONE DE ARAUJO CIRILO MEDEIROS,N,2017,10
04385537000178,00037819402415,MARIA APARECIDA DE SOUSA OLIVEIRA,N,2017,10
04385537000178,00079136311472,GERHARD MULLER CARLOS TOMAS,N,2017,10
04385909000166,00048138002468,ALEXANDRE TORRES BARBALHO,N,2017,10
04385909000166,00091534690468,LENILDE TORRES GALVAO BARBALHO,N,2017,10
04427491000102,00005684170463,ANTONIO DE LISBOA ALVES DE QUEIROZ,N,2017,10
04427491000102,00008858608453,MARIA DARIA GRANJEIRO DE QUEIROZ,N,2017,10
04451626000175,00018232450487,CLETO FERREIRA,N,2017,10
04451626000175,00041327330415,ANA MARIA PINHEIRO FERREIRA,N,2017,10
04457498000177,00087790769472,LADGERDE LOPES FERNANDES,N,2017,10
04471402000125,00000938449486,WAGNER MENDONCA EBARA,N,2017,10
04471402000125,00011995670944,PEDRO TAKUO EBARA,N,2017,10
04471402000125,00092606008553,EVERTON MENDONCA EBARA,N,2017,10
04471402000125,00092689248549,GILDO MENDONCA EBARA,N,2017,10
04508969000129,00010856790478,TULIO DE OLIVEIRA GOMES,N,2017,10
04531696000133,00001344932495,JOSUE BALBINO COSTA JUNIOR,N,2017,10
04531696000133,00026185431491,JOSUE BALBINO COSTA,N,2017,10
04652899000188,00059774800400,JOSE VASCONCELOS DA ROCHA JUNIOR,N,2017,10
04652899000188,00090402693434,ANA EMILIA TRIGUEIRO CAVALCANTI DA ROCHA,N,2017,10
04661568000104,00000989432432,MAISON WANDORTHE DE FONTES REGO,N,2017,10
04661568000104,00001333014430,CHARLES DEAN DE FONTES REGO,N,2017,10
04661568000104,00002467961460,NORAYDE JANAINA DE FONTES REGO BARRETO,N,2017,10
04661568000104,00010726225487,FRANCISCO XAVIER DO REGO,N,2017,10
04663363000168,00001259370402,IANARA MILENA BEZERRA DE MENDONCA,N,2017,10
04663363000168,00003078466442,FARES TARSO DA SILVA VIEIRA,N,2017,10
04679119000193,00000848782402,SANDRA REJANE DA SILVA MOURA,N,2017,10
04679119000193,00042132797404,RENILSON NERY DE MOURA,N,2017,10
04701515000170,00002343755400,TASLA CAPISTRANO GONZAGA MENDES,N,2017,10
04701515000170,00003603888413,THAISA CAPISTRANO GONZAGA DE ANDRADE,N,2017,10
04701515000170,00029773300463,MARIA ILZA DA CONCEICAO CAPISTRANO,N,2017,10
04701515000170,00085215473404,JANDIRA CAPISTRANO GONZAGA,N,2017,10
04701515000170,00085215570434,THIAGO CAPISTRANO GONZAGA,N,2017,10
04702107000132,00008896011434,MILSON LIMA DA SILVA,N,2017,10
04731614000102,00056549407400,RENATO MELO TRIGUEIRO,N,2017,10
04731614000102,00065529472400,FLAVIO VARELA DE CARVALHO,N,2017,10
04770238000157,00000871330407,RODRIGO QUEIROZ CANDIDO,N,2017,10
04770238000157,00007631367434,AGNELO CANDIDO DO NASCIMENTO,N,2017,10
04770238000157,00017613523420,ALBERTO PEREIRA NASCIMENTO,N,2017,10
04770238000157,00039014584415,MARIA DE LOURDES PEREIRA NASCIMENTO,N,2017,10
04770238000157,12613006000113,TRANSNACIONAL TRANSPORTE NACIONAL DE PASSAGEIROS LTDA,N,2017,10
04805345000173,00079160395400,JOZILMA MARIA DE CARVALHO,N,2017,10
04839900000188,00014375362472,IVO NILSON LOPES DE MEDEIROS,N,2017,10
04839900000188,00020084234415,MARIA DO SOCORRO COSTA DE MEDEIROS,N,2017,10
04839900000340,00014375362472,IVO NILSON LOPES DE MEDEIROS,N,2017,10
04839900000340,00020084234415,MARIA DO SOCORRO COSTA DE MEDEIROS,N,2017,10
04839900000420,00014375362472,IVO NILSON LOPES DE MEDEIROS,N,2017,10
04839900000420,00020084234415,MARIA DO SOCORRO COSTA DE MEDEIROS,N,2017,10
04839900000501,00014375362472,IVO NILSON LOPES DE MEDEIROS,N,2017,10
04839900000501,00020084234415,MARIA DO SOCORRO COSTA DE MEDEIROS,N,2017,10
04839900000773,00014375362472,IVO NILSON LOPES DE MEDEIROS,N,2017,10
04839900000773,00020084234415,MARIA DO SOCORRO COSTA DE MEDEIROS,N,2017,10
04839900000854,00014375362472,IVO NILSON LOPES DE MEDEIROS,N,2017,10
04839900000854,00020084234415,MARIA DO SOCORRO COSTA DE MEDEIROS,N,2017,10
04861899000198,00000899669450,ANA CLEZA DA COSTA,N,2017,10
04861899000198,00002435492456,MARIA NELMA DO NASCIMENTO COSTA,N,2017,10
04958358000263,00058289151420,ELISIEL UBIRAJARA MARQUES,N,2017,10
04958358000263,00066502705472,RONALDO ARAUJO DOS SANTOS,N,2017,10
04982974000179,00002360203401,GILSON GOMES DE MEDEIROS,N,2017,10
04987374000101,00003204632490,MARTA MESSIAS DE MESQUITA,N,2017,10
04987374000101,00006988230440,MAXKSON MESSIAS DE MESQUITA,N,2017,10
05009904000100,00004743503477,TUTOVAN DA SILVA MORAES,N,2017,10
05014128000128,00023039574434,MARCELO TRIGUEIRO DE MORAIS,N,2017,10
05014128000128,00042262330425,JOAO FELIX DA SILVA,N,2017,10
05020693000106,00004965749499,ALEXANDRE MAGNO MORAIS DA SILVA BRITO,N,2017,10
05029157000163,00002238112464,CLARA MARIA NETA DANTAS SOTERO,N,2017,10
05062182000220,00032889410404,MARIA DE LOURDES NOGUEIRA SOARES,N,2017,10
05062182000220,00081228708487,LUCIANO NOGUEIRA SOARES,N,2017,10
05112922000104,00002734105470,ADRIANO PAIVA DE MELO,N,2017,10
05112922000104,00039493180468,DJALMA ALBUQUERQUE CARNEIRO DA CUNHA,N,2017,10
05140795000157,00006724713455,SAMUEL RODRIGO SOUZA DE SALES,N,2017,10
05140795000157,00015081613487,JOSE LUCAS DE SALES,N,2017,10
05140795000238,00006724713455,SAMUEL RODRIGO SOUZA DE SALES,N,2017,10
05140795000238,00015081613487,JOSE LUCAS DE SALES,N,2017,10
05146374000133,00002328539408,GERALDO ANDERSON MOREIRA FEITOSA,N,2017,10
05164172000114,00005088497482,DANILLO DEYVSON SILVA DE OLIVEIRA,N,2017,10
05164172000114,00066387159415,GENIBALDO SILVA DE OLIVEIRA,N,2017,10
05195530000156,00002769726439,RAILSON BENEDITO FERREIRA,N,2017,10
05195530000156,00055942342415,CLEONICE FELIPE DOS SANTOS,N,2017,10
05211683000140,00004212546450,PAULO CEZAR ALVES DE ARAUJO,N,2017,10
05211683000140,00005223255488,MARIA ELIZANGELA DA CUNHA DE ARAUJO,N,2017,10
05303455000108,00047388676449,PEDRO BRUNO DE SOUTO,N,2017,10
05305161000107,00048099430468,ZULEIDE DA ROCHA CABRAL,N,2017,10
05369850000185,00002690961407,JOAO EDSON SOARES,N,2017,10
05369850000185,00087851075491,MAXMILIANO ANDRADE DE MENDONCA,N,2017,10
05393059000100,00032306032491,HELIA LUCENA VERISSIMO DA NOBREGA,N,2017,10
05393059000100,00083895523453,APRIGIO VERISSIMO DA NOBREGA NETO,N,2017,10
05434625000185,00077936922415,IVAN FRANCISCO ROCHA,N,2017,10
05452665000150,00005638211403,CARLA CAROLINE RODRIGUES DE SOUZA,N,2017,10
05452665000150,00063127660472,PEDRO GILSON DE SOUZA,N,2017,10
05587520000328,00005083696495,ANTONIO PAIVA FERNANDES FILHO,N,2017,10
05587520000328,00008296605422,LUANA LORENA DE OLIVEIRA SOUZA,N,2017,10
05587629000101,00004768516459,KAROLINE VASCONCELOS BEZERRA,N,2017,10
05652247000963,00000379934884,LAURO MINGUES,N,2017,10
05652247000963,00000590981803,DALVA MARQUES,N,2017,10
05660173000150,00001215658400,RICARLIANE SILVA DOS SANTOS,N,2017,10
05660173000150,00002488245461,RENATA SILVA DOS SANTOS,N,2017,10
05676120000127,00003091671402,ANA LIVIA QUEIROZ ALMEIDA LIMA,N,2017,10
05676120000127,00009027056447,JEFFERSON DA SILVA,N,2017,10
05676120000127,00023062681420,MARIA DE LOURDES ARAUJO DE LIMA,N,2017,10
05772773000100,00004648696417,JUAREZ FERNANDES DE QUEIROZ NETO,N,2017,10
05772773000100,00004648701437,WILSON RODRIGUES FERNANDES JUNIOR,N,2017,10
05777741000105,00003032521467,MARINA SOARES GURGEL,N,2017,10
05777741000105,00004133166450,SAMARA CARDOSO DE SOUZA,N,2017,10
05823100000131,00001023811430,JOSE LAUIR FERREIRA DA SILVA FILHO,N,2017,10
05823100000131,00001311946403,LARISSA MARIA MENEZES DA SILVA,N,2017,10
05925829000208,00039352471415,VALTRAN NOGUEIRA DE SOUZA,N,2017,10
06004897000108,00003588028498,MARIA JANAINA VASCONCELOS DE AMORIM,N,2017,10
06004897000108,00095219218549,FRANKLIN DOUGLAS VASCONCELOS DE AMORIM,N,2017,10
06053724000180,00081292180463,ELENILSON AUGUSTINHO,N,2017,10
06231164000106,00005714556461,JIVAGDA RAMONNA FERREIRA DOS SANTOS,N,2017,10
06231164000106,00010255271433,LUCIO FLAVIO GARCIA DE ARAUJO NETO,N,2017,10
06253658000191,00001357536437,MARIJAEL JACSON DA COSTA SILVA,N,2017,10
06281627000144,00000147754844,WILLIAM ARAUJO VASCONCELOS,N,2017,10
06281627000144,00001431216429,CINTHIA ARAUJO VASCONCELOS LIMA,N,2017,10
06912821000180,00001191224481,MARIA ADEILMA NUNES,N,2017,10
06912821000180,00048229628491,EDINALDO NUNES DE LIMA,N,2017,10
06958109000112,00001081686464,SEBASTIAO RICARDO DE QUEIROZ GOMES,N,2017,10
06958109000112,00004473039455,TEREZINHA TEIXEIRA DOS SANTOS,N,2017,10
06964537000158,00000819855413,ERIKA RAMOS DA CUNHA MEDEIROS,N,2017,10
06964537000158,00010874784484,INGRYD CUNHA MEDEIROS,N,2017,10
06989403000191,00003004404486,MESSALINA MARTINS ASSIS,N,2017,10
06989403000191,00081379854415,ANA CRISTINA DE ARAUJO,N,2017,10
07010513000122,00075195739404,LUZIVAM LINO DO NASCIMENTO,N,2017,10
07010513000122,00082910588491,ALVANA MAGALY ALVES DE SOUZA LINO,N,2017,10
07018761000110,00004966573483,THIAGO BRAGA WANDERLEY,N,2017,10
07018761000110,00078594863420,ROGERIO BEZERRA TINOCO,N,2017,10
07019741000163,00003422932496,EUNICE LEITE SILVA,N,2017,10
07019741000163,00004570018440,MARIA EUNICE LEITE SILVA,N,2017,10
07039495000101,00001311946403,LARISSA MARIA MENEZES DA SILVA,N,2017,10
07039495000101,00006465830426,ELIAS JACOB DE MENEZES NETO,N,2017,10
07039495000101,00006891979420,MARIO SOARES DA SILVA NETO,N,2017,10
07081522000104,00073887005449,LUIS CARLOS ANDRADE,N,2017,10
07081522000104,00094292574472,ANTONIO PINTO DA COSTA,N,2017,10
07096443000177,00004078903436,UZIEL BARBOSA DE FRANCA,N,2017,10
07096443000177,00006945436837,VAGNER CICCARELLI,N,2017,10
07114802000171,00001677924403,ALEXANDRE CESAR BATISTA DE MORAIS FILHO,N,2017,10
07114802000171,00003828543499,ROMEIKA DE MORAIS COSTA BATISTA,N,2017,10
07114802000171,00064288455472,JOSE RONALDO DE MORAIS COSTA,N,2017,10
07147050000145,00037878042420,CELIA DE MEDEIROS DANTAS PIRES FERREIRA,N,2017,10
07147050000145,00040568296400,HUMBERTO DANTAS PIRES FERREIRA,N,2017,10
07194915000124,00050304135453,JANETE MEDEIROS DE AZEVEDO OLIVEIRA,N,2017,10
07194915000124,00087744279468,EDINEIDE AZEVEDO DE OLIVEIRA,N,2017,10
07209477000120,00049834231415,MILTON  EZEQUIEL FONSECA FILHO,N,2017,10
07209477000120,00050070940487,PATRICIA TAVARES AFONSO FONSECA,N,2017,10
07212081000132,00002269019474,JOSE MOURA DE CARVALHO NETO,N,2017,10
07212081000132,00003418452485,NEZILDA DE ARAUJO DANTAS,N,2017,10
07262134000120,00056572492400,SONIA MARIA DOS SANTOS,N,2017,10
07262134000120,00077901797487,RAIMUNDO FREIRE DA SILVA,N,2017,10
07305986000157,00001697767435,JOSEILSON DANTAS DE MEDEIROS,N,2017,10
07305986000157,00002689583437,SEBASTIAO DE AZEVEDO DANTAS,N,2017,10
07326826000194,00030296773468,CARLOS ALBERTO DA CUNHA,N,2017,10
07326826000194,00040562697420,EDILMA MARIA FERNANDES,N,2017,10
07355441000155,00048939161491,BISMARCK MAGNUS DA SILVA,N,2017,10
07355441000155,00081323662472,LADJANE LOPES FRANCA MAGNUS,N,2017,10
07443696000170,00001416623442,RUDA FERNANDES PEREIRA,N,2017,10
07443696000170,00001416624414,SACHA FERNANDES PEREIRA,N,2017,10
07443696000170,00001416625496,SANDI FERNANDES PEREIRA,N,2017,10
07443696000170,00066455707400,LEILA MARIA FERNANDES AUGUSTO,N,2017,10
07448838000191,00023119098434,FRANCISCO CARLOS DIAS CAMPOS,N,2017,10
07448838000191,00072186062704,JOSE ZENILDO DIAS CAMPOS,N,2017,10
07499370000164,00022223711472,IVONE LUCAS EVANGELISTA,N,2017,10
07499370000164,00096723530497,JOANITA GOMES EVANGELISTA,N,2017,10
07501423000134,00005545621466,NUBIA ALVES DA SILVA,N,2017,10
07501423000134,00006648239476,LEONARDO ALVES DA SILVA,N,2017,10
07509062000172,00001215658400,RICARLIANE SILVA DOS SANTOS,N,2017,10
07509062000172,00002488245461,RENATA SILVA DOS SANTOS,N,2017,10
07519899000100,00005068812455,LILIAN EMMANUELE MANICOBA GONCALVES,N,2017,10
07519899000100,00059785985415,FRANCISCO GENILSON DA SILVA,N,2017,10
07543171000106,00020207930406,ERINALDO MEDEIROS DE OLIVEIRA,N,2017,10
07543171000106,00022932720449,ANTONIO GALINHA DE MEDEIROS,N,2017,10
07552997000131,00007417433456,ERIKA CARVALHO DE SOUSA,N,2017,10
07552997000131,00057025819468,ZELIA MARIA COSME CARVALHO,N,2017,10
07601246000168,00000915578441,ELISDEIRE FERNANDES PINHEIRO,N,2017,10
07601246000168,00021455970425,SEBASTIAO PINHEIRO DE SOUZA,N,2017,10
07610338000104,00001434103340,MARILIA CAMPOS PESSOA NOGUEIRA,N,2017,10
07610338000104,00011636918441,NICOLAS CAMPOS NOGUEIRA,N,2017,10
07693730000164,00004418847413,SIMONIDA QUEIROZ LOPES,N,2017,10
07693730000164,00085159972404,SILNEI DE QUEIROZ LOPES,N,2017,10
07807635000144,00002403377430,LUCILENE JUSTINO DANTAS,N,2017,10
07807635000144,00009222896467,IAGO VITOR DANTAS PEREIRA,N,2017,10
07887781000127,00001148936408,EMICARLA LIMA DANTAS DE AZEVEDO,N,2017,10
07887781000127,00002253919454,JUDENILDO KELLY FERNANDES DE AZEVEDO,N,2017,10
07939638000131,00002011423414,JOSE JEOMAR DE MEDEIROS,N,2017,10
07939638000131,00004168881431,MAXIMO WAGNER PEREIRA DE MACEDO,N,2017,10
07969641000106,00053761910444,MARQUIDONES VALAMIRA FERNANDES,N,2017,10
07969641000106,00056688946491,CLAUDIA MARIA DA COSTA FERNANDES,N,2017,10
07986555000101,00072197692453,ANTONIA EDNA SIMAO DO NASCIMENTO BEZERRA,N,2017,10
07986555000101,00073815527449,JOSE EDMO BEZERRA,N,2017,10
07991017000105,00000762675470,KLEIBER FLAVIO SILVA COSTA,N,2017,10
07991017000105,00000762676442,KLEYTON FABIO SILVA COSTA,N,2017,10
07991017000288,00000762675470,KLEIBER FLAVIO SILVA COSTA,N,2017,10
07991017000288,00000762676442,KLEYTON FABIO SILVA COSTA,N,2017,10
08010923000136,00000900738430,MARILENE MARIA MEDEIROS CRUZ,N,2017,10
08010923000136,00004189905496,RENATA SUZANA DE MEDEIROS CRUZ,N,2017,10
08010923000136,00004544920493,NARA MAIRA DE MEDEIROS CRUZ,N,2017,10
08040982000157,00001124609415,LEONILDES MARCOLINO DA COSTA,N,2017,10
08040982000157,00015461467415,CARLOS ALBERTO FREIRE DA COSTA,N,2017,10
08086001000102,00020019939434,NEWTON UCHOA DE ARAUJO,N,2017,10
08086001000102,00046681019404,FRANCINEIDE MAURA UCHOA DE ARAUJO,N,2017,10
08090078000156,00000775007412,DENIO ALVES DE OLIVEIRA,N,2017,10
08090078000156,00002828448487,JOSE ALVES NETO,N,2017,10
08090078000156,00096932350459,MARIA AUGUSTA DE OLIVEIRA ALVES,N,2017,10
08091529000170,00005940614400,FRANCISCO DAS CHAGAS PEREIRA DA SILVA,N,2017,10
08091529000170,00036496910430,FRANCISCO GINETE ANDRADE,N,2017,10
08149593000164,00002614219487,JOSE MARIA DE OLIVEIRA,N,2017,10
08149593000164,00079086721400,LUIS GONZAGA OLIVEIRA CARVALHO,N,2017,10
08226870000195,00002869986459,GIORGIA ANTONIA MACEDO GONCALVES,N,2017,10
08226870000195,00005680638487,FRANCISCO OTAVIO GONCALVES,N,2017,10
08226870000195,00065523121487,FRANCISCO LOPES DE MACEDO NETO,N,2017,10
08229791000138,00007501447420,FERNANDO LUIZ DE FRANCA,N,2017,10
08229791000138,00020202067491,ROSICLER FERNANDES SANTOS DE FRANCA,N,2017,10
08232871000142,00001240356471,ROMULO HALYSON XAVIER FILGUEIRA,N,2017,10
08232871000142,00024201103404,MARIA DO SOCORRO XAVIER FILGUEIRA,N,2017,10
08238974000110,00001012769402,ADRIANO ROBERTO ARAUJO DE AZEVEDO,N,2017,10
08238974000110,00014378205491,PEDRO CAMPOS DE AZEVEDO,N,2017,10
08248403000166,00001161784420,JOSE AMADEU VALE,N,2017,10
08248403000166,00081364105420,MARIA GIZELDA DE MEDEIROS VALE,N,2017,10
08248965000290,00001164392468,NELSON LUCAS PIRES,N,2017,10
08248965000290,00008987607470,LUCAS VICTOR PIRES,N,2017,10
08248965000290,00040576531472,NELSON LUCAS PIRES JUNIOR,N,2017,10
08284630000147,00001174991453,ANTONIETA MEDEIROS,N,2017,10
08284630000147,00001259547434,EDWIGES MEDEIROS,N,2017,10
08284630000147,00012993280406,PAULO PINHEIRO LOPES,N,2017,10
08285124000172,00002530376468,FERNANDO ALBINO RODRIGUES,N,2017,10
08285124000172,00065470524434,HENRIQUE SODRE RODRIGUES,N,2017,10
08285124000334,00002530376468,FERNANDO ALBINO RODRIGUES,N,2017,10
08285124000334,00065470524434,HENRIQUE SODRE RODRIGUES,N,2017,10
08286262000176,00046672559434,KLEIBER ANTUNES FURTADO JUNIOR,N,2017,10
08286262000176,00093874022404,MARIA DO SOCORRO FURTADO,N,2017,10
08293840000100,00013913567801,MARIA DE LOURDES GUEDES SILVA,N,2017,10
08293840000100,00042251400400,FRANCISCO DAS CHAGAS SILVA,N,2017,10
08326720000153,00001167006453,JOSEBEL DA COSTA CIRNE,N,2017,10
08326720000153,00002358221406,FABSON LIRA CIRNE,N,2017,10
08326720000153,00003039123408,RICARDO LIRA CIRNE,N,2017,10
08326720000153,00037885928420,SERGIO ROBERTO DE MEDEIROS CIRNE,N,2017,10
08326720000153,00083729283472,MARIA DE FATIMA LIRA CIRNE,N,2017,10
08326720000153,00089816218453,GERLIZA LIRA CIRNE GASPAR,N,2017,10
08328395000834,00013056514487,JOAQUIM TARCISIO CAMARA FLOR,N,2017,10
08328395000834,00013912844453,TANIA MARIA FLOR RIBEIRO,N,2017,10
08328395000834,00014063654400,TULIO MAURICIO CAMARA FLOR,N,2017,10
08328395000834,00022133755420,THELMA MARIA FLOR ALENCAR,N,2017,10
08328395000834,00033651981487,TATIANA MARIA FLOR GUEDES,N,2017,10
08328395000834,00035758643491,TERCIO CAMARA FLOR,N,2017,10
08328395000834,00036998842449,TARCIO HENRIQUE CAMARA FLOR,N,2017,10
08328395000834,00037848585468,TANILDA MARIA CAMARA FLOR FREITAS,N,2017,10
08328395000834,00056585721420,MARIA DE LOURDES CAMARA FLOR,N,2017,10
08345621000119,00001210402408,CAMILA GOMES FERNANDES DE SOUZA,N,2017,10
08345621000119,00001210941465,CAROLINE GOMES FERNANDES DE SOUZA,N,2017,10
08345621000119,00003554335401,ENIO GOMES FERNANDES DE SOUZA,N,2017,10
08345621000119,00003796507468,FRANCISCO FERNANDES DE SOUZA,N,2017,10
08345621000119,00009048138434,MARIA DA CONCEICAO FERREIRA GOMES DE SOUZA,N,2017,10
08345698000199,00003524633412,KELY REGINA DAS CHAGAS MEDEIROS,N,2017,10
08363806000156,00007606877491,GUSTAVO ANTONIO CABRAL BEZERRA,N,2017,10
08363806000156,00037878425434,JOSETE CABRAL BEZERRA,N,2017,10
08383481000173,00020019939434,NEWTON UCHOA DE ARAUJO,N,2017,10
08383481000173,00046681019404,FRANCINEIDE MAURA UCHOA DE ARAUJO,N,2017,10
08385213000190,00000749347406,AILA AYRES NERY,N,2017,10
08385213000190,00002378816405,ALEA AIRES NERY SALUSTIANO,N,2017,10
08385213000190,00076207030478,ALEX AYRES NERY,N,2017,10
08385353000169,00012997544491,WELSON RODRIGUES DO NASCIMENTO,N,2017,10
08385353000169,00077901860430,ALCIVAN TADEUS GOMES DE ARAUJO,N,2017,10
08385809000190,00006919223490,CAIO SERGIO DAMASCENO DE ARAUJO,N,2017,10
08385809000190,00010680462449,ROBERTO SERGIO DE ARAUJO,N,2017,10
08412520000113,00001993720472,ROBERTO WILLIAM MONTENEGRO,N,2017,10
08412520000113,00037894706434,VERA LUCIA MONTENEGRO,N,2017,10
08412520000113,00082839123487,EMANUELLE MONTENEGRO BEZERRA,N,2017,10
08412520000113,00082839158434,MICHELLE MONTENEGRO DE SOUZA,N,2017,10
08412520000113,00082839182491,IGOR MONTENEGRO,N,2017,10
08412520000385,00001993720472,ROBERTO WILLIAM MONTENEGRO,N,2017,10
08412520000385,00037894706434,VERA LUCIA MONTENEGRO,N,2017,10
08412520000385,00082839123487,EMANUELLE MONTENEGRO BEZERRA,N,2017,10
08412520000385,00082839158434,MICHELLE MONTENEGRO DE SOUZA,N,2017,10
08412520000385,00082839182491,IGOR MONTENEGRO,N,2017,10
08453698000102,00001987909453,OLINTO GOMES,N,2017,10
08453698000102,00002204621439,JULIERME LOPES GOMES,N,2017,10
08453698000102,00083716211400,OLINTO GOMES JUNIOR,N,2017,10
08453698000102,00091419247468,JANAINA LOPES GOMES,N,2017,10
08456584000116,00003790380482,MOALDO JOSE DANTAS TAVARES,N,2017,10
08456584000116,00004979859429,VIVIANE RIBEIRO TAVARES,N,2017,10
08456584000116,00094338477415,MAXON FLAVIO RIBEIRO TAVARES,N,2017,10
08459968000192,00040555186415,ENIO RICARDO SINEDINO DE OLIVEIR,N,2017,10
08459968000192,00072112603434,MICHELLE ALVES SINEDINO DE OLIVEIRA,N,2017,10
08470288000170,00001141074400,JOAO BEZERRA GALVAO,N,2017,10
08470288000170,00021433259400,JOAO ALFREDO GUIMARAES GALVAO,N,2017,10
08470288000170,00042311039415,TEREZA MARCIA GALVAO GUIMARAES,N,2017,10
08470288000170,00044406398449,VERONICA GUIMARAES GALVAO,N,2017,10
08473985000346,00002764341458,THAYANNE FLOR ALVARES DANTAS,N,2017,10
08473985000346,00007485506404,DIOGENES DANTAS ALVARES,N,2017,10
08480816000171,00030795397453,RUTENIO GONDIM DE QUEIROZ,N,2017,10
08480816000171,00032530102449,TERESA GLICIA GONDIM DE QUEIROZ,N,2017,10
08505026000101,00048410624834,ANEZIO MARQUES DE SOUZA,N,2017,10
08505026000101,00085271420400,MARIA IRLETE NUNES DE SOUZA,N,2017,10
08505901000147,00033614920410,JOSIVALDO CLEMENTE DE OLIVEIRA,N,2017,10
08505901000147,00087804603487,MARIA NIVALDA DE OLIVEIRA,N,2017,10
08505901000147,08399834000123,ALVARO DE OLIVEIRA & CIA LTDA,N,2017,10
08506693000109,00005008033409,JULIANA DE AZEVEDO BARBOSA MACEDO,N,2017,10
08506693000109,00009474498415,CANDIDO BARBOSA NETO,N,2017,10
08506693000109,00018243304487,DAILDE DE AZEVEDO BARBOSA,N,2017,10
08546773000180,00000896196410,CLAUDIA JAQUELINY NUNES FERNANDES,N,2017,10
08546773000180,00077942167453,JOHN LENNON FERNANDES LIMA,N,2017,10
08547432000129,00005117305434,HUGO NOBRE CABRAL,N,2017,10
08547432000129,00018236766420,LEA BARBOSA CABRAL,N,2017,10
08547432000200,00005117305434,HUGO NOBRE CABRAL,N,2017,10
08547432000200,00018236766420,LEA BARBOSA CABRAL,N,2017,10
08547432000552,00005117305434,HUGO NOBRE CABRAL,N,2017,10
08547432000552,00018236766420,LEA BARBOSA CABRAL,N,2017,10
08547432000714,00005117305434,HUGO NOBRE CABRAL,N,2017,10
08547432000714,00018236766420,LEA BARBOSA CABRAL,N,2017,10
08547432000803,00005117305434,HUGO NOBRE CABRAL,N,2017,10
08547432000803,00018236766420,LEA BARBOSA CABRAL,N,2017,10
08547432001010,00005117305434,HUGO NOBRE CABRAL,N,2017,10
08547432001010,00018236766420,LEA BARBOSA CABRAL,N,2017,10
08553216000196,00003947289472,MARIA CABRAL DE ALBUQUERQUE,N,2017,10
08553216000196,00015672778453,CORINA CABRAL DE ALBUQUERQUE,N,2017,10
08553216000196,00031203248415,JOSE CABRAL DE ALBUQUERQUE,N,2017,10
08554420000121,00001244448494,JOAQUIM SANTIAGO DANTAS NETO,N,2017,10
08554420000121,00083901850406,ELIA LIVIA SARAIVA DANTAS MARIANO VIRGOLINO,N,2017,10
08555021000185,00017545331400,RONALDO MARQUES RODRIGUES,N,2017,10
08555021000185,00072137886472,ROSANE MENDONCA RODRIGUES,N,2017,10
08572950000100,00026718588415,ROBERTO PINTO SERQUIZ ELIAS,N,2017,10
08572950000100,00029303117468,MARIA TEREZA PINTO SERQUIZ MAIA,N,2017,10
08576605000137,00005375446405,FRANCISCO EDILSON XAVIER REBOUCAS SEGUNDO,N,2017,10
08576605000137,00013014110434,FRANCISCO EDILSON XAVIER REBOUCAS,N,2017,10
08576605000137,00022978712449,LINDONETE MARIA MOURA ROCHA REBOUCAS,N,2017,10
08692063000168,00019944578487,MARIA ZENI MARINHO MOREIRA,N,2017,10
08692063000168,00027543579472,RAIMUNDO LUCAS MOREIRA,N,2017,10
08692584000115,00042240603453,FLORACI CASSIANO DA SILVA,N,2017,10
08713513000151,00003203131404,JOSE MUNIZ UCHOA,N,2017,10
08713513000151,00042291712420,GLAUBER CAVALCANTE UCHOA,N,2017,10
08713513000151,00067147232453,GLEYBER CAVALCANTE UCHOA,N,2017,10
08713513000151,00072298235449,EDIZIA CAVALCANTE DE BRITO UCHOA,N,2017,10
08733671000173,00026128195415,ADJACIRA SOBREIRA DE CASTRO TEIXEIRA,N,2017,10
08883446000113,00008965947421,ALLYSON BERGSON FERNANDES DE MEDEIROS,N,2017,10
08883446000113,00046594370430,LUIZ JURANDIR DE MEDEIROS,N,2017,10
08883446000113,00079113583468,JUVANIRA FERNANDES DE MEDEIROS,N,2017,10
08933234000101,00004554960480,NATANAEL FERNANDES PINHEIRO,N,2017,10
08933234000101,00042935458400,ELZA MARIA FERNANDES PINHEIRO,N,2017,10
08940206000103,00063874067491,FREDIANO JALES ROSADO,N,2017,10
08940206000103,00079247806453,GREGORIO JALES ROSADO,N,2017,10
08979313000145,00002461289417,?,N,2017,10
08979313000145,00072205687468,FRANCISCO CLAUDIO FERNANDES,N,2017,10
08980611000155,00044409532472,WELITON PINHEIRO GALVAO JUNIOR,N,2017,10
08980611000155,00045512183400,FRANCISCA MARIA FELIPE GALVAO,N,2017,10
09075326000152,00023081627400,JOACI GONCALVES MAFRA,N,2017,10
09075326000152,00085064912404,ANA TEREZA MONTENEGRO DINIZ MAFRA,N,2017,10
09080953000181,00006151597451,LOUISE STELLA LIMA BARBOSA,N,2017,10
09080953000181,00008479394480,LETICIA ALINE LIMA BARBOSA,N,2017,10
09080953000181,00033594724468,LUIZ HUGO VIDAL BARBOSA,N,2017,10
09080953000181,00082864888491,LEONARDO VIDAL BARBOSA,N,2017,10
09109547000102,00014383780415,PEDRO NASCIMENTO DE PAIVA FERNANDES,N,2017,10
09117186000138,00009286482493,IAGO CARLOS BRITO MORAIS,N,2017,10
09117186000138,00032870779453,RUIVAN CARLOS MORAIS,N,2017,10
09117268000182,00022989528415,SUEUDO BESSA REGIS,N,2017,10
09117268000182,00031507166400,IVANSUEUDO BESSA REGIS,N,2017,10
09117268000182,00049055240400,RAIMUNDA BESSA FREITAS,N,2017,10
09124474000110,00042379300410,FRANCISCO MANOEL FERREIRA DO NASCIMENTO,N,2017,10
09124474000110,00045649928487,EDNA BULHOES DO NASCIMENTO,N,2017,10
09162487000183,00001704705479,FRANCISCO XAVIER DE OLIVEIRA NETO,N,2017,10
09162487000183,00005070669443,MARIA EDINETE PEREIRA DA SILVA,N,2017,10
09178339000157,00002843112435,PEDRO FELIX DE MEDEIROS NETO,N,2017,10
09178339000157,00004680980460,NICACIA ARAUJO DA ROSA MEDEIROS,N,2017,10
09208172000120,00001236301420,DANIELLE MONIKE LIMA DE ALBUQUERQUE,N,2017,10
09208172000120,00006369763438,LUCIO FERNANDES DE ALBUQUERQUE JUNIOR,N,2017,10
09226892000118,00000957990448,VANDILSOM MOURA SILVA - ME,N,2017,10
09226892000118,00005095592479,VALERIA DE MOURA SILVA,N,2017,10
09246769000169,00002035939445,JEANE DANTAS DO NASCIMENTO,N,2017,10
09246769000169,00004136551487,FRANCISCO JACOME SARMENTO,N,2017,10
09266128000338,00004791004469,ARTHUR GUSTAVO VAZ TOLENTINO,N,2017,10
09266128000338,00006346740482,PAULO RONALDO TOLENTINO,N,2017,10
09368724000167,00002764391552,ANDREIA TORRES DOS SANTOS,N,2017,10
09368724000167,00031940432855,RANDAL JULIANO PESSOA DAS NEVES,N,2017,10
09392341000124,00005011230325,SEVERINO RAMOS DE OLIVEIRA,N,2017,10
09392341000124,00051234980444,HELDER JANSEN RODRIGUES DE OLIVEIRA,N,2017,10
09392341000558,00005011230325,SEVERINO RAMOS DE OLIVEIRA,N,2017,10
09392341000558,00051234980444,HELDER JANSEN RODRIGUES DE OLIVEIRA,N,2017,10
09402009000284,00015599566404,GENILDO FERNANDES DE QUEIROZ,N,2017,10
09402009000284,00062713655404,JULIA FERNANDES DE QUEIROZ,N,2017,10
09416884000134,00001157416403,POMPEU TAVARES NETO SEGUNDO,N,2017,10
09416884000134,00007440847415,LUIS GONZAGA TAVARES NETO,N,2017,10
09417791000124,00007127421404,ANIBAL FERNANDES PORTO,N,2017,10
09417791000124,00023029447472,ANTONIA MARIA DE FREITAS PORTO,N,2017,10
09431823000146,00002626355348,ERNANDO ESTEVAM NOGUEIRA,N,2017,10
09431823000146,00003586175370,SAMARA ESTEVAM PESSOA,N,2017,10
09459395000160,00002210973414,SANDRA FERNANDES DE MORAIS LOPES,N,2017,10
09459395000160,00056635699449,JOAO LOPES DA SILVA JUNIOR,N,2017,10
09459395000240,00002210973414,SANDRA FERNANDES DE MORAIS LOPES,N,2017,10
09459395000240,00056635699449,JOAO LOPES DA SILVA JUNIOR,N,2017,10
09500928000100,00083722610400,GONCALO JOAO SANTOS DE OLIVEIRA,N,2017,10
09500928000100,00091369444400,ELAINY CRISTINA SILVA FERNANDES OLIVEIRA,N,2017,10
09501742000175,00000794168450,JOSE TARCISIO DIOGENES JUNIOR,N,2017,10
09501742000175,00005086174481,SAVIO TARCIO GURGEL DIOGENES,N,2017,10
09501742000175,00010903579405,SAULLO RARYANO GURGEL DIOGENES,N,2017,10
09501742000175,00026073846487,ROSANGELA GURGEL DE OLIVEIRA DIOGENES,N,2017,10
09524685000140,00009288252304,JOSE AURINO ASEVEDO LOPES,N,2017,10
09524685000140,00021658684320,ISMENIA MACIEL SAMPAIO ASEVEDO,N,2017,10
10013417000142,00053767063468,RONNIE CEZAR FERNANDES SILVA,N,2017,10
10013417000142,00072158824468,CLEINO MARCOS FERNANDES BENTO,N,2017,10
10141376000170,00002837251410,MARIA GORETE PEREIRA DA COSTA VASCO,N,2017,10
10141376000170,00079087809468,BENTO DE LIMA VASCO,N,2017,10
10328834000184,00054953006534,ALBERTO SOBRAL DA SILVA,N,2017,10
10328834000184,00067171044491,LUIZ ALBERTO BARBALHO GALVAO,N,2017,10
10328834000184,00075147491449,GUSTAVO HENRIQUE BARBALHO GALVAO,N,2017,10
10449378000120,00004558174489,ADRIANA BEZERRA LOPES MEDEIROS,N,2017,10
10449378000120,00094270732415,ADRIANO OLIVEIRA DE MEDEIROS,N,2017,10
10493637000110,00002099426490,TEREZA DE FATIMA DA SILVA,N,2017,10
10606327000165,00006067683431,ANGELO MARCOS DE HOLANDA,N,2017,10
10606327000165,00007558157420,AIANNE MIKAELLY GONCALVES DE HOLANDA,N,2017,10
10641461000105,00036915017453,MARIA APARECIDA FERREIRA DE ARAUJO,N,2017,10
10641461000105,00087570637453,VALDENOR OTACILIO DA SILVA ARAUJO,N,2017,10
10655938000101,00067104622420,FAUSTO CAVALCANTE DA SILVA JUNIOR,N,2017,10
10655938000101,00079073727472,ADRIANA CARLA DE OLIVEIRA SOUZA CAVALCANTE,N,2017,10
10700961000243,00000377295434,AMADEU VENANCIO DANTAS,N,2017,10
10700961000243,00001199757420,MANOEL VENANCIO DANTAS,N,2017,10
10700961000243,00018279376453,MANOEL VENANCIO DANTAS JUNIOR,N,2017,10
10700961000243,00026206935434,ILANA MARIA DANTAS SILVEIRA CRUZ,N,2017,10
10700961000243,00066417953491,IARA MARIA DANTAS DA COSTA,N,2017,10
10707826000149,00046534229404,FRANCINETE SILVA DOS SANTOS,N,2017,10
10739860000529,00030923395415,ALESSIO DE SOUZA SOARES,N,2017,10
10739860000529,00052637123400,VILMA LUCENA SOARES,N,2017,10
10761839000104,00018185533415,JOAO ALBERTO ALVES TEIXEIRA,N,2017,10
10761839000104,00026128195415,ADJACIRA SOBREIRA DE CASTRO TEIXEIRA,N,2017,10
10776848000160,00077902602434,VALDECI PIRES DE SOUZA,N,2017,10
10776848000160,00091312876468,MARIA GILVANEIDE PIRES DE SOUZA,N,2017,10
10790288000107,00002242077414,ELMA DANTAS DE MEDEIROS BRITO,N,2017,10
10790288000107,00002798835445,JAELSON DANTAS DE MEDEIROS BRITO,N,2017,10
10857970000161,00006720633449,MARIA DALVA DE MESQUITA DIAS,N,2017,10
10857970000161,00031573126420,FRANCISCO MESSIAS DIAS,N,2017,10
10863094000186,00000771676433,MARIA DE FATIMA COSTA DOS SANTOS,N,2017,10
10863094000186,00045547521434,SILVAN MARCONI LEITE,N,2017,10
10898135000170,00017854501823,LAILDO NECO DE MORAIS,N,2017,10
10898135000170,00065402898472,AMARO ANTONIO DA COSTA,N,2017,10
10933739000100,00007264253465,MONINNE RAQUEL OLIVEIRA MORAIS,N,2017,10
10933739000100,00007391041440,DEIVID VIANA DE AQUINO,N,2017,10
10981924000170,00006111784439,MANUELLY MAKSON ARAUJO,N,2017,10
10981924000170,00070034090460,ELTON DA SILVA SANTOS,N,2017,10
11037013000151,00002394607408,CARLOS EDUARDO PESSOA BARRETO,N,2017,10
11037013000151,00002623449473,LORENA EMILLY DO NASCIMENTO DAPIEVE BARRETO,N,2017,10
11037013000151,00003373053404,CLOVIS DE FREITAS BARRETO,N,2017,10
11037013000151,00077854985472,CLOVIS EUGENIO PESSOA BARRETO,N,2017,10
11290066000180,00002978649470,RICARDO BRUNO SILVA DOS SANTOS,N,2017,10
11290066000180,00046534229404,FRANCINETE SILVA DOS SANTOS,N,2017,10
11473199000191,00002480147495,JAILMA SOARES DA SILVA,N,2017,10
11511020000143,00002259218474,CESAR CARLOS SILVEIRA MARIZ,N,2017,10
11511020000143,00073950203400,ROBERIO CAIAFFO CAVALCANTE ANDRADE,N,2017,10
11689133000133,00008789080483,MARIANA PINHEIRO DE ARAUJO,N,2017,10
11689133000133,00009241584416,HELOA D AVILLA NERY SERRA DANTAS,N,2017,10
11689133000133,00039382249400,GEOVANILDO PEREIRA DE ARAUJO,N,2017,10
11786813000175,00000887915566,JACIARA GONCALVES DA SILVA,N,2017,10
11786813000175,00006369763438,LUCIO FERNANDES DE ALBUQUERQUE JUNIOR,N,2017,10
11937778000148,00002215925477,MARILU TRINDADE DANTAS,N,2017,10
11937778000148,00009809589468,CLEODOMAR GREGORIO DANTAS,N,2017,10
11939808000155,00008569157428,CAMILO DE LELLIS DANTAS DE AMORIM,N,2017,10
11939808000155,00018249604415,ANTONIO GOMES DE AMORIM,N,2017,10
11940467000138,00002023024404,OTACILIO CACIANO DO NASCIMENTO,N,2017,10
11940467000138,00008192320413,LUIS HENRIQUE DE FRANCA GOMES,N,2017,10
11940467000138,00023448270482,JOSE REGINALDO GOMES,N,2017,10
11982113000237,00029749840453,AFRANIO FERREIRA DE MIRANDA FILHO,N,2017,10
11982113000237,00040648320430,LUCIANO DE SOUSA MIRANDA,N,2017,10
11982113000237,00046528210420,PAULO CESAR DE SOUSA MIRANDA,N,2017,10
11982113000237,00053910168434,SILVANA GOMES DE MIRANDA,N,2017,10
11982113000660,00029749840453,AFRANIO FERREIRA DE MIRANDA FILHO,N,2017,10
11982113000660,00040648320430,LUCIANO DE SOUSA MIRANDA,N,2017,10
11982113000660,00046528210420,PAULO CESAR DE SOUSA MIRANDA,N,2017,10
11982113000660,00053910168434,SILVANA GOMES DE MIRANDA,N,2017,10
11982113000741,00029749840453,AFRANIO FERREIRA DE MIRANDA FILHO,N,2017,10
11982113000741,00040648320430,LUCIANO DE SOUSA MIRANDA,N,2017,10
11982113000741,00046528210420,PAULO CESAR DE SOUSA MIRANDA,N,2017,10
11982113000741,00053910168434,SILVANA GOMES DE MIRANDA,N,2017,10
12055990000144,00000871828405,MARCOS ANTONIO NUNES,N,2017,10
12055990000144,00001156341426,ANA CRISTINA BRITO,N,2017,10
12058144000188,00001064957471,JOSE DE ANCHIETA GONCALVES DE ANDRADE JUNIOR,N,2017,10
12058144000188,00008797908495,ANDRE ALVES DA CRUZ,N,2017,10
12058144000188,00009221481476,RAFAEL LUCAS RODRIGUES,N,2017,10
12165870000108,00001009691430,FRANCISCO BERGJANIO DE OLIVEIRA SILVA,N,2017,10
12165870000108,00087708140404,FRANCISCO BERCLESON DE OLIVEIRA SILVA,N,2017,10
12305387000173,00003525182430,RODRIGO FERNANDES DE CARVALHO,N,2017,10
12305387000173,00004644650447,EDUARDO FERNANDES DE CARVALHO,N,2017,10
12305387000173,00005916884419,FELIPE FERNANDES DE CARVALHO,N,2017,10
12305387000173,00009166947391,EDUARDO TAVARES DE CARVALHO,N,2017,10
12305387000173,00067185517400,FERNANDA FERNANDES DE CARVALHO,N,2017,10
12305387000173,40811440000143,PRONTOMEDICA PRODUTOS HOSPITALARES LTDA,N,2017,10
12328933000191,00002907964402,LEONARDO ALEXANDRE DA ROCHA,N,2017,10
12328933000191,00045135290400,KATIA COELLY VIRISSIMO DO NASCIMENTO ROCHA,N,2017,10
12528765000188,00004743790433,IVANILSON DOS SANTOS VERAS,N,2017,10
12528765000188,00041403517487,MARIA JOSE DOS SANTOS VERAS,N,2017,10
12648754000131,00020195737415,ANTONIO VIEIRA DA SILVA NETO,N,2017,10
12648754000131,00040580067491,ADELIA GURGEL VIEIRA,N,2017,10
12686128000130,00001559085452,GABRIELE MARIELY BEZERRA DE OLIVEIRA,N,2017,10
12686128000130,00072050551487,ANA CLEA BEZERRA DE MEDEIROS,N,2017,10
12689295000134,00000988298406,WELLBERSON FLOR DE OLIVEIRA,N,2017,10
12689295000134,00005788039410,HUDYSON FLOR DE OLIVEIRA,N,2017,10
12689295000134,00008567921449,JAIRO ARAUJO DE OLIVEIRA,N,2017,10
12689295000134,00089798856449,MAXWELL FLOR DE OLIVEIRA,N,2017,10
12689295000215,00000988298406,WELLBERSON FLOR DE OLIVEIRA,N,2017,10
12689295000215,00005788039410,HUDYSON FLOR DE OLIVEIRA,N,2017,10
12689295000215,00008567921449,JAIRO ARAUJO DE OLIVEIRA,N,2017,10
12689295000215,00089798856449,MAXWELL FLOR DE OLIVEIRA,N,2017,10
12689295000304,00000988298406,WELLBERSON FLOR DE OLIVEIRA,N,2017,10
12689295000304,00005788039410,HUDYSON FLOR DE OLIVEIRA,N,2017,10
12689295000304,00008567921449,JAIRO ARAUJO DE OLIVEIRA,N,2017,10
12689295000304,00089798856449,MAXWELL FLOR DE OLIVEIRA,N,2017,10
12689295000568,00000988298406,WELLBERSON FLOR DE OLIVEIRA,N,2017,10
12689295000568,00005788039410,HUDYSON FLOR DE OLIVEIRA,N,2017,10
12689295000568,00008567921449,JAIRO ARAUJO DE OLIVEIRA,N,2017,10
12689295000568,00089798856449,MAXWELL FLOR DE OLIVEIRA,N,2017,10
12689295000720,00000988298406,WELLBERSON FLOR DE OLIVEIRA,N,2017,10
12689295000720,00005788039410,HUDYSON FLOR DE OLIVEIRA,N,2017,10
12689295000720,00008567921449,JAIRO ARAUJO DE OLIVEIRA,N,2017,10
12689295000720,00089798856449,MAXWELL FLOR DE OLIVEIRA,N,2017,10
12741070000180,00066453410400,FRANCISCO GILBERTO DA SILVA,N,2017,10
12746673000255,00002053611456,MARCONI DE ALMEIDA COSTA JUNIOR,N,2017,10
12746673000255,00005631971453,MARCONI DE ALMEIDA ROSADO COSTA,N,2017,10
12746673000255,00067308996468,MARIA DE FATIMA ALVES DE OLIVEIRA COSTA,N,2017,10
12747440000196,00004107594491,LUIS PAIZINHO DANTAS,N,2017,10
12747440000196,00008627479453,DAMIANA APARECIDA DE AZEVEDO,N,2017,10
12756805000149,00001172383413,CARLOS FILIPE LUZ MOURA,N,2017,10
12756805000149,00008878331449,CARLOS ALBERTO MOURA,N,2017,10
12967658000156,00006806454461,MELINNA GURJAO DE PAIVA,N,2017,10
12967658000156,00041364970406,CIMARIA GURJAO DE MORAIS PAIVA,N,2017,10
12980520000197,00002668529476,CADJA PEREIRA DE MELO,N,2017,10
12980520000197,00034173005415,CASSIO PEREIRA DE MELO,N,2017,10
12980520000197,00067178456434,CLEBSON PEREIRA DE MELO,N,2017,10
12980520000197,00087684373404,CLEDJA PEREIRA DE MELO RASTELLI,N,2017,10
13118382000102,00002038543496,EUZIMAR DIAS DE CASTRO,N,2017,10
13118382000102,00010460541471,DANIELE KARINE DE FREITAS CASTRO,N,2017,10
13160859000100,00001644218402,GUILHERME BULHOES DA NOBREGA,N,2017,10
13160859000100,00079094210444,ALEXANDRE NIKOLAS DA NOBREGA,N,2017,10
13180055000172,00042240603453,FLORACI CASSIANO DA SILVA,N,2017,10
13180055000172,00085070599453,MAZILENE FERNANDES DE LIMA SILVA,N,2017,10
13190056000106,00046049096449,VALDECI TEIXEIRA JALES,N,2017,10
13190056000106,00070154112453,EDILEUSA TEIXEIRA JALES,N,2017,10
13228559000115,00002659567492,VICTOR SIRUFFO DE CARVALHO,N,2017,10
13228559000115,00002744733482,SANZIA PATRICIA DE SOUZA SIRUFFO,N,2017,10
13259674000157,00011647263409,ERICK LORENZO NOLASCO SILVA,N,2017,10
13259674000157,00065339304434,FRANCISCO LUCIEUDES DA SILVA,N,2017,10
13259674000157,00086470566391,FRANCISCO JUCIVAN FERNANDES COSTA,N,2017,10
13318135000141,00001769252444,JOYCE VIEIRA DE MEDEIROS,N,2017,10
13318135000141,00026376736807,ROSIELHE GADELHA VIEIRA,N,2017,10
13371263000159,00053809777404,CLEONILSON ROBSON DE MELO PEREIRA,N,2017,10
13371263000159,00073740330449,MARIA ELENICE FIGUEREDO PEREIRA,N,2017,10
13384932000127,00005195912408,JANAINA BATISTA DA SILVA,N,2017,10
13536641000107,00063874067491,FREDIANO JALES ROSADO,N,2017,10
13536641000107,00079247806453,GREGORIO JALES ROSADO,N,2017,10
13536641000379,00063874067491,FREDIANO JALES ROSADO,N,2017,10
13536641000379,00079247806453,GREGORIO JALES ROSADO,N,2017,10
13587119000154,00008984451401,VERUSSIA CARLA ROCHA DE FARIAS,N,2017,10
13612657000151,00000871799464,ANDREZA ALVES DE OLIVEIRA CRUZ,N,2017,10
13612657000151,00005501697416,JOAO MANOEL DE OLIVEIRA NETO,N,2017,10
13612657000151,00009356397481,LUIS PAULO DE OLIVEIRA FERREIRA,N,2017,10
13639944000155,00006426012408,JOSE DANIEL VIEIRA DE ARRUDA,N,2017,10
13639944000155,00010103207422,LUIZA GISLAYNY VIEIRA DE ARRUDA,N,2017,10
13815612000184,00004674320402,SUZY MARIA CARLOS COSTA,N,2017,10
13815612000184,00004674323410,JOANA EMANOELLY CARLOS COSTA,N,2017,10
13839092000140,00003204632490,MARTA MESSIAS DE MESQUITA,N,2017,10
13839092000140,00006988230440,MAXKSON MESSIAS DE MESQUITA,N,2017,10
13938876000125,00063402882434,MIGUEL SOARES DE MOURA,N,2017,10
13938876000125,00067306896415,ERONEIDE ZACARIAS DA COSTA,N,2017,10
13988229000128,00006023001424,DJAILSON BEZERRA DE ARAUJO,N,2017,10
13988229000128,00081301286400,EVERALDO COSTA DA SILVA JUNIOR,N,2017,10
14288888000114,00005949233441,PRISCILA DAYANNE DOS SANTOS ARAUJO,N,2017,10
14288888000114,00030099943468,MARLUCE MARIA DOS SANTOS,N,2017,10
14296822000176,00005428537442,JAMIELLE MARIA DO NASCIMENTO BATISTA DE SOUZA,N,2017,10
14296822000176,00079194818487,ROSELHO DE SOUZA,N,2017,10
14428827000105,00049827731491,ROMUALDO TORRES BEZERRA JUNIOR,N,2017,10
14428827000105,00079153348400,ERINEIDE ELAINE DA SILVA TORRES,N,2017,10
14717523000168,00001054505454,ROMULO ANTONIO SANTOS DA SILVA,N,2017,10
14717523000168,00023024780459,LEDA MARIA CORREIA DOS SANTOS,N,2017,10
14785603000150,00007697244420,ARLINDO FARIA DA COSTA,N,2017,10
14785603000150,00081226799434,ARLINDO FARIA DA COSTA JÚNIOR,N,2017,10
14878644000272,00001225265460,LEANDRO DA SILVA PINHEIRO,N,2017,10
14878644000272,00014063654400,TULIO MAURICIO CAMARA FLOR,N,2017,10
15160493000102,00058289151420,ELISIEL UBIRAJARA MARQUES,N,2017,10
15160493000102,00066502705472,RONALDO ARAUJO DOS SANTOS,N,2017,10
15192676000100,00009763746418,JAILSON SOBRINHO,N,2017,10
15192676000100,00070239176405,ERIMAR NOGUEIRA DE SOUZA,N,2017,10
15243774000110,00001190427460,FABIANE SOARES DE QUEIROZ,N,2017,10
15243774000110,00008252579485,MURILO KENNEDY RADEMAKER DE SOUSA SOARES,N,2017,10
15328361000139,00003125260400,EDVALDO PAIXAO DE OLIVEIRA JUNIOR,N,2017,10
15328361000139,00006402149403,LEANI BATISTA DE ARAUJO OLIVEIRA,N,2017,10
16676833000107,00001265089418,MESAQUE MARINHO COSTA,N,2017,10
16676833000107,00007975283428,FRANCISCA ROSALBA DE SOUZA MENEZES SILVA,N,2017,10
16783593000140,00035758643491,TERCIO CAMARA FLOR,N,2017,10
16783593000140,00050073940410,MARTA CUNHA DE PAIVA MARQUES FLOR,N,2017,10
16826043000160,00004470265420,ELIAS SIMÕES DE ARAÚJO,N,2017,10
16826043000160,00007496400491,MARISETE FERNANDES BEZERRA FONTES,N,2017,10
16859386000121,00076141225420,FRANCISCO EDINARTE DE ALMEIDA,N,2017,10
16859386000121,00088543501172,ABILIA MARINHO DE OLIVEIRA NETA,N,2017,10
16909633000157,00001404591460,ANDREIA LAYSE ADOLFO DA SILVA,N,2017,10
16909633000157,00054370302749,SEVERINO MANOEL ADOLFO,N,2017,10
16909633000157,22862359000100,ADOLFO & ADOLFO PARTICIPACOES LTDA,N,2017,10
17198254000169,00003570907481,WASHINGTON ALLAND MORAES DA ROCHA,N,2017,10
17198254000169,00076117073453,MICARLA SILVA DA CRUZ ROCHA,N,2017,10
17199619000170,00002978649470,RICARDO BRUNO SILVA DOS SANTOS,N,2017,10
17199619000170,00010614075432,FERNANDA PAULA MARQUES DA FONSECA,N,2017,10
17320267000169,00003501929870,OSMAR FELIPE DOS SANTOS,N,2017,10
17320267000169,00043973181829,ISABELLA CROISFELT SANTOS,N,2017,10
17514152000105,00005992322426,CLAUDIO HENRIQUE DA SILVA CARNEIRO,N,2017,10
17514152000105,00028916859468,JOSE CLAUDIONOR DA SILVA,N,2017,10
17570889000145,00005476066489,JOSE RADAMES FERNANDES MALHEIRO,N,2017,10
17570889000145,00045540829468,LUIZA PINHEIRO FERNANDES,N,2017,10
17602864000186,00000945851480,CELSO RODRIGO DA COSTA CRUZ,N,2017,10
17602864000186,00009268669315,MARIA IRENICE LOPES CALADO,N,2017,10
17602864000186,00076097200463,EDNA MACHADO DO REGO BARROS,N,2017,10
17640366000128,00006792523470,JACIARA DOS SANTOS GALVAO,N,2017,10
17640366000128,00008232460431,LUIS HENRIQUE SIQUEIRA DE ARAUJO LIMA,N,2017,10
18087566000168,00000917685431,IVIS LEVI DE AGUIAR SANTOS,N,2017,10
18087566000168,00070259286400,IVIS LEVI LOPES ARAUJO AGUIAR,N,2017,10
18630298000189,00006720633449,MARIA DALVA DE MESQUITA DIAS,N,2017,10
18630298000189,00031573126420,FRANCISCO MESSIAS DIAS,N,2017,10
18647472000104,00001211166465,LARISSA ANNE FIGUEIREDO NELSON,N,2017,10
18893260000107,00005390340450,FRANCISCO FERNANDES FRANCA JUNIOR,N,2017,10
18893260000107,00005601195420,PRISCILLA DE MENDONCA TEIXEIRA FRANCA,N,2017,10
19137779000110,00003188993455,MARIA CAROLINA FILGUEIRA JACINTO,N,2017,10
19137779000110,00007240309487,JOSE BATISTA DE MELO,N,2017,10
19137779000110,00016177193404,MARIA DE FATIMA MARTINS DE MELO,N,2017,10
19137779000110,00080671292404,MARCILIO ALVES DA SILVA,N,2017,10
19157075000109,00003562963424,EDIVAM GONCALVES DE QUEIROZ,N,2017,10
19157075000109,00012885309865,MANACELIO VICENTE SAMPAIO DE AQUINO,N,2017,10
19210207000119,00008476704496,NICOLAS DANTAS DA CUNHA,N,2017,10
19210207000119,00053816285449,LYBIA MARIA DE ARAUJO,N,2017,10
19334181000200,00005011230325,SEVERINO RAMOS DE OLIVEIRA,N,2017,10
19334181000200,00051234980444,HELDER JANSEN RODRIGUES DE OLIVEIRA,N,2017,10
19414509000109,00031604510463,GILENO CACHINA,N,2017,10
19414509000109,00059029218991,TULIO FERREIRA MARTINS,N,2017,10
19414509000109,00066874033972,JAIRTON TAVARES,N,2017,10
19414509000290,00031604510463,GILENO CACHINA,N,2017,10
19414509000290,00059029218991,TULIO FERREIRA MARTINS,N,2017,10
19414509000290,00066874033972,JAIRTON TAVARES,N,2017,10
19445622000151,00002103240405,ANTONIO ALDO DA FONSECA,N,2017,10
19445622000151,00005294836459,GENILSON DANTAS DA SILVA,N,2017,10
20103659000180,00049827731491,ROMUALDO TORRES BEZERRA JUNIOR,N,2017,10
20229352000120,00008983172401,THAIS MENEZES DE OLIVEIRA,N,2017,10
20658518000124,00079060730453,HUMBERTO TORRES DA ROCHA,N,2017,10
20658518000124,00083898930459,DEBORA ALESSANDRA SILVA SOBRAL,N,2017,10
20802223000180,00001788664400,MIGUEL ANGELO DE OLIVEIRA AMORIM,N,2017,10
20802223000180,00079154379415,PAULO EVERTON GURGEL DE AMORIM,N,2017,10
21255865000179,00020281919453,PAULO MANUEL DE MELO,N,2017,10
21286237000150,00002618033442,LYZANDRA MELLINNE PINHEIRO DOS SANTOS BEZERRA,N,2017,10
21286237000150,00063817071434,JOSE AURELIANO BEZERRA,N,2017,10
21675852000159,00001194525458,ANA JUSSARA FEITOSA SOARES,N,2017,10
21675852000159,00090456700463,FRANCISCO DE ALCIR DOS SANTOS,N,2017,10
21709263000144,00005894086400,FABIO CESAE PEREIRA VALE,N,2017,10
21709263000144,00007386564457,MATHEUS VINICIUS SANTOS BEZERRA,N,2017,10
21725568000140,00004196367496,LIDIANE DE MEDEIROS EMERENCIANO,N,2017,10
21725568000140,00087482681434,MAIXIMILIANO FERNANDES DE OLIVEIRA,N,2017,10
21869689000165,00001085970400,MARIA RAQUEL MEDEIROS,N,2017,10
21869689000165,00087367033468,EDMILSON ALVES DA SILVA FILHO,N,2017,10
22054386000157,00006224531498,ANNA CLARA DE AGUIAR GARCIA,N,2017,10
22054386000157,00074359339453,IGOR SANTOS VIEIRA,N,2017,10
22216720000202,00006291315467,IGOR RIBEIRO JACOME,N,2017,10
22216720000202,00009522358460,ANA CLAUDIA RIBEIRO JACOME,N,2017,10
22902573000143,00009261024432,GILSON TORRES DOS SANTOS LIMA NETO,N,2017,10
22902573000143,00067300260497,JOAO DUARTE DOS SANTOS LIMA NETO,N,2017,10
23231914000169,00049827731491,ROMUALDO TORRES BEZERRA JUNIOR,N,2017,10
23303897000128,00000059109432,ROSANA DA SILVA MARIZ,N,2017,10
23303897000128,00049011570430,JOAO BATISTA,N,2017,10
23446094000122,00001162895462,SUNEY SOARES DE SOUZA,N,2017,10
23446094000122,00006119482490,LAIS PAULA DE MEDEIROS CAMPOS AZEVEDO,N,2017,10
23761095000161,00001677696427,LUCAS FREITAS VIANA,N,2017,10
23761095000161,00028473073894,EVANIO LIMA GONCALVES,N,2017,10
24013715000147,00002260938400,JORGE AMERICO CARLOS DE OLIVEIRA,N,2017,10
24013715000147,00094143560453,MARNE HUMMEL,N,2017,10
24093916000363,00004544322405,GABRIEL MASAYOSHI GRANJA IKEDA,N,2017,10
24093916000363,00004544327474,GEORGE TOMIYOSHI DE MELO IKEDA,N,2017,10
24093916000363,00015276775400,YOSHIMASA IKEDA,N,2017,10
24093916000363,00069264082468,ELINE NOYA COUTINHO,N,2017,10
24185522000173,00001802868461,NAYARA SOARES DE SOUSA,N,2017,10
24185522000173,00065340108449,NEUZO LEITE DE SOUSA,N,2017,10
24206617000207,00004752797437,RODRIGO AUGUSTO DE OLIVEIRA,N,2017,10
24206617000207,00009437223491,MARCONDES AUGUSTO DE OLIVEIRA,N,2017,10
24206617000207,00021561605468,MARIA LUCIA DE OLIVEIRA FARIAS,N,2017,10
24206617001017,00004752797437,RODRIGO AUGUSTO DE OLIVEIRA,N,2017,10
24206617001017,00009437223491,MARCONDES AUGUSTO DE OLIVEIRA,N,2017,10
24206617001017,00021561605468,MARIA LUCIA DE OLIVEIRA FARIAS,N,2017,10
24206617001360,00004752797437,RODRIGO AUGUSTO DE OLIVEIRA,N,2017,10
24206617001360,00009437223491,MARCONDES AUGUSTO DE OLIVEIRA,N,2017,10
24206617001360,00021561605468,MARIA LUCIA DE OLIVEIRA FARIAS,N,2017,10
24206617001440,00004752797437,RODRIGO AUGUSTO DE OLIVEIRA,N,2017,10
24206617001440,00009437223491,MARCONDES AUGUSTO DE OLIVEIRA,N,2017,10
24206617001440,00021561605468,MARIA LUCIA DE OLIVEIRA FARIAS,N,2017,10
24206617001874,00004752797437,RODRIGO AUGUSTO DE OLIVEIRA,N,2017,10
24206617001874,00009437223491,MARCONDES AUGUSTO DE OLIVEIRA,N,2017,10
24206617001874,00021561605468,MARIA LUCIA DE OLIVEIRA FARIAS,N,2017,10
24369407000159,00030290899400,ALBERTO MAGNO DANTAS,N,2017,10
24369407000159,00037864289487,MARIA APARECIDA DA SILVA DANTAS,N,2017,10
24380578002556,00007196755707,GUSTAVO AGUIAR DA COSTA,N,2017,10
24380578002556,00055001033772,SERGIO BREYER FILHO,N,2017,10
24380578002556,00074024060759,GILNEY PENNA BASTOS,N,2017,10
24380578002556,00099752441734,CARLOS ALBERTO HEITOR DE PAIVA,N,2017,10
24380578002556,05359709000100,PRAXAIR DO BRASIL LTDA,N,2017,10
24380578002556,35820448000136,WHITE MARTINS GASES INDUSTRIAS LTDA,N,2017,10
24515793000140,00000745930484,FRANCISCA HERCINA LEITE,N,2017,10
24515793000140,00002008262472,JOSE RIBAMAR LEITE,N,2017,10
24520892000110,00009610111491,JOSE CARLOS SILVINO,N,2017,10
24520892000110,00089293738449,FABIO RANIERE SILVA,N,2017,10
24521361000141,00001410673499,RAISSA DE HOLANDA MELO,N,2017,10
24521361000141,00005337088424,CIRO DE HOLANDA MELO,N,2017,10
24521361000141,00009822429487,PEDRO TERCEIRO DE MELO,N,2017,10
24523276000112,00012591270449,FABIO TORRES DE OLIVEIRA,N,2017,10
24523276000112,00024142930478,FRANCISCO TORRES FILHO,N,2017,10
24523276000112,00051257173472,FLADJA DE MEDEIROS MOURA TORRES,N,2017,10
24584607000124,00052284743404,VALDEMAR RIBEIRO DE ARAÚJO JÚNIOR,N,2017,10
24584607000124,00070793271487,MARIA DO SOCORRO COSTA ARAUJO,N,2017,10
24591109000109,00010801952468,CIRO DE ALMEIDA ROSADO COSTA,N,2017,10
24591109000109,00046522301415,CHRISTIANNE NEGREIROS DE SA ROSADO,N,2017,10
24592636000138,00002964282480,FABIO AUGUSTO NASCIMENTO FERNANDES DE QUEIROZ,N,2017,10
24592636000138,00004748697415,EDIVALDO FERNANDES DE QUEIROZ,N,2017,10
24592636000138,00080671713434,MARLUCE MARIA DO NASCIMNENTO  FERNANDES DE QUEIROZ,N,2017,10
25249727000138,00002096309492,EVA MARIA  COSMO BERNARDO,N,2017,10
25249727000138,00026170515449,EZEQUIEL MOURA DE CARVALHO FILHO,N,2017,10
26084982000130,00005533518428,ANNE GABRIELLE DA SILVA XAVIER,N,2017,10
26084982000130,00006040350474,PEDRO DIOGO SILVA ALVES GONCALVES,N,2017,10
26094819000159,00006443329481,REBEKA RAQUEL FELICIANO QUEIROZ,N,2017,10
26094819000159,00006443331460,PEDRO LUCAS FELICIANO QUEIROZ,N,2017,10
26167936000103,00000818926406,ALAN DE LIMA PESSOA,N,2017,10
26167936000103,00008627347468,MARIA NEUZA FERREIRA,N,2017,10
26708943000167,00001225265460,LEANDRO DA SILVA PINHEIRO,N,2017,10
26708943000167,00005706999406,MONIQUE BRASIL FLOR PINHEIRO,N,2017,10
26708943000167,00014063654400,TULIO MAURICIO CAMARA FLOR,N,2017,10
26808305000118,00010368898407,ADRIANY PRYSCILLA DANTAS FONSECA,N,2017,10
26808305000118,00022224882491,EIDER PINTO DE OLIVEIRA,N,2017,10
27062419000124,00004788957477,WESLLEY MAIA BENICIO,N,2017,10
27062419000124,00092413749268,DANIEL ASSIS MOSINI,N,2017,10
27958728000187,00003969327466,FRANCISCO DAS CHAGAS BEZERRA JUNIOR,N,2017,10
27958728000187,00010604996497,KAIO WAGNER RODRIGUES BEZERRA,N,2017,10
29067113030931,00002484020724,JOAO CARLOS GONCALVES PADILHA,N,2017,10
29067113030931,00028180470563,HUMBERTO JORGE COELHO DE GOUVEA,N,2017,10
29067113030931,00028290275749,RONALDO MOREIRA VIEIRA,N,2017,10
29067113030931,00032386060420,FABIO DE ALENCAR RODRIGUES,N,2017,10
29067113030931,00051926555520,JOSE ANTERO DOS SANTOS,N,2017,10
29067113030931,00068741073568,JOSE ANTONIO DE SANTANA JUNIOR,N,2017,10
29067113030931,11303148000111,RVM EMPREENDIMENTOS LTDA,N,2017,10
29067113030931,12147422000173,GREEN MIX I EMPREENDIMENTOS S.A.,N,2017,10
35284991000247,00059774800400,JOSE VASCONCELOS DA ROCHA JUNIOR,N,2017,10
35284991000247,00090402693434,ANA EMILIA TRIGUEIRO CAVALCANTI DA ROCHA,N,2017,10
35291038000145,00036982113434,WERNECK LIMA DE CARVALHO,N,2017,10
35291038000145,27017729000127,TC PARTICIPACOES LTDA,N,2017,10
35291038000145,27037834000128,WC PARTICIPACOES LTDA,N,2017,10
35291038000145,27850574000105,WT HOLDING PARTICIPACOES LTDA,N,2017,10
35297639000165,00041373510404,PEDRO JORGE REBOUCAS PEREIRA,N,2017,10
35297639000165,00073716120430,ELCICARMEM FREITAS DE MORAIS PEREIRA,N,2017,10
35298330000190,00001398249440,ARTHUR ALECRIM FERREIRA,N,2017,10
35298330000190,00005682220404,CLARISSA ALECRIM FERREIRA,N,2017,10
35298330000190,00007256627432,RAISSA ALECRIM FERREIRA,N,2017,10
35298330000190,00013066889491,CIRO DA FONSECA FERREIRA,N,2017,10
35298330000190,00035806303420,EDNA DE FATIMA ALECRIM FERREIRA,N,2017,10
35304898000176,00001375757423,FELIPE ABNER RODRIGUES DE SOUZA,N,2017,10
35304898000176,00008541673405,DANIEL VICTOR DE SOUZA,N,2017,10
35503721000360,00013640518420,OSVALDO RUI DIAS MARTINS,N,2017,10
35503721000360,00030276942434,MARIA FIRMINO DIAS MARTINS,N,2017,10
35648757000170,00002766596437,MARIA JUCINEIDE GUIMARAES,N,2017,10
35648757000170,00041466799404,IGEILDO GUIMARAES,N,2017,10
35653880000180,00009305444474,PEDRO CASSIMIRO DAS NEVES CEZAR,N,2017,10
35653880000180,00010768064490,JOSE ARTHUR DE GOIS SILVA,N,2017,10
35659234000120,00058884165415,SHEILLA FERNANDES DE OLIVEIRA MATOSO,N,2017,10
35659234000120,00066486904453,PATRICIA MARIA FERNANDES DE OLIVEIRA,N,2017,10
35659234000120,00075098857449,FABIOLA FERNANDES DE OLIVEIRA,N,2017,10
35661743000197,00010697616487,JOSAFA ARAUJO DA COSTA,N,2017,10
35661743000197,00028898770430,MARIA DE LOURDES SILVA DA COSTA,N,2017,10
40757908000169,00003573255400,BRUNA MARIA GUERRA DE FARIAS CAMARA,N,2017,10
40757908000169,00017469422404,EDUARDO JOSE DE FARIAS,N,2017,10
40757908000169,00369925000104,AUTOESTE AUTOMOVEIS LTDA,N,2017,10
40757908000169,08949194000188,LEGACY VEICULOS LTDA,N,2017,10
40760209000178,00001252554460,ERIVAN MYLLER MAFRA MEDEIROS,N,2017,10
40760209000178,00031700071491,JOSE ERIVAN DE MEDEIROS,N,2017,10
40761843000125,00031589120400,IVANALDO SEVERINO MALHEIRO,N,2017,10
40761843000125,00045540829468,LUIZA PINHEIRO FERNANDES,N,2017,10
40762320000101,00015652670444,JAILSON SILVA DE MACEDO,N,2017,10
40762320000101,00043375456468,IVOLEDA SOARES DE MACEDO,N,2017,10
40769416000193,00052541533420,HUMBERTO CANTALICE DE ARAUJO,N,2017,10
40769416000193,00078519675468,LUCIANA NOBREGA DE ANDRADE CANTALICE,N,2017,10
40771560000164,00012993980491,JOÃO EDUARDO PINHEIRO LOPES,N,2017,10
40771560000164,00065508696415,IVANETE JUSTINO DE MORAIS PINHEIRO LOPES,N,2017,10
40777690000104,00006532866431,JEFFSON GALVAO RODRIGUES,N,2017,10
40777690000104,00029738628415,ZULEIDE GOMES GALVAO,N,2017,10
40777690000295,00006532866431,JEFFSON GALVAO RODRIGUES,N,2017,10
40777690000295,00029738628415,ZULEIDE GOMES GALVAO,N,2017,10
40782468000108,00002740840403,ANDRE LUIZ JOSE GALVAO MATIAS,N,2017,10
40782468000108,00017209595449,FRANCISCO MATIAS,N,2017,10
40787152000109,00010593969472,VICENTE DE PAULO AVELINO SOBRINHO,N,2017,10
40787152000109,00010764135449,ELSAMAR BATISTA BARBOSA AVELINO,N,2017,10
40787152000109,00013084780463,MARIA DAS GRACAS DOS SANTOS AVELINO,N,2017,10
40787863000175,00006820354835,MARIA ELINEIDE NERES DA SILVA,N,2017,10
40787863000175,00056575653472,JOAO MARIA GUEDES DA SILVA,N,2017,10
40796146000371,00006291315467,IGOR RIBEIRO JACOME,N,2017,10
40796146000371,00009522358460,ANA CLAUDIA RIBEIRO JACOME,N,2017,10
40803645000187,00001613820453,ALDO CLEMENTE DE ARAUJO,N,2017,10
40803645000187,00010607285400,ZILMA FERNANDES DE ARAUJO,N,2017,10
40993123000195,00033479887449,MANOEL VENANCIO RODRIGUES JUNIOR,N,2017,10
40993123000195,00050715127420,MARIA DE FATIMA MOREIRA RODRIGUES,N,2017,10
40996472000160,00007966434400,JOAO ANTONIO MOREIRA SILVA,N,2017,10
40996472000160,00015077128472,MARIA DAS GRACAS PESSOA DA COSTA,N,2017,10
41002643000151,00079213448449,INACIO DANTAS DE ARAUJO,N,2017,10
44021095000103,00001079302425,TEMISTOCLIS CEZAR XAVIER,N,2017,10
44021095000103,00002200710801,ROMILDO GONCALVES DA SILVA,N,2017,10
44734671000151,00003059886466,MARLUZA REBOUCAS DA SILVA,N,2017,10
44734671000151,00072155485468,PAULO CESAR DE LIMA,N,2017,10
60619202001209,00026175606434,DAMIAO TEOFILO DE SOUZA,N,2017,10
70026240000140,00040620735449,ANA BEATRIZ DE CARVALHO WANDERLEY,N,2017,10
70026240000140,00046618945453,FLAVIO CARVALHO DANTAS WANDERLEY,N,2017,10
70027479000135,00001224548477,DIEGO DE PAIVA PESSOA,N,2017,10
70027479000135,00005705753462,DENNIS DE PAIVA PESSOA,N,2017,10
70041397001974,00006123256440,HEITOR LEONI FERNANDES DE ARAÚJO,N,2017,10
70041397001974,00052345637404,HELDER DE MEDEIROS ARAUJO,N,2017,10
70046685000192,00015531520425,MARIA CILENE DE ALMEIDA,N,2017,10
70046685000192,00023089776472,CASCIMIRO FRANCISCO NETO,N,2017,10
70151782000145,00043019684404,ANTONIO GURGEL DE BRITO,N,2017,10
70151782000145,00047475900487,HERONIDES GURGEL NETO,N,2017,10
70152095000144,00006922593413,LAYSE DE SOUZA MAIA,N,2017,10
70152095000144,00070242422489,LETICIA SOUZA CAVALCANTE,N,2017,10
70154968000158,00014157560400,PAULO JOSE FERREIRA DE MELO,N,2017,10
70154968000158,00035242191449,JOSE CLAUDIO FERREIRA DE MELO,N,2017,10
70154968000158,00044335695420,SILVIO JOSE FERREIRA DE MELO,N,2017,10
70154968000158,04410009000121,VENEZA PARCICIPAOES LTDA,N,2017,10
70309885000190,00001019338431,ALANOR MEDEIROS FILHO,N,2017,10
70309885000190,00002740741413,ALYSSON AZEVEDO DE MEDEIROS,N,2017,10
70309885000190,00067113710468,ALDENOR AZEVEDO MEDEIROS,N,2017,10
70309885000190,00091526248468,ALDEIZA AZEVEDO DE MEDEIROS,N,2017,10
70313697000136,00014300176434,FRANCISCO ASSIS DE LIMA,N,2017,10
70313697000136,00031672175453,HOSANA MARIA DE MEDEIROS,N,2017,10
70316179000176,00012711055434,JOSE ALBERTO NOVAIS DA SILVA BARBOSA,N,2017,10
70316179000176,00040704580420,REJANE MARTINS NOVAIS BARBOSA,N,2017,10
70316922000198,00053898303420,EMERSON NETO DUTRA CAVALCANTI,N,2017,10
70321492000100,00090365810444,FRANCISCO ANTONIO DE OLIVEIRA,N,2017,10
97543205000155,00007626787471,ALDEMIR LOPES GALVAO JUNIOR,N,2017,10
