socio_cnpj_cpf_emitente,socio_cpf_socio_emitente,socio_nome_socio,socio_eh_adm,ano_nota,mes_nota
00474300001346,00005954844844,CARLO PORRO,N,2018,04
00474300001346,00006351160812,LUIZ ROBERTO MALDONADO BARCELOS,N,2018,04
00474300001346,00012558704869,RICHARD AUGUST MULLER,N,2018,04
00474300001346,00041392400406,MARCONI CLIMACO DE LIMA,N,2018,04
00474300001346,06138654000162,HIGH QUALITY SOCIEDAD ANONIMA,N,2018,04
00474300001346,10741987000159,FAMOSA PARTICIPACOES S/A,N,2018,04
00504923000180,00030806062487,CLECIO DA CAMARA AZEVEDO,N,2018,04
00504923000180,00062646508468,PEDRO FLAVIO QUEIROZ BARBOSA,N,2018,04
00616936000222,00008601253431,ANDRE FELIPE CHIAPPETTA DOS SANTOS CAMAROTTI,N,2018,04
00616936000222,00043251749404,SALVINO ANTONIO CAMAROTTI,N,2018,04
00616936000222,00068499604404,SILVIO ROMERO DE ALBUQUERQUE CAVALCANTI,N,2018,04
00622097000174,00048130192420,JORGE GODEIRO MASSUD,N,2018,04
00694783000150,00040570118468,OSMARISE DE SOUZA LIRA,N,2018,04
00713399000158,00046539255420,ALDENOR WELLINGTON N DOS SANTOS,N,2018,04
00800611000114,00000064730409,KLEYBER TINOCO DE ANDRADE,N,2018,04
00800611000114,00023125080444,WAGNER TINOCO DE ANDRADE,N,2018,04
00849990000137,00046595902400,EDILMA GOMES PEREIRA RODRIGUES,N,2018,04
00849990000137,00066479169468,ANA CECILIA LIMA DE OLIVEIRA FIGUEIREDO,N,2018,04
00870515000223,00002006111434,MORVANILDO DOS SANTOS MEDEIROS,N,2018,04
00870515000223,00052960048415,MARIA DE FATIMA DE AZEVEDO MEDEIROS DE ARAUJO,N,2018,04
00891024000188,00002280474476,FRANCISCA DAS CHAGAS NOBREGA DE ANDRADE,N,2018,04
00891024000188,00078519136400,JOSE ANTONIO NETO,N,2018,04
01122617000142,00001986953491,MANOEL FELICIANO MAIA DE SOUZA,N,2018,04
01122617000142,00067145752468,ROBERTO SHELMAN DE SOUZA,N,2018,04
01122617000142,00070220735468,RICARDO SHELMAN DE SOUZA,N,2018,04
01122617000142,00091405017449,MARILIA SHELMAN DE SOUZA,N,2018,04
01170738000160,00000745930484,FRANCISCA HERCINA LEITE,N,2018,04
01170738000160,00002008262472,JOSE RIBAMAR LEITE,N,2018,04
01184984000170,00020204078415,MARIA OLIVEIRA DE MEDEIROS,N,2018,04
01184984000170,00049011570430,JOAO BATISTA,N,2018,04
01299396000182,00001532218443,FRANCISCO HUGO AIRES NUNES,N,2018,04
01299396000182,00010865250430,FRANCISCO DAS CHAGAS NUNES,N,2018,04
01587150000106,00002285807490,NADJA PATRICIA DE LIMA FREDERICO,N,2018,04
01587150000106,00002794507451,ALLAN GLEYSON DE LIMA FREDERICO,N,2018,04
01611859000280,00062630202453,POLIANA MARA DE GOES CUNHA FERNANDES,N,2018,04
01611859000280,00072217740482,ROBINSON MARIUS DE GOES CUNHA,N,2018,04
01653918000100,00020039514404,JOAQUIM FERNANDES NETO,N,2018,04
01653918000100,00042255627434,ANA MARCIA SANTOS DE SOUZA FERNANDES,N,2018,04
01663156000115,00002154512445,VERUSKA LORY GOIS OLIVEIRA DE ARAUJO,N,2018,04
01677278000160,00002544807482,KARLA JANINI PEDROZA JUCA TAVARES,N,2018,04
01677278000160,00072257210468,SERGIO ROBERTO PEDROZA JUCA,N,2018,04
01677278000160,00082921547449,ALEXANDRE MAGNUS PEDROZA JUCA,N,2018,04
01714488000181,00000473731487,JESUINO DE AZEVEDO FILHO,N,2018,04
01714488000181,00006898092391,ZENILTON DA COSTA DANTAS,N,2018,04
01714488000181,00052563952891,YOLITA DANTAS BATISTA,N,2018,04
01911115000109,00053086082453,ELIAS MACEDO DE MEDEIROS,N,2018,04
02037818000104,00003983282423,SABRINA NOGUEIRA CABRAL,N,2018,04
02037818000104,00091574579487,IVANILDO NERES DA SILVA,N,2018,04
02070623000166,00002240716452,NARY SEMONE DE FREITAS,N,2018,04
02070623000166,00070291187404,EDILENE FERREIRA DE AQUINO FREITAS,N,2018,04
02152950000167,00027579590425,IVANILDO ALVES VERAS,N,2018,04
02152950000167,00041403517487,MARIA JOSE DOS SANTOS VERAS,N,2018,04
02171385001076,00032257139453,FRANCISCO BORGES DE ANDRADE,N,2018,04
02171385001076,00042335000420,BERNADETE TEIXEIRA DE LIRA ANDRADE,N,2018,04
02223631000103,00042356580425,ADRIANA JACOME PATRIOTA MEDEIROS,N,2018,04
02223631000103,00050339095415,HELDER LIRA MEDEIROS,N,2018,04
02357637000165,00033601194449,REJANE LIDICE B DE OLIVEIRA,N,2018,04
02363498000182,00057457603468,ILENILDO JACOME DE OLIVEIRA,N,2018,04
02363498000182,00085268216449,ALEXANDRA LUCIO OLIVEIRA JACOME,N,2018,04
02365912000192,00000871331489,GUSTAVO QUEIROZ CANDIDO,N,2018,04
02365912000192,00003961724407,LEANDRO DE MELO NASCIMENTO,N,2018,04
02365912000192,00007631367434,AGNELO CANDIDO DO NASCIMENTO,N,2018,04
02365912000192,00017613523420,ALBERTO PEREIRA NASCIMENTO,N,2018,04
02365912000192,00039014584415,MARIA DE LOURDES PEREIRA NASCIMENTO,N,2018,04
02365912000192,12613006000113,TRANSNACIONAL TRANSPORTE NACIONAL DE PASSAGEIROS LTDA,N,2018,04
02374149000166,00006126754409,RITA DE KARCIA DOS SANTOS VALE,N,2018,04
02374149000166,00053817796404,SOSTENES DE OLIVEIRA VALE,N,2018,04
02440676000121,00009640797472,RITA DE CASSIA DO NASCIMENTO BARBOSA,N,2018,04
02440676000121,00019923902404,ANTONIO FELIX BARBOSA FILHO,N,2018,04
02464845000163,00020037635468,JOSE ZITO BEZERRA FILHO,N,2018,04
02464845000163,00023052554468,ROSANGELA VASCONCELOS BEZERRA,N,2018,04
02498610000192,00029396123404,SILVIO ROBERTO ARAUJO DE MEDEIROS,N,2018,04
02498610000192,00046518517468,ANTONIA CLEIDE LINHARES DE ARAUJO,N,2018,04
02519646000105,00059622717420,CESAR HENRIQUE COUTINHO DE MEDEIROS,N,2018,04
02519646000105,00085086070406,RACHEL DUARTE AZEVEDO DE MEDEIROS,N,2018,04
02620622000148,00004510385412,ARMISTRONG GLEIDSON DE MEDEIROS VALE,N,2018,04
02620622000148,00015594637400,VALDIR VALE DE ARAUJO,N,2018,04
02715754000153,00006091841483,DAVID DA SILVA ARAUJO,N,2018,04
02715754000153,00008600896495,DIEGO DA SILVA ARAUJO,N,2018,04
02781783000113,00006516776458,THIAGO IGOR ALVES DE OLIVEIRA,N,2018,04
02781783000113,00039152014487,JOSEFA GONCALO DE MOURA,N,2018,04
02795690000148,00002837251410,MARIA GORETE PEREIRA DA COSTA VASCO,N,2018,04
02795690000148,00079087809468,BENTO DE LIMA VASCO,N,2018,04
02800122000198,00000742176401,ISABEL FERNANDES DE ARAUJO,N,2018,04
02800122000198,00001988867487,JOSE BEZERRA DE ARAUJO,N,2018,04
02842814000107,00003450130420,ROSEANA DE FREITAS RAMOS,N,2018,04
02842814000107,00005743249415,MARIA LECIMAR DE FREITAS RAMOS,N,2018,04
02874640000156,00082933090406,FRANCISCA FRASSINETE D G SANTOS,N,2018,04
03034090000120,00033662185415,GILMAR DOS SANTOS ARAUJO,N,2018,04
03034090000120,00085285978491,VERA LUCIA DE SOUZA,N,2018,04
03066662000152,00008187280433,ANDRE DE QUEIROZ LEITE JALES,N,2018,04
03066662000152,00022975462468,ANTONIO LEITE JALES,N,2018,04
03066662000152,00056615914468,ZAULEIDE DE QUEIROZ LEITE,N,2018,04
03152420000181,00066387140404,ANTONIO GENIVAN DE OLIVEIRA,N,2018,04
03152420000181,00066387612420,FRANCISCO GEILSON DE OLIVEIRA,N,2018,04
03209454000165,00006973981453,FERNANDO ANTONIO MARINHO PEREIRA,N,2018,04
03209454000165,00085049948487,ANA LUCIA SOARES PEREIRA,N,2018,04
03271641000179,00000762675470,KLEIBER FLAVIO SILVA COSTA,N,2018,04
03271641000179,00000762676442,KLEYTON FABIO SILVA COSTA,N,2018,04
03271641000179,00010697616487,JOSAFA ARAUJO DA COSTA,N,2018,04
03338081000122,00007426993400,IGOR DE SA LEITAO PINHEIRO DE GOUVEIA,N,2018,04
03338081000122,00019973330404,ZARA DE SA LEITAO PINHEIRO DE GOUVEIA,N,2018,04
03462662000171,00002647008485,EMIKSON FABIO HENRIQUE BARRETO,N,2018,04
03462662000171,00010669086487,MARIA GORETH HENRIQUE GODEIRO BARRETO,N,2018,04
03462662000171,00020063709449,JOSE NILSON BARRETO,N,2018,04
03524050000166,00001359321497,MARILIA MEDEIROS DE MENDONCA BEZERRA,N,2018,04
03524050000166,00008858110463,LUZIA FRANCISCA MEDEIROS DE MENDONCA,N,2018,04
03633939000181,00011104469421,BARBARA ELLEN AGUIAR DE ALMEIDA,N,2018,04
03633939000181,00032375352491,EDNALDO RODRIGUES DE ALMEIDA,N,2018,04
03635253000120,00002550810490,MARIA JOSE DE ANDRADE REGES,N,2018,04
03635253000120,00007859902400,GILVAN MONTEIRO REGES,N,2018,04
03756642000103,00002697710426,ALMAQUIO SOARES NETO,N,2018,04
03756642000103,00070077892429,ARTHUR TORQUATO FERNANDES SOARES,N,2018,04
03832831000118,00003390898905,CINTIA BASSANEZI,N,2018,04
03832831000118,00098491628991,SANDRO DALPASQUAL,N,2018,04
03954830000308,00014375362472,IVO NILSON LOPES DE MEDEIROS,N,2018,04
03954830000308,00020084234415,MARIA DO SOCORRO COSTA DE MEDEIROS,N,2018,04
03954830000499,00014375362472,IVO NILSON LOPES DE MEDEIROS,N,2018,04
03954830000499,00020084234415,MARIA DO SOCORRO COSTA DE MEDEIROS,N,2018,04
03954830000731,00014375362472,IVO NILSON LOPES DE MEDEIROS,N,2018,04
03954830000731,00020084234415,MARIA DO SOCORRO COSTA DE MEDEIROS,N,2018,04
03954830002432,00014375362472,IVO NILSON LOPES DE MEDEIROS,N,2018,04
03954830002432,00020084234415,MARIA DO SOCORRO COSTA DE MEDEIROS,N,2018,04
04233645000125,00000747784477,ILIANE FERNANDES DE VASCONCELOS,N,2018,04
04233645000125,00058659447468,GLAUBER JOSE ROCHA BORJA,N,2018,04
04385537000178,00037819402415,MARIA APARECIDA DE SOUSA OLIVEIRA,N,2018,04
04385537000178,00079136311472,GERHARD MULLER CARLOS TOMAS,N,2018,04
04385909000166,00048138002468,ALEXANDRE TORRES BARBALHO,N,2018,04
04385909000166,00091534690468,LENILDE TORRES GALVAO BARBALHO,N,2018,04
04451626000175,00018232450487,CLETO FERREIRA,N,2018,04
04451626000175,00041327330415,ANA MARIA PINHEIRO FERREIRA,N,2018,04
04457498000177,00087790769472,LADGERDE LOPES FERNANDES,N,2018,04
04471402000125,00000938449486,WAGNER MENDONCA EBARA,N,2018,04
04471402000125,00011995670944,PEDRO TAKUO EBARA,N,2018,04
04471402000125,00092606008553,EVERTON MENDONCA EBARA,N,2018,04
04471402000125,00092689248549,GILDO MENDONCA EBARA,N,2018,04
04508969000129,00010856790478,TULIO DE OLIVEIRA GOMES,N,2018,04
04629001000150,00011400831474,MARIA ALICE LOPES VIDAL TRINDADE,N,2018,04
04629001000150,00065273907420,MARIA DE LOURDES LOPES VIDAL,N,2018,04
04652899000188,00059774800400,JOSE VASCONCELOS DA ROCHA JUNIOR,N,2018,04
04652899000188,00090402693434,ANA EMILIA TRIGUEIRO CAVALCANTI DA ROCHA,N,2018,04
04661568000104,00000989432432,MAISON WANDORTHE DE FONTES REGO,N,2018,04
04661568000104,00001333014430,CHARLES DEAN DE FONTES REGO,N,2018,04
04661568000104,00002467961460,NORAYDE JANAINA DE FONTES REGO BARRETO,N,2018,04
04661568000104,00010726225487,FRANCISCO XAVIER DO REGO,N,2018,04
04679119000193,00000848782402,SANDRA REJANE DA SILVA MOURA,N,2018,04
04679119000193,00042132797404,RENILSON NERY DE MOURA,N,2018,04
04701515000170,00002343755400,TASLA CAPISTRANO GONZAGA MENDES,N,2018,04
04701515000170,00003603888413,THAISA CAPISTRANO GONZAGA DE ANDRADE,N,2018,04
04701515000170,00029773300463,MARIA ILZA DA CONCEICAO CAPISTRANO,N,2018,04
04701515000170,00085215473404,JANDIRA CAPISTRANO GONZAGA,N,2018,04
04701515000170,00085215570434,THIAGO CAPISTRANO GONZAGA,N,2018,04
04702107000132,00008896011434,MILSON LIMA DA SILVA,N,2018,04
04731614000102,00056549407400,RENATO MELO TRIGUEIRO,N,2018,04
04731614000102,00065529472400,FLAVIO VARELA DE CARVALHO,N,2018,04
04770238000157,00000871330407,RODRIGO QUEIROZ CANDIDO,N,2018,04
04770238000157,00007631367434,AGNELO CANDIDO DO NASCIMENTO,N,2018,04
04770238000157,00017613523420,ALBERTO PEREIRA NASCIMENTO,N,2018,04
04770238000157,00039014584415,MARIA DE LOURDES PEREIRA NASCIMENTO,N,2018,04
04770238000157,12613006000113,TRANSNACIONAL TRANSPORTE NACIONAL DE PASSAGEIROS LTDA,N,2018,04
04805345000173,00079160395400,JOZILMA MARIA DE CARVALHO,N,2018,04
04839900000188,00014375362472,IVO NILSON LOPES DE MEDEIROS,N,2018,04
04839900000188,00020084234415,MARIA DO SOCORRO COSTA DE MEDEIROS,N,2018,04
04839900000340,00014375362472,IVO NILSON LOPES DE MEDEIROS,N,2018,04
04839900000340,00020084234415,MARIA DO SOCORRO COSTA DE MEDEIROS,N,2018,04
04839900000501,00014375362472,IVO NILSON LOPES DE MEDEIROS,N,2018,04
04839900000501,00020084234415,MARIA DO SOCORRO COSTA DE MEDEIROS,N,2018,04
04839900000773,00014375362472,IVO NILSON LOPES DE MEDEIROS,N,2018,04
04839900000773,00020084234415,MARIA DO SOCORRO COSTA DE MEDEIROS,N,2018,04
04839900000854,00014375362472,IVO NILSON LOPES DE MEDEIROS,N,2018,04
04839900000854,00020084234415,MARIA DO SOCORRO COSTA DE MEDEIROS,N,2018,04
04861899000198,00000899669450,ANA CLEZA DA COSTA,N,2018,04
04861899000198,00002435492456,MARIA NELMA DO NASCIMENTO COSTA,N,2018,04
04958358000263,00058289151420,ELISIEL UBIRAJARA MARQUES,N,2018,04
04958358000263,00066502705472,RONALDO ARAUJO DOS SANTOS,N,2018,04
04987374000101,00003204632490,MARTA MESSIAS DE MESQUITA,N,2018,04
04987374000101,00006988230440,MAXKSON MESSIAS DE MESQUITA,N,2018,04
05009904000100,00004743503477,TUTOVAN DA SILVA MORAES,N,2018,04
05014128000128,00023039574434,MARCELO TRIGUEIRO DE MORAIS,N,2018,04
05014128000128,00042262330425,JOAO FELIX DA SILVA,N,2018,04
05029157000163,00002238112464,CLARA MARIA NETA DANTAS SOTERO,N,2018,04
05112922000104,00002734105470,ADRIANO PAIVA DE MELO,N,2018,04
05112922000104,00039493180468,DJALMA ALBUQUERQUE CARNEIRO DA CUNHA,N,2018,04
05128226000196,00003250809411,MAIRAN KLEBER ARAUJO DANTAS,N,2018,04
05128226000196,00003928066498,MAILTON ARAUJO DANTAS,N,2018,04
05128226000196,00004719706460,MICHEL ARAUJO DANTAS,N,2018,04
05128226000196,00097700967415,MARLON ARAUJO DANTAS,N,2018,04
05140795000157,00006724713455,SAMUEL RODRIGO SOUZA DE SALES,N,2018,04
05140795000157,00015081613487,JOSE LUCAS DE SALES,N,2018,04
05140795000238,00006724713455,SAMUEL RODRIGO SOUZA DE SALES,N,2018,04
05140795000238,00015081613487,JOSE LUCAS DE SALES,N,2018,04
05146374000133,00002328539408,GERALDO ANDERSON MOREIRA FEITOSA,N,2018,04
05195530000156,00002769726439,RAILSON BENEDITO FERREIRA,N,2018,04
05195530000156,00055942342415,CLEONICE FELIPE DOS SANTOS,N,2018,04
05211683000140,00004212546450,PAULO CEZAR ALVES DE ARAUJO,N,2018,04
05211683000140,00005223255488,MARIA ELIZANGELA DA CUNHA DE ARAUJO,N,2018,04
05303455000108,00047388676449,PEDRO BRUNO DE SOUTO,N,2018,04
05369850000185,00002690961407,JOAO EDSON SOARES,N,2018,04
05369850000185,00087851075491,MAXMILIANO ANDRADE DE MENDONCA,N,2018,04
05434625000185,00077936922415,IVAN FRANCISCO ROCHA,N,2018,04
05452665000150,00005638211403,CARLA CAROLINE RODRIGUES DE SOUZA,N,2018,04
05452665000150,00063127660472,PEDRO GILSON DE SOUZA,N,2018,04
05587520000328,00005083696495,ANTONIO PAIVA FERNANDES FILHO,N,2018,04
05587520000328,00008296605422,LUANA LORENA DE OLIVEIRA SOUZA,N,2018,04
05587629000101,00004768516459,KAROLINE VASCONCELOS BEZERRA,N,2018,04
05660173000150,00001215658400,RICARLIANE SILVA DOS SANTOS,N,2018,04
05660173000150,00002488245461,RENATA SILVA DOS SANTOS,N,2018,04
05676120000127,00003091671402,ANA LIVIA QUEIROZ ALMEIDA LIMA,N,2018,04
05676120000127,00009027056447,JEFFERSON DA SILVA,N,2018,04
05676120000127,00023062681420,MARIA DE LOURDES ARAUJO DE LIMA,N,2018,04
05772773000100,00004648696417,JUAREZ FERNANDES DE QUEIROZ NETO,N,2018,04
05772773000100,00004648701437,WILSON RODRIGUES FERNANDES JUNIOR,N,2018,04
05777741000105,00003032521467,MARINA SOARES GURGEL,N,2018,04
05777741000105,00004133166450,SAMARA CARDOSO DE SOUZA,N,2018,04
05818747000175,00001016600496,LUANA BATISTA DE MACEDO LACET,N,2018,04
05818747000175,00008766777402,WERNECK LIMA DE CARVALHO FILHO,N,2018,04
06004897000108,00003588028498,MARIA JANAINA VASCONCELOS DE AMORIM,N,2018,04
06004897000108,00095219218549,FRANKLIN DOUGLAS VASCONCELOS DE AMORIM,N,2018,04
06047174000196,00001662234414,VINICIUS ELIEL CAVALCANTE DOS SANTOS,N,2018,04
06047174000196,00008512835435,ISA CAVALCANTE DOS SANTOS COSTA,N,2018,04
06053724000180,00081292180463,ELENILSON AUGUSTINHO,N,2018,04
06098753000320,00028670221420,FRANCISCO HERMANO QUEIROZ CAVALCANTI,N,2018,04
06098753000320,00052767361468,OTAVIO BEZERRA DO REGO BARROS,N,2018,04
06098753000320,00066512034449,ROBERTO MORCOURT DO REGO BARROS,N,2018,04
06098753000320,00082864888491,LEONARDO VIDAL BARBOSA,N,2018,04
06198597000107,00027187322453,FRANCISCA SOLANGE DE SOUSA COSTA,N,2018,04
06198597000107,00053410505504,JOSE PEREIRA DA COSTA JUNIOR,N,2018,04
06231164000106,00005714556461,JIVAGDA RAMONNA FERREIRA DOS SANTOS,N,2018,04
06231164000106,00010255271433,LUCIO FLAVIO GARCIA DE ARAUJO NETO,N,2018,04
06912821000180,00001191224481,MARIA ADEILMA NUNES,N,2018,04
06912821000180,00048229628491,EDINALDO NUNES DE LIMA,N,2018,04
06964385000193,00010591525410,REBECA IAQUINTO,N,2018,04
06964385000193,00061043966820,LUIZ ANTONIO IAQUINTO,N,2018,04
06964537000158,00000819855413,ERIKA RAMOS DA CUNHA MEDEIROS,N,2018,04
06964537000158,00010874784484,INGRYD CUNHA MEDEIROS,N,2018,04
07010513000122,00075195739404,LUZIVAM LINO DO NASCIMENTO,N,2018,04
07010513000122,00082910588491,ALVANA MAGALY ALVES DE SOUZA LINO,N,2018,04
07016933000116,00022168966400,TERESINHA PEREIRA DA SILVA,N,2018,04
07016933000116,00076129985487,TEREZA LAURA LUCAS PIRES,N,2018,04
07018761000110,00004966573483,THIAGO BRAGA WANDERLEY,N,2018,04
07018761000110,00078594863420,ROGERIO BEZERRA TINOCO,N,2018,04
07019741000163,00003422932496,EUNICE LEITE SILVA,N,2018,04
07019741000163,00004570018440,MARIA EUNICE LEITE SILVA,N,2018,04
07039495000101,00001311946403,LARISSA MARIA MENEZES DA SILVA,N,2018,04
07039495000101,00006465830426,ELIAS JACOB DE MENEZES NETO,N,2018,04
07039495000101,00006891979420,MARIO SOARES DA SILVA NETO,N,2018,04
07081522000104,00073887005449,LUIS CARLOS ANDRADE,N,2018,04
07081522000104,00094292574472,ANTONIO PINTO DA COSTA,N,2018,04
07095972000156,00002102460495,PATRICIA DE MEDEIROS,N,2018,04
07095972000156,00072122528400,ETELVINO PATRICIO DE MEDEIROS,N,2018,04
07096443000177,00004078903436,UZIEL BARBOSA DE FRANCA,N,2018,04
07096443000177,00006945436837,VAGNER CICCARELLI,N,2018,04
07114802000171,00001677924403,ALEXANDRE CESAR BATISTA DE MORAIS FILHO,N,2018,04
07114802000171,00003828543499,ROMEIKA DE MORAIS COSTA BATISTA,N,2018,04
07114802000171,00064288455472,JOSE RONALDO DE MORAIS COSTA,N,2018,04
07116969000929,00001152351400,GENIVAN JOSUE BATISTA,N,2018,04
07116969000929,28862538000124,JARDIM PARTICIPACOES LTDA,N,2018,04
07116969001577,00001152351400,GENIVAN JOSUE BATISTA,N,2018,04
07116969001577,28862538000124,JARDIM PARTICIPACOES LTDA,N,2018,04
07116969001658,00001152351400,GENIVAN JOSUE BATISTA,N,2018,04
07116969001658,28862538000124,JARDIM PARTICIPACOES LTDA,N,2018,04
07147050000145,00037878042420,CELIA DE MEDEIROS DANTAS PIRES FERREIRA,N,2018,04
07147050000145,00040568296400,HUMBERTO DANTAS PIRES FERREIRA,N,2018,04
07194915000124,00050304135453,JANETE MEDEIROS DE AZEVEDO OLIVEIRA,N,2018,04
07194915000124,00087744279468,EDINEIDE AZEVEDO DE OLIVEIRA,N,2018,04
07197718000916,00001342550382,NERTAN DE MELO RIBEIRO,N,2018,04
07197718000916,00056053363391,ANDRE LEAO RIBEIRO,N,2018,04
07197718000916,00077836715353,PABLO LEAO RIBEIRO,N,2018,04
07209477000120,00049834231415,MILTON  EZEQUIEL FONSECA FILHO,N,2018,04
07209477000120,00050070940487,PATRICIA TAVARES AFONSO FONSECA,N,2018,04
07212081000132,00002269019474,JOSE MOURA DE CARVALHO NETO,N,2018,04
07212081000132,00003418452485,NEZILDA DE ARAUJO DANTAS,N,2018,04
07262134000120,00056572492400,SONIA MARIA DOS SANTOS,N,2018,04
07262134000120,00077901797487,RAIMUNDO FREIRE DA SILVA,N,2018,04
07305986000157,00001697767435,JOSEILSON DANTAS DE MEDEIROS,N,2018,04
07305986000157,00002689583437,SEBASTIAO DE AZEVEDO DANTAS,N,2018,04
07326826000194,00030296773468,CARLOS ALBERTO DA CUNHA,N,2018,04
07326826000194,00040562697420,EDILMA MARIA FERNANDES,N,2018,04
07355441000155,00048939161491,BISMARCK MAGNUS DA SILVA,N,2018,04
07355441000155,00081323662472,LADJANE LOPES FRANCA MAGNUS,N,2018,04
07381118000156,00008799851784,ALFANIA RODRIGUES DA SILVA GUEDES,N,2018,04
07381118000156,00081293089400,EDUARDO GUEDES DE MOURA,N,2018,04
07443696000170,00001416623442,RUDA FERNANDES PEREIRA,N,2018,04
07443696000170,00001416624414,SACHA FERNANDES PEREIRA,N,2018,04
07443696000170,00001416625496,SANDI FERNANDES PEREIRA,N,2018,04
07443696000170,00066455707400,LEILA MARIA FERNANDES AUGUSTO,N,2018,04
07448838000191,00023119098434,FRANCISCO CARLOS DIAS CAMPOS,N,2018,04
07448838000191,00072186062704,JOSE ZENILDO DIAS CAMPOS,N,2018,04
07499370000164,00022223711472,IVONE LUCAS EVANGELISTA,N,2018,04
07499370000164,00096723530497,JOANITA GOMES EVANGELISTA,N,2018,04
07501423000134,00005545621466,NUBIA ALVES DA SILVA,N,2018,04
07501423000134,00006648239476,LEONARDO ALVES DA SILVA,N,2018,04
07509062000172,00001215658400,RICARLIANE SILVA DOS SANTOS,N,2018,04
07509062000172,00002488245461,RENATA SILVA DOS SANTOS,N,2018,04
07519899000100,00005068812455,LILIAN EMMANUELE MANICOBA GONCALVES,N,2018,04
07519899000100,00059785985415,FRANCISCO GENILSON DA SILVA,N,2018,04
07543171000106,00020207930406,ERINALDO MEDEIROS DE OLIVEIRA,N,2018,04
07543171000106,00022932720449,ANTONIO GALINHA DE MEDEIROS,N,2018,04
07552997000131,00007417433456,ERIKA CARVALHO DE SOUSA,N,2018,04
07552997000131,00057025819468,ZELIA MARIA COSME CARVALHO,N,2018,04
07601246000168,00000915578441,ELISDEIRE FERNANDES PINHEIRO,N,2018,04
07601246000168,00021455970425,SEBASTIAO PINHEIRO DE SOUZA,N,2018,04
07610338000104,00001434103340,MARILIA CAMPOS PESSOA NOGUEIRA,N,2018,04
07610338000104,00011636918441,NICOLAS CAMPOS NOGUEIRA,N,2018,04
07612031000142,00031598188453,EDINA MARIA BARBOSA DA SILVA ALMEIDA,N,2018,04
07693730000164,00004418847413,SIMONIDA QUEIROZ LOPES,N,2018,04
07693730000164,00085159972404,SILNEI DE QUEIROZ LOPES,N,2018,04
07807635000144,00002403377430,LUCILENE JUSTINO DANTAS,N,2018,04
07807635000144,00009222896467,IAGO VITOR DANTAS PEREIRA,N,2018,04
07849266000152,00002432729447,GEORGE UBENILTON PINHEIRO,N,2018,04
07849266000152,00006513350433,LUAN BRUNO DE ARAUJO MEDEIROS,N,2018,04
07887781000127,00001148936408,EMICARLA LIMA DANTAS DE AZEVEDO,N,2018,04
07887781000127,00002253919454,JUDENILDO KELLY FERNANDES DE AZEVEDO,N,2018,04
07939638000131,00002011423414,JOSE JEOMAR DE MEDEIROS,N,2018,04
07939638000131,00004168881431,MAXIMO WAGNER PEREIRA DE MACEDO,N,2018,04
07969641000106,00053761910444,MARQUIDONES VALAMIRA FERNANDES,N,2018,04
07969641000106,00056688946491,CLAUDIA MARIA DA COSTA FERNANDES,N,2018,04
07986555000101,00072197692453,ANTONIA EDNA SIMAO DO NASCIMENTO BEZERRA,N,2018,04
07986555000101,00073815527449,JOSE EDMO BEZERRA,N,2018,04
07991017000105,00000762675470,KLEIBER FLAVIO SILVA COSTA,N,2018,04
07991017000105,00000762676442,KLEYTON FABIO SILVA COSTA,N,2018,04
07991017000288,00000762675470,KLEIBER FLAVIO SILVA COSTA,N,2018,04
07991017000288,00000762676442,KLEYTON FABIO SILVA COSTA,N,2018,04
08005241000135,00002589532415,JOSE FERNANDES BEZERRA,N,2018,04
08005241000135,00022937838472,MARIA ANTONIA BEZERRA,N,2018,04
08010923000136,00000900738430,MARILENE MARIA MEDEIROS CRUZ,N,2018,04
08010923000136,00004189905496,RENATA SUZANA DE MEDEIROS CRUZ,N,2018,04
08010923000136,00004544920493,NARA MAIRA DE MEDEIROS CRUZ,N,2018,04
08040982000157,00001124609415,LEONILDES MARCOLINO DA COSTA,N,2018,04
08040982000157,00015461467415,CARLOS ALBERTO FREIRE DA COSTA,N,2018,04
08086001000102,00020019939434,NEWTON UCHOA DE ARAUJO,N,2018,04
08086001000102,00046681019404,FRANCINEIDE MAURA UCHOA DE ARAUJO,N,2018,04
08090078000156,00000775007412,DENIO ALVES DE OLIVEIRA,N,2018,04
08090078000156,00002828448487,JOSE ALVES NETO,N,2018,04
08090078000156,00096932350459,MARIA AUGUSTA DE OLIVEIRA ALVES,N,2018,04
08091529000170,00005940614400,FRANCISCO DAS CHAGAS PEREIRA DA SILVA,N,2018,04
08091529000170,00036496910430,FRANCISCO GINETE ANDRADE,N,2018,04
08106783003110,00005015693400,DURVAL JOSE DANTAS,N,2018,04
08106783003110,00079212387420,TANIA MARIA DANTAS,N,2018,04
08130668000165,00005684650406,HAZENCLEVE FREIRE DE MEDEIROS,N,2018,04
08130668000165,00028230779449,DORALICE FREIRE DE MEDEIROS,N,2018,04
08130668000165,00037643240400,JOANA DARC FREIRE DE MEDEIROS,N,2018,04
08149593000164,00002614219487,JOSE MARIA DE OLIVEIRA,N,2018,04
08149593000164,00079086721400,LUIS GONZAGA OLIVEIRA CARVALHO,N,2018,04
08226870000195,00002869986459,GIORGIA ANTONIA MACEDO GONCALVES,N,2018,04
08226870000195,00005680638487,FRANCISCO OTAVIO GONCALVES,N,2018,04
08226870000195,00065523121487,FRANCISCO LOPES DE MACEDO NETO,N,2018,04
08238974000110,00001012769402,ADRIANO ROBERTO ARAUJO DE AZEVEDO,N,2018,04
08238974000110,00014378205491,PEDRO CAMPOS DE AZEVEDO,N,2018,04
08238974000209,00001012769402,ADRIANO ROBERTO ARAUJO DE AZEVEDO,N,2018,04
08238974000209,00014378205491,PEDRO CAMPOS DE AZEVEDO,N,2018,04
08248403000166,00001161784420,JOSE AMADEU VALE,N,2018,04
08248403000166,00081364105420,MARIA GIZELDA DE MEDEIROS VALE,N,2018,04
08248676000100,00026074010463,MARIA DA CONCEICAO DE OLIVEIRA FERNANDES,N,2018,04
08248965000290,00001164392468,NELSON LUCAS PIRES,N,2018,04
08248965000290,00008987607470,LUCAS VICTOR PIRES,N,2018,04
08248965000290,00040576531472,NELSON LUCAS PIRES JUNIOR,N,2018,04
08252868000190,00048229601453,ALBERTO CARLOS PINHEIRO GONCALVES,N,2018,04
08252868000190,00072166738400,GEISA GONCALVES CAMARA PINHEIRO,N,2018,04
08284630000147,00001174991453,ANTONIETA MEDEIROS,N,2018,04
08284630000147,00001259547434,EDWIGES MEDEIROS,N,2018,04
08284630000147,00012993280406,PAULO PINHEIRO LOPES,N,2018,04
08285124000172,00002530376468,FERNANDO ALBINO RODRIGUES,N,2018,04
08285124000172,00065470524434,HENRIQUE SODRE RODRIGUES,N,2018,04
08286262000176,00046672559434,KLEIBER ANTUNES FURTADO JUNIOR,N,2018,04
08286262000176,00093874022404,MARIA DO SOCORRO FURTADO,N,2018,04
08326720000153,00001167006453,JOSEBEL DA COSTA CIRNE,N,2018,04
08326720000153,00002358221406,FABSON LIRA CIRNE,N,2018,04
08326720000153,00003039123408,RICARDO LIRA CIRNE,N,2018,04
08326720000153,00037885928420,SERGIO ROBERTO DE MEDEIROS CIRNE,N,2018,04
08326720000153,00083729283472,MARIA DE FATIMA LIRA CIRNE,N,2018,04
08326720000153,00089816218453,GERLIZA LIRA CIRNE GASPAR,N,2018,04
08328395000834,00013056514487,JOAQUIM TARCISIO CAMARA FLOR,N,2018,04
08328395000834,00013912844453,TANIA MARIA FLOR RIBEIRO,N,2018,04
08328395000834,00014063654400,TULIO MAURICIO CAMARA FLOR,N,2018,04
08328395000834,00022133755420,THELMA MARIA FLOR ALENCAR,N,2018,04
08328395000834,00033651981487,TATIANA MARIA FLOR GUEDES,N,2018,04
08328395000834,00035758643491,TERCIO CAMARA FLOR,N,2018,04
08328395000834,00036998842449,TARCIO HENRIQUE CAMARA FLOR,N,2018,04
08328395000834,00037848585468,TANILDA MARIA CAMARA FLOR FREITAS,N,2018,04
08328395000834,00056585721420,MARIA DE LOURDES CAMARA FLOR,N,2018,04
08345621000119,00001210402408,CAMILA GOMES FERNANDES DE SOUZA,N,2018,04
08345621000119,00001210941465,CAROLINE GOMES FERNANDES DE SOUZA,N,2018,04
08345621000119,00003554335401,ENIO GOMES FERNANDES DE SOUZA,N,2018,04
08345621000119,00003796507468,FRANCISCO FERNANDES DE SOUZA,N,2018,04
08345621000119,00009048138434,MARIA DA CONCEICAO FERREIRA GOMES DE SOUZA,N,2018,04
08345698000199,00003524633412,KELY REGINA DAS CHAGAS MEDEIROS,N,2018,04
08363806000156,00007606877491,GUSTAVO ANTONIO CABRAL BEZERRA,N,2018,04
08363806000156,00037878425434,JOSETE CABRAL BEZERRA,N,2018,04
08383481000173,00020019939434,NEWTON UCHOA DE ARAUJO,N,2018,04
08383481000173,00046681019404,FRANCINEIDE MAURA UCHOA DE ARAUJO,N,2018,04
08385213000190,00000749347406,AILA AYRES NERY,N,2018,04
08385213000190,00002378816405,ALEA AIRES NERY SALUSTIANO,N,2018,04
08385213000190,00076207030478,ALEX AYRES NERY,N,2018,04
08385809000190,00006919223490,CAIO SERGIO DAMASCENO DE ARAUJO,N,2018,04
08385809000190,00010680462449,ROBERTO SERGIO DE ARAUJO,N,2018,04
08399054000183,00005721806168,ROBSON DE MACEDO VIEIRA,N,2018,04
08399054000183,00038006634491,THELMA LUCIA CHAGAS DE MACEDO,N,2018,04
08456584000116,00003790380482,MOALDO JOSE DANTAS TAVARES,N,2018,04
08456584000116,00004979859429,VIVIANE RIBEIRO TAVARES,N,2018,04
08456584000116,00094338477415,MAXON FLAVIO RIBEIRO TAVARES,N,2018,04
08459968000192,00040555186415,ENIO RICARDO SINEDINO DE OLIVEIR,N,2018,04
08459968000192,00072112603434,MICHELLE ALVES SINEDINO DE OLIVEIRA,N,2018,04
08470288000170,00001141074400,JOAO BEZERRA GALVAO,N,2018,04
08470288000170,00021433259400,JOAO ALFREDO GUIMARAES GALVAO,N,2018,04
08470288000170,00042311039415,TEREZA MARCIA GALVAO GUIMARAES,N,2018,04
08470288000170,00044406398449,VERONICA GUIMARAES GALVAO,N,2018,04
08473985000265,00002764341458,THAYANNE FLOR ALVARES DANTAS,N,2018,04
08473985000265,00007485506404,DIOGENES DANTAS ALVARES,N,2018,04
08480816000171,00030795397453,RUTENIO GONDIM DE QUEIROZ,N,2018,04
08480816000171,00032530102449,TERESA GLICIA GONDIM DE QUEIROZ,N,2018,04
08482895000150,00007414510425,ORISMAR CARLOS DE ALMEIDA,N,2018,04
08482895000150,00007501188491,ANTONIMAR CARLOS DE ALMEIDA,N,2018,04
08505026000101,00048410624834,ANEZIO MARQUES DE SOUZA,N,2018,04
08505026000101,00085271420400,MARIA IRLETE NUNES DE SOUZA,N,2018,04
08505901000147,00033614920410,JOSIVALDO CLEMENTE DE OLIVEIRA,N,2018,04
08505901000147,00087804603487,MARIA NIVALDA DE OLIVEIRA,N,2018,04
08505901000147,08399834000123,ALVARO DE OLIVEIRA & CIA LTDA,N,2018,04
08546773000180,00000896196410,CLAUDIA JAQUELINY NUNES FERNANDES,N,2018,04
08546773000180,00077942167453,JOHN LENNON FERNANDES LIMA,N,2018,04
08547366000197,00036905860468,ARISTOTELES DE VASCONCELOS NETO,N,2018,04
08547366000197,00065486552491,JOSE LIDERZIO FERREIRA DE VASCONCELOS JUNIOR,N,2018,04
08547432000129,00005117305434,HUGO NOBRE CABRAL,N,2018,04
08547432000129,00018236766420,LEA BARBOSA CABRAL,N,2018,04
08547432000200,00005117305434,HUGO NOBRE CABRAL,N,2018,04
08547432000200,00018236766420,LEA BARBOSA CABRAL,N,2018,04
08547432000390,00005117305434,HUGO NOBRE CABRAL,N,2018,04
08547432000390,00018236766420,LEA BARBOSA CABRAL,N,2018,04
08547432000552,00005117305434,HUGO NOBRE CABRAL,N,2018,04
08547432000552,00018236766420,LEA BARBOSA CABRAL,N,2018,04
08547432000633,00005117305434,HUGO NOBRE CABRAL,N,2018,04
08547432000633,00018236766420,LEA BARBOSA CABRAL,N,2018,04
08547432000803,00005117305434,HUGO NOBRE CABRAL,N,2018,04
08547432000803,00018236766420,LEA BARBOSA CABRAL,N,2018,04
08547432001010,00005117305434,HUGO NOBRE CABRAL,N,2018,04
08547432001010,00018236766420,LEA BARBOSA CABRAL,N,2018,04
08553216000196,00003947289472,MARIA CABRAL DE ALBUQUERQUE,N,2018,04
08553216000196,00015672778453,CORINA CABRAL DE ALBUQUERQUE,N,2018,04
08553216000196,00031203248415,JOSE CABRAL DE ALBUQUERQUE,N,2018,04
08563934000143,00003036832440,JOSE DOS SANTOS PINHEIRO DA SILVA JUNIOR,N,2018,04
08563934000143,00087765942468,ANDRE CIRILO DE OLIVEIRA PINHEIRO,N,2018,04
08576605000137,00005375446405,FRANCISCO EDILSON XAVIER REBOUCAS SEGUNDO,N,2018,04
08576605000137,00013014110434,FRANCISCO EDILSON XAVIER REBOUCAS,N,2018,04
08576605000137,00022978712449,LINDONETE MARIA MOURA ROCHA REBOUCAS,N,2018,04
08578106000189,00010684840472,JOSE DANTAS DA COSTA,N,2018,04
08578106000189,00018267955453,SOPHIA DANTAS DA NOBREGA,N,2018,04
08578106000189,00051314517449,GERALDO DANTAS DA COSTA,N,2018,04
08662031000209,00006428887444,FERNANDO LEAO SOBRAL JUNIOR,N,2018,04
08662031000209,00059552530415,SUERIA CRISTINA RODRIGUES DE SOUZA LEAO,N,2018,04
08692063000168,00019944578487,MARIA ZENI MARINHO MOREIRA,N,2018,04
08692063000168,00027543579472,RAIMUNDO LUCAS MOREIRA,N,2018,04
08692584000115,00042240603453,FLORACI CASSIANO DA SILVA,N,2018,04
08713513000151,00003203131404,JOSE MUNIZ UCHOA,N,2018,04
08713513000151,00042291712420,GLAUBER CAVALCANTE UCHOA,N,2018,04
08713513000151,00067147232453,GLEYBER CAVALCANTE UCHOA,N,2018,04
08713513000151,00072298235449,EDIZIA CAVALCANTE DE BRITO UCHOA,N,2018,04
08733671000173,00026128195415,ADJACIRA SOBREIRA DE CASTRO TEIXEIRA,N,2018,04
08883446000113,00008965947421,ALLYSON BERGSON FERNANDES DE MEDEIROS,N,2018,04
08883446000113,00046594370430,LUIZ JURANDIR DE MEDEIROS,N,2018,04
08883446000113,00079113583468,JUVANIRA FERNANDES DE MEDEIROS,N,2018,04
08933234000101,00004554960480,NATANAEL FERNANDES PINHEIRO,N,2018,04
08933234000101,00042935458400,ELZA MARIA FERNANDES PINHEIRO,N,2018,04
08940206000103,00063874067491,FREDIANO JALES ROSADO,N,2018,04
08940206000103,00079247806453,GREGORIO JALES ROSADO,N,2018,04
08940466000189,00005964171443,JOABEL DE ARAUJO MEDEIROS,N,2018,04
08940466000189,00020238290468,JOSE MEDEIROS,N,2018,04
09015680000191,00005690089729,CLEYTON VALE DE ARAUJO,N,2018,04
09015680000191,00010605081760,KERPSON VALE DE ARAUJO CAVALCANTI,N,2018,04
09015680000191,00055533205420,JOAO DA CRUZ DE ARAUJO FILHO,N,2018,04
09075326000152,00023081627400,JOACI GONCALVES MAFRA,N,2018,04
09075326000152,00085064912404,ANA TEREZA MONTENEGRO DINIZ MAFRA,N,2018,04
09109547000102,00014383780415,PEDRO NASCIMENTO DE PAIVA FERNANDES,N,2018,04
09114091000160,00000333700449,JOAO SILVEIRA GUIMARAES FILHO,N,2018,04
09114091000160,00001064278493,TOMAS SILVEIRA GUIMARAES FILHO,N,2018,04
09114091000160,00005073879457,MARIANA MEIRA GUIMARAES,N,2018,04
09114091000160,00020343701472,TOMAS SILVEIRA GUIMARAES,N,2018,04
09114091000160,00033829233434,LUIS SERGIO SILVEIRA GUIMARAES,N,2018,04
09114091000160,00039567915415,SAIONARA MARIA SILVEIRA GUIMARAES,N,2018,04
09114091000160,00062152114434,CHARLES PEREIRA SILVEIRA,N,2018,04
09114091000160,00088487644449,BIANCA PEREIRA SILVEIRA FILGUEIRAS NOGUEIRA,N,2018,04
09117268000182,00022989528415,SUEUDO BESSA REGIS,N,2018,04
09117268000182,00031507166400,IVANSUEUDO BESSA REGIS,N,2018,04
09117268000182,00049055240400,RAIMUNDA BESSA FREITAS,N,2018,04
09124474000110,00042379300410,FRANCISCO MANOEL FERREIRA DO NASCIMENTO,N,2018,04
09124474000110,00045649928487,EDNA BULHOES DO NASCIMENTO,N,2018,04
09147818000106,00031704476372,JERONIMO DIXNEUF ROSADO MAIA NETO,N,2018,04
09147818000106,00083892028400,SINGRIDE PALMIRA MARCELINO ROSADO,N,2018,04
09162487000183,00001704705479,FRANCISCO XAVIER DE OLIVEIRA NETO,N,2018,04
09162487000183,00005070669443,MARIA EDINETE PEREIRA DA SILVA,N,2018,04
09178339000157,00002843112435,PEDRO FELIX DE MEDEIROS NETO,N,2018,04
09178339000157,00004680980460,NICACIA ARAUJO DA ROSA MEDEIROS,N,2018,04
09208172000120,00001236301420,DANIELLE MONIKE LIMA DE ALBUQUERQUE,N,2018,04
09208172000120,00006369763438,LUCIO FERNANDES DE ALBUQUERQUE JUNIOR,N,2018,04
09226892000118,00000957990448,VANDILSOM MOURA SILVA - ME,N,2018,04
09226892000118,00005095592479,VALERIA DE MOURA SILVA,N,2018,04
09246769000169,00002035939445,JEANE DANTAS DO NASCIMENTO,N,2018,04
09246769000169,00004136551487,FRANCISCO JACOME SARMENTO,N,2018,04
09266128000338,00004791004469,ARTHUR GUSTAVO VAZ TOLENTINO,N,2018,04
09266128000338,00006346740482,PAULO RONALDO TOLENTINO,N,2018,04
09305229000451,00066379270400,QUEZIA MAIA DANTAS OLIVEIRA,N,2018,04
09305229000451,00085171069468,PABLO MARCEL DE SOUSA OLIVEIRA,N,2018,04
09348867000107,00016057341953,JOSE TERCIO DE VICENTE,N,2018,04
09348867000107,00049633210178,MARCOS ELY MENDES,N,2018,04
09363802000130,00034202536487,JOSE MEDEIROS DANTAS,N,2018,04
09363802000130,00036991066400,ANGELA MARIA DE MEDEIROS,N,2018,04
09368724000167,00002764391552,ANDREIA TORRES DOS SANTOS,N,2018,04
09368724000167,00031940432855,RANDAL JULIANO PESSOA DAS NEVES,N,2018,04
09374422000100,00002483367461,WILSON JOSE FERREIRA,N,2018,04
09374422000100,00035803746487,RAIMUNDO MIGUEL FERREIRA FILHO,N,2018,04
09374422000100,00047615079420,MARIA DE ARAUJO FERREIRA,N,2018,04
09392341000205,00005011230325,SEVERINO RAMOS DE OLIVEIRA,N,2018,04
09392341000205,00051234980444,HELDER JANSEN RODRIGUES DE OLIVEIRA,N,2018,04
09392341000558,00005011230325,SEVERINO RAMOS DE OLIVEIRA,N,2018,04
09392341000558,00051234980444,HELDER JANSEN RODRIGUES DE OLIVEIRA,N,2018,04
09402009000284,00015599566404,GENILDO FERNANDES DE QUEIROZ,N,2018,04
09402009000284,00062713655404,JULIA FERNANDES DE QUEIROZ,N,2018,04
09416884000134,00001157416403,POMPEU TAVARES NETO SEGUNDO,N,2018,04
09416884000134,00007440847415,LUIS GONZAGA TAVARES NETO,N,2018,04
09431823000146,00002626355348,ERNANDO ESTEVAM NOGUEIRA,N,2018,04
09431823000146,00003586175370,SAMARA ESTEVAM PESSOA,N,2018,04
09459395000160,00002210973414,SANDRA FERNANDES DE MORAIS LOPES,N,2018,04
09459395000160,00056635699449,JOAO LOPES DA SILVA JUNIOR,N,2018,04
09459395000240,00002210973414,SANDRA FERNANDES DE MORAIS LOPES,N,2018,04
09459395000240,00056635699449,JOAO LOPES DA SILVA JUNIOR,N,2018,04
09493387000130,00075189739449,JOSEMAR FERREIRA DA SILVA,N,2018,04
09493387000130,00087683890430,CLAUDIA REGINA SOUSA DA SILVA,N,2018,04
09500928000100,00083722610400,GONCALO JOAO SANTOS DE OLIVEIRA,N,2018,04
09500928000100,00091369444400,ELAINY CRISTINA SILVA FERNANDES OLIVEIRA,N,2018,04
09501742000175,00000794168450,JOSE TARCISIO DIOGENES JUNIOR,N,2018,04
09501742000175,00005086174481,SAVIO TARCIO GURGEL DIOGENES,N,2018,04
09501742000175,00010903579405,SAULLO RARYANO GURGEL DIOGENES,N,2018,04
09501742000175,00026073846487,ROSANGELA GURGEL DE OLIVEIRA DIOGENES,N,2018,04
09524685000140,00009288252304,JOSE AURINO ASEVEDO LOPES,N,2018,04
09524685000140,00021658684320,ISMENIA MACIEL SAMPAIO ASEVEDO,N,2018,04
10013417000142,00053767063468,RONNIE CEZAR FERNANDES SILVA,N,2018,04
10013417000142,00072158824468,CLEINO MARCOS FERNANDES BENTO,N,2018,04
10141376000170,00002837251410,MARIA GORETE PEREIRA DA COSTA VASCO,N,2018,04
10141376000170,00079087809468,BENTO DE LIMA VASCO,N,2018,04
10264170000137,00001226403492,ALEXANDRE LACERDA URBANO,N,2018,04
10264170000137,00011488109869,IVETE LACERDA URBANO,N,2018,04
10328834000184,00054953006534,ALBERTO SOBRAL DA SILVA,N,2018,04
10328834000184,00067171044491,LUIZ ALBERTO BARBALHO GALVAO,N,2018,04
10328834000184,00075147491449,GUSTAVO HENRIQUE BARBALHO GALVAO,N,2018,04
10431333000129,00000971671427,FRANCISCO MUNIZ JUNIOR,N,2018,04
10431333000129,00006529063463,BARBARA PRISCILA TAVARES MUNIZ,N,2018,04
10449378000120,00004558174489,ADRIANA BEZERRA LOPES MEDEIROS,N,2018,04
10449378000120,00094270732415,ADRIANO OLIVEIRA DE MEDEIROS,N,2018,04
10493637000110,00002099426490,TEREZA DE FATIMA DA SILVA,N,2018,04
10606327000165,00006067683431,ANGELO MARCOS DE HOLANDA,N,2018,04
10606327000165,00007558157420,AIANNE MIKAELLY GONCALVES DE HOLANDA,N,2018,04
10621422000138,00042967414468,MARIA DE FATIMA DAVIM,N,2018,04
10621422000138,00077762738800,JOSE AGMAR DAVIM,N,2018,04
10641461000105,00036915017453,MARIA APARECIDA FERREIRA DE ARAUJO,N,2018,04
10641461000105,00087570637453,VALDENOR OTACILIO DA SILVA ARAUJO,N,2018,04
10655938000101,00067104622420,FAUSTO CAVALCANTE DA SILVA JUNIOR,N,2018,04
10655938000101,00079073727472,ADRIANA CARLA DE OLIVEIRA SOUZA CAVALCANTE,N,2018,04
10684044000131,00001754488412,ALILSON DE OLIVEIRA LAURENTINO,N,2018,04
10684044000131,00011315764466,ALYSSON DE OLIVEIRA LAURENTINO,N,2018,04
10694602000140,00001010927418,RENATO ANDRE MENDONCA RODRIGUES,N,2018,04
10694602000140,00005186356433,RONALDO MARQUES RODRIGUES FILHO,N,2018,04
10761839000104,00018185533415,JOAO ALBERTO ALVES TEIXEIRA,N,2018,04
10761839000104,00026128195415,ADJACIRA SOBREIRA DE CASTRO TEIXEIRA,N,2018,04
10790288000107,00002242077414,ELMA DANTAS DE MEDEIROS BRITO,N,2018,04
10790288000107,00002798835445,JAELSON DANTAS DE MEDEIROS BRITO,N,2018,04
10808409000192,00000939731444,CARLOS HENRIQUE CABRAL DE AZEVEDO,N,2018,04
10808409000192,00031586600400,JOAO MARIA AZEVEDO,N,2018,04
10822747000189,00002199259412,EDILTON DAMIAO DO REGO,N,2018,04
10822747000189,00039247783453,MARIA ELIENE QUEIROZ DA CUNHA,N,2018,04
10857970000161,00006720633449,MARIA DALVA DE MESQUITA DIAS,N,2018,04
10857970000161,00031573126420,FRANCISCO MESSIAS DIAS,N,2018,04
10933739000100,00007264253465,MONINNE RAQUEL OLIVEIRA MORAIS,N,2018,04
10933739000100,00007391041440,DEIVID VIANA DE AQUINO,N,2018,04
11037013000151,00002394607408,CARLOS EDUARDO PESSOA BARRETO,N,2018,04
11037013000151,00002623449473,LORENA EMILLY DO NASCIMENTO DAPIEVE BARRETO,N,2018,04
11037013000151,00003373053404,CLOVIS DE FREITAS BARRETO,N,2018,04
11037013000151,00077854985472,CLOVIS EUGENIO PESSOA BARRETO,N,2018,04
11133992000141,00009610111491,JOSE CARLOS SILVINO,N,2018,04
11133992000141,00089293738449,FABIO RANIERE SILVA,N,2018,04
11290066000180,00002978649470,RICARDO BRUNO SILVA DOS SANTOS,N,2018,04
11290066000180,00046534229404,FRANCINETE SILVA DOS SANTOS,N,2018,04
11511020000143,00002259218474,CESAR CARLOS SILVEIRA MARIZ,N,2018,04
11511020000143,00073950203400,ROBERIO CAIAFFO CAVALCANTE ANDRADE,N,2018,04
11689133000133,00008789080483,MARIANA PINHEIRO DE ARAUJO,N,2018,04
11689133000133,00009241584416,HELOA D AVILLA NERY SERRA DANTAS,N,2018,04
11689133000133,00039382249400,GEOVANILDO PEREIRA DE ARAUJO,N,2018,04
11786813000175,00000887915566,JACIARA GONCALVES DA SILVA,N,2018,04
11786813000175,00006369763438,LUCIO FERNANDES DE ALBUQUERQUE JUNIOR,N,2018,04
11937778000148,00002215925477,MARILU TRINDADE DANTAS,N,2018,04
11937778000148,00009809589468,CLEODOMAR GREGORIO DANTAS,N,2018,04
11939048000186,00029396000400,JOANILCAN COSTA NOGUEIRA,N,2018,04
11939048000186,00062612662472,RENILSAN COSTA NOGUEIRA FIRMINO,N,2018,04
11939048000186,00072287128468,PAULO RENATO COSTA NOGUEIRA,N,2018,04
11939808000155,00008569157428,CAMILO DE LELLIS DANTAS DE AMORIM,N,2018,04
11939808000155,00018249604415,ANTONIO GOMES DE AMORIM,N,2018,04
11940467000138,00002023024404,OTACILIO CACIANO DO NASCIMENTO,N,2018,04
11940467000138,00008192320413,LUIS HENRIQUE DE FRANCA GOMES,N,2018,04
11940467000138,00023448270482,JOSE REGINALDO GOMES,N,2018,04
11982113000237,00029749840453,AFRANIO FERREIRA DE MIRANDA FILHO,N,2018,04
11982113000237,00040648320430,LUCIANO DE SOUSA MIRANDA,N,2018,04
11982113000237,00046528210420,PAULO CESAR DE SOUSA MIRANDA,N,2018,04
11982113000237,00053910168434,SILVANA GOMES DE MIRANDA,N,2018,04
11982113000660,00029749840453,AFRANIO FERREIRA DE MIRANDA FILHO,N,2018,04
11982113000660,00040648320430,LUCIANO DE SOUSA MIRANDA,N,2018,04
11982113000660,00046528210420,PAULO CESAR DE SOUSA MIRANDA,N,2018,04
11982113000660,00053910168434,SILVANA GOMES DE MIRANDA,N,2018,04
12055990000144,00000871828405,MARCOS ANTONIO NUNES,N,2018,04
12055990000144,00001156341426,ANA CRISTINA BRITO,N,2018,04
12069785000138,00052366553404,ELDER DE SOUSA TAVARES,N,2018,04
12305387000173,00003525182430,RODRIGO FERNANDES DE CARVALHO,N,2018,04
12305387000173,00004644650447,EDUARDO FERNANDES DE CARVALHO,N,2018,04
12305387000173,00005916884419,FELIPE FERNANDES DE CARVALHO,N,2018,04
12305387000173,00009166947391,EDUARDO TAVARES DE CARVALHO,N,2018,04
12305387000173,00067185517400,FERNANDA FERNANDES DE CARVALHO,N,2018,04
12305387000173,40811440000143,PRONTOMEDICA PRODUTOS HOSPITALARES LTDA,N,2018,04
12328933000191,00002907964402,LEONARDO ALEXANDRE DA ROCHA,N,2018,04
12328933000191,00045135290400,KATIA COELLY VIRISSIMO DO NASCIMENTO ROCHA,N,2018,04
12528765000188,00004743790433,IVANILSON DOS SANTOS VERAS,N,2018,04
12528765000188,00041403517487,MARIA JOSE DOS SANTOS VERAS,N,2018,04
12640314000138,00003450130420,ROSEANA DE FREITAS RAMOS,N,2018,04
12640314000138,00005743249415,MARIA LECIMAR DE FREITAS RAMOS,N,2018,04
12648754000131,00020195737415,ANTONIO VIEIRA DA SILVA NETO,N,2018,04
12648754000131,00040580067491,ADELIA GURGEL VIEIRA,N,2018,04
12689295000215,00000988298406,WELLBERSON FLOR DE OLIVEIRA,N,2018,04
12689295000215,00005788039410,HUDYSON FLOR DE OLIVEIRA,N,2018,04
12689295000215,00008567921449,JAIRO ARAUJO DE OLIVEIRA,N,2018,04
12689295000215,00089798856449,MAXWELL FLOR DE OLIVEIRA,N,2018,04
12689295000304,00000988298406,WELLBERSON FLOR DE OLIVEIRA,N,2018,04
12689295000304,00005788039410,HUDYSON FLOR DE OLIVEIRA,N,2018,04
12689295000304,00008567921449,JAIRO ARAUJO DE OLIVEIRA,N,2018,04
12689295000304,00089798856449,MAXWELL FLOR DE OLIVEIRA,N,2018,04
12689295000568,00000988298406,WELLBERSON FLOR DE OLIVEIRA,N,2018,04
12689295000568,00005788039410,HUDYSON FLOR DE OLIVEIRA,N,2018,04
12689295000568,00008567921449,JAIRO ARAUJO DE OLIVEIRA,N,2018,04
12689295000568,00089798856449,MAXWELL FLOR DE OLIVEIRA,N,2018,04
12689295000720,00000988298406,WELLBERSON FLOR DE OLIVEIRA,N,2018,04
12689295000720,00005788039410,HUDYSON FLOR DE OLIVEIRA,N,2018,04
12689295000720,00008567921449,JAIRO ARAUJO DE OLIVEIRA,N,2018,04
12689295000720,00089798856449,MAXWELL FLOR DE OLIVEIRA,N,2018,04
12747440000196,00004107594491,LUIS PAIZINHO DANTAS,N,2018,04
12747440000196,00008627479453,DAMIANA APARECIDA DE AZEVEDO,N,2018,04
12747556000125,00009606203468,MANOEL MEDEIROS DA SILVA,N,2018,04
12756805000149,00001172383413,CARLOS FILIPE LUZ MOURA,N,2018,04
12756805000149,00008878331449,CARLOS ALBERTO MOURA,N,2018,04
12975786000141,00002837251410,MARIA GORETE PEREIRA DA COSTA VASCO,N,2018,04
12975786000141,00079087809468,BENTO DE LIMA VASCO,N,2018,04
13060597000101,00008214350433,SANDERSON CORTEZ DE QUEIROZ,N,2018,04
13060597000101,00027690172415,FRANCISCA LUCIMAR LIMA E SILVA,N,2018,04
13118382000102,00002038543496,EUZIMAR DIAS DE CASTRO,N,2018,04
13118382000102,00010460541471,DANIELE KARINE DE FREITAS CASTRO,N,2018,04
13140950000163,00002323760424,JOSIANE FELIPE DOS SANTOS,N,2018,04
13140950000163,00002769726439,RAILSON BENEDITO FERREIRA,N,2018,04
13160859000100,00001644218402,GUILHERME BULHOES DA NOBREGA,N,2018,04
13160859000100,00079094210444,ALEXANDRE NIKOLAS DA NOBREGA,N,2018,04
13180055000172,00042240603453,FLORACI CASSIANO DA SILVA,N,2018,04
13180055000172,00085070599453,MAZILENE FERNANDES DE LIMA SILVA,N,2018,04
13190056000106,00046049096449,VALDECI TEIXEIRA JALES,N,2018,04
13190056000106,00070154112453,EDILEUSA TEIXEIRA JALES,N,2018,04
13191753000173,00005584247405,ISABELLE DE CASTILHO BERTULEZA CAVALCANTI DE SOUZA,N,2018,04
13191753000173,00005730032463,RENAN CAVALCANTI DE SOUZA,N,2018,04
13228559000115,00002659567492,VICTOR SIRUFFO DE CARVALHO,N,2018,04
13228559000115,00002744733482,SANZIA PATRICIA DE SOUZA SIRUFFO,N,2018,04
13318135000141,00001769252444,JOYCE VIEIRA DE MEDEIROS,N,2018,04
13318135000141,00026376736807,ROSIELHE GADELHA VIEIRA,N,2018,04
13371263000159,00053809777404,CLEONILSON ROBSON DE MELO PEREIRA,N,2018,04
13371263000159,00073740330449,MARIA ELENICE FIGUEREDO PEREIRA,N,2018,04
13480404000171,00005172418466,JOAO RODOLFO VICELLI BARBOSA,N,2018,04
13480404000171,00009060642449,FRANCISCO BARBOSA FILHO,N,2018,04
13587119000154,00008984451401,VERUSSIA CARLA ROCHA DE FARIAS,N,2018,04
13612657000151,00000871799464,ANDREZA ALVES DE OLIVEIRA CRUZ,N,2018,04
13612657000151,00005501697416,JOAO MANOEL DE OLIVEIRA NETO,N,2018,04
13612657000151,00009356397481,LUIS PAULO DE OLIVEIRA FERREIRA,N,2018,04
13735375000141,00019926944434,TEREZA NEUMA FERNANDES TORRES,N,2018,04
13735375000141,00046546600463,SEVERINO VIEIRA TORRES JUNIOR,N,2018,04
13781754000178,00001404591460,ANDREIA LAYSE ADOLFO DA SILVA,N,2018,04
13781754000178,00054370302749,SEVERINO MANOEL ADOLFO,N,2018,04
13781754000178,22862359000100,ADOLFO & ADOLFO PARTICIPACOES LTDA,N,2018,04
13808226000165,00004421221449,CLIDENOR PATRICIO DE MACEDO,N,2018,04
13808226000165,00087511185487,LUZENILDE DA CUNHA LIMA,N,2018,04
13815612000184,00004674320402,SUZY MARIA CARLOS COSTA,N,2018,04
13815612000184,00004674323410,JOANA EMANOELLY CARLOS COSTA,N,2018,04
13824401000108,00072227869453,MARIA DE FATIMA BORGES,N,2018,04
13824401000108,00073630241468,JOCIELLY SABINO DE MORAIS,N,2018,04
13839092000140,00003204632490,MARTA MESSIAS DE MESQUITA,N,2018,04
13839092000140,00006988230440,MAXKSON MESSIAS DE MESQUITA,N,2018,04
13938876000125,00063402882434,MIGUEL SOARES DE MOURA,N,2018,04
13938876000125,00067306896415,ERONEIDE ZACARIAS DA COSTA,N,2018,04
13988229000128,00006023001424,DJAILSON BEZERRA DE ARAUJO,N,2018,04
13988229000128,00081301286400,EVERALDO COSTA DA SILVA JUNIOR,N,2018,04
14147973000243,00002756655422,MARIA DJENANE DA SILVA,N,2018,04
14147973000243,00079711464349,LUIZ CLEDSON LINS DE AQUINO,N,2018,04
14296822000176,00005428537442,JAMIELLE MARIA DO NASCIMENTO BATISTA DE SOUZA,N,2018,04
14296822000176,00079194818487,ROSELHO DE SOUZA,N,2018,04
14428827000105,00049827731491,ROMUALDO TORRES BEZERRA JUNIOR,N,2018,04
14428827000105,00079153348400,ERINEIDE ELAINE DA SILVA TORRES,N,2018,04
14878644000191,00001225265460,LEANDRO DA SILVA PINHEIRO,N,2018,04
14878644000191,00014063654400,TULIO MAURICIO CAMARA FLOR,N,2018,04
14878644000272,00001225265460,LEANDRO DA SILVA PINHEIRO,N,2018,04
14878644000272,00014063654400,TULIO MAURICIO CAMARA FLOR,N,2018,04
14913723000196,00001277349452,FRANCISCO GIVANILDO GOMES FONTES,N,2018,04
14913723000196,00003569067440,JOSE MARCIANO DOS SANTOS,N,2018,04
15160493000102,00058289151420,ELISIEL UBIRAJARA MARQUES,N,2018,04
15160493000102,00066502705472,RONALDO ARAUJO DOS SANTOS,N,2018,04
15243774000110,00001190427460,FABIANE SOARES DE QUEIROZ,N,2018,04
15243774000110,00008252579485,MURILO KENNEDY RADEMAKER DE SOUSA SOARES,N,2018,04
15274770000108,00006748858488,RAYANE CRISTINA DE OLIVEIRA BARBOZA,N,2018,04
15274770000108,00091393434487,LINDOMAR BARBOZA DE MORAIS,N,2018,04
15495405000115,00007933530419,GLAICON DE SOUSA SANTOS,N,2018,04
15495405000115,00070029550475,ELISE RICARDO DA SILVA FERREIRA,N,2018,04
15866751000162,00000876596464,JOSEFA VERIDYANA REGO FONSECA DE CARVALHO,N,2018,04
15866751000162,00077955315472,LEONARDO NOGUEIRA DE CARVALHO,N,2018,04
16585268000172,00002715215460,ADRIANO DA SILVA DANTAS,N,2018,04
16585268000172,00006383593412,CARLOS ALBERTO DA SILVA DANTAS,N,2018,04
16693177000150,00009924573439,MARCELO TAVARES AFONSO FONSECA,N,2018,04
16737759000191,00006324712478,CIMARA CRISTIANE DOS SANTOS,N,2018,04
16737759000191,00007705029464,JARLEIDE SUELY MEDEIROS DA SILVA,N,2018,04
16783593000140,00035758643491,TERCIO CAMARA FLOR,N,2018,04
16783593000140,00050073940410,MARTA CUNHA DE PAIVA MARQUES FLOR,N,2018,04
16826043000160,00004470265420,ELIAS SIM�ES DE ARA�JO,N,2018,04
16826043000160,00007496400491,MARISETE FERNANDES BEZERRA FONTES,N,2018,04
16859386000121,00076141225420,FRANCISCO EDINARTE DE ALMEIDA,N,2018,04
16859386000121,00088543501172,ABILIA MARINHO DE OLIVEIRA NETA,N,2018,04
16909633000157,00001404591460,ANDREIA LAYSE ADOLFO DA SILVA,N,2018,04
16909633000157,00054370302749,SEVERINO MANOEL ADOLFO,N,2018,04
16909633000157,22862359000100,ADOLFO & ADOLFO PARTICIPACOES LTDA,N,2018,04
16936335000156,00040689832591,RAIMUNDO CARNEIRO DE OLIVEIRA,N,2018,04
16936335000156,00068738935520,JOSENILDE CARNEIRO DE OLIVEIRA,N,2018,04
17003117000121,00000900963476,JOSE MARIA VITORIANO DA SILVA,N,2018,04
17003117000121,00070423057448,GLEFFERSON DA ROCHA LIMA,N,2018,04
17015938000188,00000783329407,ENOX DE PAIVA JUNIOR,N,2018,04
17015938000188,00033808619449,NEWTON LINS BARRETO,N,2018,04
17199619000170,00002978649470,RICARDO BRUNO SILVA DOS SANTOS,N,2018,04
17199619000170,00010614075432,FERNANDA PAULA MARQUES DA FONSECA,N,2018,04
17320267000169,00003501929870,OSMAR FELIPE DOS SANTOS,N,2018,04
17320267000169,00043973181829,ISABELLA CROISFELT SANTOS,N,2018,04
17409878000188,00005455165445,BRUNO ALVES DE LUCENA,N,2018,04
17409878000188,00030736846468,TANIA MARIA TEIXEIRA ALVES,N,2018,04
17506079000120,00053046005415,LUIZ SOARES DE LIMA,N,2018,04
17506079000120,00073747696449,MARIA RODRIGUES DA SILVA,N,2018,04
17514152000105,00005992322426,CLAUDIO HENRIQUE DA SILVA CARNEIRO,N,2018,04
17514152000105,00028916859468,JOSE CLAUDIONOR DA SILVA,N,2018,04
17570889000145,00005476066489,JOSE RADAMES FERNANDES MALHEIRO,N,2018,04
17570889000145,00045540829468,LUIZA PINHEIRO FERNANDES,N,2018,04
17602864000186,00000945851480,CELSO RODRIGO DA COSTA CRUZ,N,2018,04
17602864000186,00009268669315,MARIA IRENICE LOPES CALADO,N,2018,04
17602864000186,00076097200463,EDNA MACHADO DO REGO BARROS,N,2018,04
17640366000128,00006792523470,JACIARA DOS SANTOS GALVAO,N,2018,04
17640366000128,00008232460431,LUIS HENRIQUE SIQUEIRA DE ARAUJO LIMA,N,2018,04
17792932000117,00006539652496,NATALIA NIEGE DA SILVA,N,2018,04
17792932000117,00007921690424,CLAUDIO SILVA TRINDADE,N,2018,04
18087566000168,00000917685431,IVIS LEVI DE AGUIAR SANTOS,N,2018,04
18087566000168,00070259286400,IVIS LEVI LOPES ARAUJO AGUIAR,N,2018,04
18111957000170,00008323809461,AMANDA KATELAY FERREIRA DE SANTANA BRITO,N,2018,04
18111957000170,00081272081400,RUTH MARIA DA SILVA,N,2018,04
18457707000197,00001805261460,GABRIEL DELANNE MARINHO FILHO,N,2018,04
18457707000197,00002718347490,RANIERY GUSTAVO TEIXEIRA,N,2018,04
18457707000197,00029888204491,JOSE CARLOS CORREIA DE MELO,N,2018,04
18630298000189,00006720633449,MARIA DALVA DE MESQUITA DIAS,N,2018,04
18630298000189,00031573126420,FRANCISCO MESSIAS DIAS,N,2018,04
18779857000117,00006808877416,ADRIANO COUTINHO DA SILVA,N,2018,04
18779857000117,00091482798468,JOSE ROGERIO MONTEIRO,N,2018,04
18893260000107,00005390340450,FRANCISCO FERNANDES FRANCA JUNIOR,N,2018,04
18893260000107,00005601195420,PRISCILLA DE MENDONCA TEIXEIRA FRANCA,N,2018,04
19157075000109,00003562963424,EDIVAM GONCALVES DE QUEIROZ,N,2018,04
19157075000109,00012885309865,MANACELIO VICENTE SAMPAIO DE AQUINO,N,2018,04
19210207000119,00008476704496,NICOLAS DANTAS DA CUNHA,N,2018,04
19210207000119,00053816285449,LYBIA MARIA DE ARAUJO,N,2018,04
19784478000188,00002980503401,FRANCISCO LINDOZENILDO FERNANDES DE AQUINO,N,2018,04
19881198000198,00036905860468,ARISTOTELES DE VASCONCELOS NETO,N,2018,04
19881198000198,00065486552491,JOSE LIDERZIO FERREIRA DE VASCONCELOS JUNIOR,N,2018,04
20103659000180,00049827731491,ROMUALDO TORRES BEZERRA JUNIOR,N,2018,04
20229352000120,00008983172401,THAIS MENEZES DE OLIVEIRA,N,2018,04
20647964000133,00004690351457,EDSON LUIS CAVALCANTI FILHO,N,2018,04
20647964000133,00006985615465,ADSON LUIZ SALVIANO CAVALCANTI,N,2018,04
20647964000133,00010754601404,EDSON LUIZ CAVALCANTI,N,2018,04
20802223000180,00001788664400,MIGUEL ANGELO DE OLIVEIRA AMORIM,N,2018,04
20802223000180,00079154379415,PAULO EVERTON GURGEL DE AMORIM,N,2018,04
21255865000179,00020281919453,PAULO MANUEL DE MELO,N,2018,04
21286237000150,00002618033442,LYZANDRA MELLINNE PINHEIRO DOS SANTOS BEZERRA,N,2018,04
21286237000150,00063817071434,JOSE AURELIANO BEZERRA,N,2018,04
21592905000178,00005186356433,RONALDO MARQUES RODRIGUES FILHO,N,2018,04
21592905000178,00006150704424,LARISSA GIFFONI DE MEDEIROS NUNES PINHEIRO RODRIGUES,N,2018,04
21675852000159,00001194525458,ANA JUSSARA FEITOSA SOARES,N,2018,04
21675852000159,00090456700463,FRANCISCO DE ALCIR DOS SANTOS,N,2018,04
21709263000144,00005894086400,FABIO CESAE PEREIRA VALE,N,2018,04
21709263000144,00007386564457,MATHEUS VINICIUS SANTOS BEZERRA,N,2018,04
21725568000140,00004196367496,LIDIANE DE MEDEIROS EMERENCIANO,N,2018,04
21725568000140,00087482681434,MAIXIMILIANO FERNANDES DE OLIVEIRA,N,2018,04
21869689000165,00001085970400,MARIA RAQUEL MEDEIROS,N,2018,04
21869689000165,00087367033468,EDMILSON ALVES DA SILVA FILHO,N,2018,04
22208833000185,00009414307400,CAIO ROBERTO AVILA HONORIO DA SILVEIRA,N,2018,04
22208833000185,00056756100491,CAIO RAMON LINS HONORIO DA SILVEIRA,N,2018,04
22216720000202,00006291315467,IGOR RIBEIRO JACOME,N,2018,04
22216720000202,00009522358460,ANA CLAUDIA RIBEIRO JACOME,N,2018,04
23200679000168,00004770275471,ELION ROSA DE FARIAS,N,2018,04
23200679000168,00005270795450,ERICO ROSA DE FARIAS,N,2018,04
23231914000169,00049827731491,ROMUALDO TORRES BEZERRA JUNIOR,N,2018,04
23303897000128,00000059109432,ROSANA DA SILVA MARIZ,N,2018,04
23303897000128,00049011570430,JOAO BATISTA,N,2018,04
23446094000122,00001162895462,SUNEY SOARES DE SOUZA,N,2018,04
23446094000122,00006119482490,LAIS PAULA DE MEDEIROS CAMPOS AZEVEDO,N,2018,04
23761095000161,00001677696427,LUCAS FREITAS VIANA,N,2018,04
23761095000161,00028473073894,EVANIO LIMA GONCALVES,N,2018,04
24013715000147,00002260938400,JORGE AMERICO CARLOS DE OLIVEIRA,N,2018,04
24013715000147,00094143560453,MARNE HUMMEL,N,2018,04
24206617000207,00004752797437,RODRIGO AUGUSTO DE OLIVEIRA,N,2018,04
24206617000207,00009437223491,MARCONDES AUGUSTO DE OLIVEIRA,N,2018,04
24206617000207,00021561605468,MARIA LUCIA DE OLIVEIRA FARIAS,N,2018,04
24206617000398,00004752797437,RODRIGO AUGUSTO DE OLIVEIRA,N,2018,04
24206617000398,00009437223491,MARCONDES AUGUSTO DE OLIVEIRA,N,2018,04
24206617000398,00021561605468,MARIA LUCIA DE OLIVEIRA FARIAS,N,2018,04
24206617000550,00004752797437,RODRIGO AUGUSTO DE OLIVEIRA,N,2018,04
24206617000550,00009437223491,MARCONDES AUGUSTO DE OLIVEIRA,N,2018,04
24206617000550,00021561605468,MARIA LUCIA DE OLIVEIRA FARIAS,N,2018,04
24206617001017,00004752797437,RODRIGO AUGUSTO DE OLIVEIRA,N,2018,04
24206617001017,00009437223491,MARCONDES AUGUSTO DE OLIVEIRA,N,2018,04
24206617001017,00021561605468,MARIA LUCIA DE OLIVEIRA FARIAS,N,2018,04
24206617001289,00004752797437,RODRIGO AUGUSTO DE OLIVEIRA,N,2018,04
24206617001289,00009437223491,MARCONDES AUGUSTO DE OLIVEIRA,N,2018,04
24206617001289,00021561605468,MARIA LUCIA DE OLIVEIRA FARIAS,N,2018,04
24206617001360,00004752797437,RODRIGO AUGUSTO DE OLIVEIRA,N,2018,04
24206617001360,00009437223491,MARCONDES AUGUSTO DE OLIVEIRA,N,2018,04
24206617001360,00021561605468,MARIA LUCIA DE OLIVEIRA FARIAS,N,2018,04
24206617001440,00004752797437,RODRIGO AUGUSTO DE OLIVEIRA,N,2018,04
24206617001440,00009437223491,MARCONDES AUGUSTO DE OLIVEIRA,N,2018,04
24206617001440,00021561605468,MARIA LUCIA DE OLIVEIRA FARIAS,N,2018,04
24206617001874,00004752797437,RODRIGO AUGUSTO DE OLIVEIRA,N,2018,04
24206617001874,00009437223491,MARCONDES AUGUSTO DE OLIVEIRA,N,2018,04
24206617001874,00021561605468,MARIA LUCIA DE OLIVEIRA FARIAS,N,2018,04
24210825000107,00042379300410,FRANCISCO MANOEL FERREIRA DO NASCIMENTO,N,2018,04
24210825000107,00045649928487,EDNA BULHOES DO NASCIMENTO,N,2018,04
24362493001069,00075130998472,JOSIANE FELIPE SILVA GARCIA DE OLIVEIRA,N,2018,04
24369407000159,00030290899400,ALBERTO MAGNO DANTAS,N,2018,04
24369407000159,00037864289487,MARIA APARECIDA DA SILVA DANTAS,N,2018,04
24415659000177,00002824708409,ULISSIA KARLENY DA CUNHA,N,2018,04
24415659000177,00006665959414,KALIANA DA SILVA MOREIRA,N,2018,04
24515793000140,00000745930484,FRANCISCA HERCINA LEITE,N,2018,04
24515793000140,00002008262472,JOSE RIBAMAR LEITE,N,2018,04
24520892000110,00009610111491,JOSE CARLOS SILVINO,N,2018,04
24520892000110,00089293738449,FABIO RANIERE SILVA,N,2018,04
24521361000141,00001410673499,RAISSA DE HOLANDA MELO,N,2018,04
24521361000141,00005337088424,CIRO DE HOLANDA MELO,N,2018,04
24521361000141,00009822429487,PEDRO TERCEIRO DE MELO,N,2018,04
24523276000112,00012591270449,FABIO TORRES DE OLIVEIRA,N,2018,04
24523276000112,00024142930478,FRANCISCO TORRES FILHO,N,2018,04
24523276000112,00051257173472,FLADJA DE MEDEIROS MOURA TORRES,N,2018,04
24589319000162,00006737137415,TEREZINHA DO REGO NOBRE,N,2018,04
24589319000162,00009644172434,MARIA SOCORRO DO REGO NOBRE,N,2018,04
24922398000181,00008271902474,BARBARA MAIA,N,2018,04
24922398000181,00066405947491,JOSE EDMILSON DE AZEVEDO,N,2018,04
25249727000138,00002096309492,EVA MARIA  COSMO BERNARDO,N,2018,04
25249727000138,00026170515449,EZEQUIEL MOURA DE CARVALHO FILHO,N,2018,04
26084982000130,00005533518428,ANNE GABRIELLE DA SILVA XAVIER,N,2018,04
26084982000130,00006040350474,PEDRO DIOGO SILVA ALVES GONCALVES,N,2018,04
26094819000159,00006443329481,REBEKA RAQUEL FELICIANO QUEIROZ,N,2018,04
26094819000159,00006443331460,PEDRO LUCAS FELICIANO QUEIROZ,N,2018,04
26167936000103,00000818926406,ALAN DE LIMA PESSOA,N,2018,04
26167936000103,00008627347468,MARIA NEUZA FERREIRA,N,2018,04
26708943000167,00001225265460,LEANDRO DA SILVA PINHEIRO,N,2018,04
26708943000167,00005706999406,MONIQUE BRASIL FLOR PINHEIRO,N,2018,04
26708943000167,00014063654400,TULIO MAURICIO CAMARA FLOR,N,2018,04
26808305000118,00010368898407,ADRIANY PRYSCILLA DANTAS FONSECA,N,2018,04
26808305000118,00022224882491,EIDER PINTO DE OLIVEIRA,N,2018,04
27062419000124,00004788957477,WESLLEY MAIA BENICIO,N,2018,04
27062419000124,00092413749268,DANIEL ASSIS MOSINI,N,2018,04
28620515000103,00008749435400,AUGUSTO CESAR FRADES OLIVEIRA,N,2018,04
28620515000103,00070170320472,AURICELINA GALVAO DA SILVA,N,2018,04
35279546000108,00036922005449,MARIA CEZIMAR SILVA DE FREITAS,N,2018,04
35279546000108,00037819224487,JOAO BATISTA FREITAS MOURA,N,2018,04
35284991000247,00059774800400,JOSE VASCONCELOS DA ROCHA JUNIOR,N,2018,04
35284991000247,00090402693434,ANA EMILIA TRIGUEIRO CAVALCANTI DA ROCHA,N,2018,04
35291038000145,00036982113434,WERNECK LIMA DE CARVALHO,N,2018,04
35291038000145,27017729000127,TC PARTICIPACOES LTDA,N,2018,04
35291038000145,27037834000128,WC PARTICIPACOES LTDA,N,2018,04
35291038000145,27850574000105,WT HOLDING PARTICIPACOES LTDA,N,2018,04
35292515000197,00002343755400,TASLA CAPISTRANO GONZAGA MENDES,N,2018,04
35292515000197,00003603888413,THAISA CAPISTRANO GONZAGA DE ANDRADE,N,2018,04
35292515000197,00004396499434,ANTONIO GONZAGA CHIMBINHO,N,2018,04
35292515000197,00085215473404,JANDIRA CAPISTRANO GONZAGA,N,2018,04
35292515000197,00085215570434,THIAGO CAPISTRANO GONZAGA,N,2018,04
35292515000197,24743960000100,INDEPENDENCIA PARTICIPACOES SOCIETARIAS LTDA,N,2018,04
35297639000408,00041373510404,PEDRO JORGE REBOUCAS PEREIRA,N,2018,04
35297639000408,00073716120430,ELCICARMEM FREITAS DE MORAIS PEREIRA,N,2018,04
35298330000190,00001398249440,ARTHUR ALECRIM FERREIRA,N,2018,04
35298330000190,00005682220404,CLARISSA ALECRIM FERREIRA,N,2018,04
35298330000190,00007256627432,RAISSA ALECRIM FERREIRA,N,2018,04
35298330000190,00013066889491,CIRO DA FONSECA FERREIRA,N,2018,04
35298330000190,00035806303420,EDNA DE FATIMA ALECRIM FERREIRA,N,2018,04
35304542001295,00000734893442,HELENA CIRNE LEITE,N,2018,04
35304542001295,00008596476415,MARIA NEIDE PEREIRA CIRNE,N,2018,04
35304542001295,00022198822415,HENRIQUE LUIZ DA COSTA CIRNE,N,2018,04
35304542001295,00036566772472,GEORGE DA COSTA CIRNE,N,2018,04
35304542001295,00067177840400,LUIZ DA COSTA CIRNE JUNIOR,N,2018,04
35304542001295,00072111895415,HELOISA DA COSTA CIRNE FELINTO,N,2018,04
35304898000176,00001375757423,FELIPE ABNER RODRIGUES DE SOUZA,N,2018,04
35304898000176,00008541673405,DANIEL VICTOR DE SOUZA,N,2018,04
35304898000338,00001375757423,FELIPE ABNER RODRIGUES DE SOUZA,N,2018,04
35304898000338,00008541673405,DANIEL VICTOR DE SOUZA,N,2018,04
35307511000135,00043019684404,ANTONIO GURGEL DE BRITO,N,2018,04
35503721000360,00013640518420,OSVALDO RUI DIAS MARTINS,N,2018,04
35503721000360,00030276942434,MARIA FIRMINO DIAS MARTINS,N,2018,04
35653757000169,00014622181487,SERGIO FERNANDES DE MATOS SEREJO,N,2018,04
35653757000169,00030776058487,SOLANGE MARIA TORRES SEREJO,N,2018,04
35653880000180,00009305444474,PEDRO CASSIMIRO DAS NEVES CEZAR,N,2018,04
35653880000180,00010768064490,JOSE ARTHUR DE GOIS SILVA,N,2018,04
35661743000197,00010697616487,JOSAFA ARAUJO DA COSTA,N,2018,04
35661743000197,00028898770430,MARIA DE LOURDES SILVA DA COSTA,N,2018,04
40760209000178,00001252554460,ERIVAN MYLLER MAFRA MEDEIROS,N,2018,04
40760209000178,00031700071491,JOSE ERIVAN DE MEDEIROS,N,2018,04
40761843000125,00031589120400,IVANALDO SEVERINO MALHEIRO,N,2018,04
40761843000125,00045540829468,LUIZA PINHEIRO FERNANDES,N,2018,04
40762320000101,00015652670444,JAILSON SILVA DE MACEDO,N,2018,04
40762320000101,00043375456468,IVOLEDA SOARES DE MACEDO,N,2018,04
40777690000104,00006532866431,JEFFSON GALVAO RODRIGUES,N,2018,04
40777690000104,00029738628415,ZULEIDE GOMES GALVAO,N,2018,04
40777690000295,00006532866431,JEFFSON GALVAO RODRIGUES,N,2018,04
40777690000295,00029738628415,ZULEIDE GOMES GALVAO,N,2018,04
40782468000108,00002740840403,ANDRE LUIZ JOSE GALVAO MATIAS,N,2018,04
40782468000108,00017209595449,FRANCISCO MATIAS,N,2018,04
40787152000109,00010593969472,VICENTE DE PAULO AVELINO SOBRINHO,N,2018,04
40787152000109,00010764135449,ELSAMAR BATISTA BARBOSA AVELINO,N,2018,04
40787152000109,00013084780463,MARIA DAS GRACAS DOS SANTOS AVELINO,N,2018,04
40790727000134,00002393647406,ANDREIA KARLA GONCALVES DE SANTANA,N,2018,04
40790727000134,00005009347466,IVAN AUGUSTO SEABRA DE MELO SOBRINHO,N,2018,04
40796146000371,00006291315467,IGOR RIBEIRO JACOME,N,2018,04
40796146000371,00009522358460,ANA CLAUDIA RIBEIRO JACOME,N,2018,04
40803645000187,00001613820453,ALDO CLEMENTE DE ARAUJO,N,2018,04
40803645000187,00010607285400,ZILMA FERNANDES DE ARAUJO,N,2018,04
40993123000195,00033479887449,MANOEL VENANCIO RODRIGUES JUNIOR,N,2018,04
40993123000195,00050715127420,MARIA DE FATIMA MOREIRA RODRIGUES,N,2018,04
40996472000160,00007966434400,JOAO ANTONIO MOREIRA SILVA,N,2018,04
40996472000160,00015077128472,MARIA DAS GRACAS PESSOA DA COSTA,N,2018,04
41002643000151,00079213448449,INACIO DANTAS DE ARAUJO,N,2018,04
43283811018288,00002932243829,JOSE ROBERTO MENEZES GARCIA,N,2018,04
43283811018288,00065898419853,PAULO SERGIO MENEZES GARCIA,N,2018,04
44021095000103,00001079302425,TEMISTOCLIS CEZAR XAVIER,N,2018,04
44021095000103,00002200710801,ROMILDO GONCALVES DA SILVA,N,2018,04
44734671000151,00003059886466,MARLUZA REBOUCAS DA SILVA,N,2018,04
44734671000151,00072155485468,PAULO CESAR DE LIMA,N,2018,04
60619202001209,00026175606434,DAMIAO TEOFILO DE SOUZA,N,2018,04
70026240000140,00040620735449,ANA BEATRIZ DE CARVALHO WANDERLEY,N,2018,04
70026240000140,00046618945453,FLAVIO CARVALHO DANTAS WANDERLEY,N,2018,04
70027479000135,00001224548477,DIEGO DE PAIVA PESSOA,N,2018,04
70027479000135,00005705753462,DENNIS DE PAIVA PESSOA,N,2018,04
70046685000192,00015531520425,MARIA CILENE DE ALMEIDA,N,2018,04
70046685000192,00023089776472,CASCIMIRO FRANCISCO NETO,N,2018,04
70051305001180,00009774354400,ADRIANO CESAR DE OLIVEIRA PINHEIRO FILHO,N,2018,04
70051305001180,00072261544472,ADRIANO CESAR DE OLIVEIRA PINHEIRO,N,2018,04
70146949000180,00000176211861,JOSE FRANCISCO DA SILVA,N,2018,04
70146949000180,00070332177491,MARIA DE FATIMA AZEVEDO SILVA,N,2018,04
70147822000185,00010335217443,GABRIELLE ALESSANDRA MACIEL SILVA,N,2018,04
70147822000185,00037887580404,JOSE MARINALDO DA SILVA,N,2018,04
70151782000145,00043019684404,ANTONIO GURGEL DE BRITO,N,2018,04
70151782000145,00047475900487,HERONIDES GURGEL NETO,N,2018,04
70152095000144,00006922593413,LAYSE DE SOUZA MAIA,N,2018,04
70152095000144,00070242422489,LETICIA SOUZA CAVALCANTE,N,2018,04
70154968000158,00014157560400,PAULO JOSE FERREIRA DE MELO,N,2018,04
70154968000158,00035242191449,JOSE CLAUDIO FERREIRA DE MELO,N,2018,04
70154968000158,00044335695420,SILVIO JOSE FERREIRA DE MELO,N,2018,04
70154968000158,04410009000121,VENEZA PARCICIPAOES LTDA,N,2018,04
70166350000299,00030697832449,EDUARDO DE OLIVEIRA CARLOS DA SILVA,N,2018,04
70166350000299,00039012786487,RICARDO DE OLIVEIRA CARLOS DA SILVA,N,2018,04
70166350000299,00083990895400,ELIANE DE OLIVEIRA CARLOS DA SILVA FREIRE,N,2018,04
70313697000136,00014300176434,FRANCISCO ASSIS DE LIMA,N,2018,04
70313697000136,00031672175453,HOSANA MARIA DE MEDEIROS,N,2018,04
70321492000100,00090365810444,FRANCISCO ANTONIO DE OLIVEIRA,N,2018,04
