socio_cnpj_cpf_emitente,socio_cpf_socio_emitente,socio_nome_socio,socio_eh_adm,ano_nota,mes_nota
00048785006960,00000053406320,AIRTON JOSE VIDAL QUEIROZ,N,2016,10
00048785006960,00001013947304,YOLANDA VIDAL QUEIROZ,N,2016,10
00048785006960,00015714772415,ANTONIO BERNARDO SOBRINHO,N,2016,10
00048785006960,00031561560359,IGOR QUEIROZ BARROSO,N,2016,10
00048785006960,00062533606391,EDSON QUEIROZ NETO,N,2016,10
00048785006960,00080687121353,ABELARDO GADELHA ROCHA NETO,N,2016,10
00048785006960,02948030000150,ESMALTEC S/A,N,2016,10
00048785006960,07205768000140,QUEIROZ COMERCIO E PARTICIPACOES LTDA,N,2016,10
00048785006960,19704190000156,RQJ PARTICIPACOES LTDA,N,2016,10
00048785006960,23406806000180,RVP PARTICIPACOES LTDA,N,2016,10
00048785006960,23486564000181,LQR PARTICIPACOES LTDA,N,2016,10
00048785006960,23651139000109,QUEIROZ PARTICIPACOES LTDA,N,2016,10
00048785006960,28892432000173,MQM PARTICIPACOES EIRELI,N,2016,10
00048785006960,28892657000120,IQB PARTICIPACOES EIRELI,N,2016,10
00048785006960,28911298000100,MQB PARTICIPACOES EIRELI,N,2016,10
00048785006960,29639596000156,OQ PARTICIPACOES EIRELI,N,2016,10
00623938000168,00002238423460,ELISANGELA RIBEIRO DE OLIVEIRA CABRAL,N,2016,10
00623938000168,00005075095445,MAURARUBIA VALERA FIRME,N,2016,10
00713399000158,00046539255420,ALDENOR WELLINGTON N DOS SANTOS,N,2016,10
00800611000114,00000064730409,KLEYBER TINOCO DE ANDRADE,N,2016,10
00800611000114,00023125080444,WAGNER TINOCO DE ANDRADE,N,2016,10
00870515000142,00002006111434,MORVANILDO DOS SANTOS MEDEIROS,N,2016,10
00870515000142,00052960048415,MARIA DE FATIMA DE AZEVEDO MEDEIROS DE ARAUJO,N,2016,10
00870515000223,00002006111434,MORVANILDO DOS SANTOS MEDEIROS,N,2016,10
00870515000223,00052960048415,MARIA DE FATIMA DE AZEVEDO MEDEIROS DE ARAUJO,N,2016,10
00891024000188,00002280474476,FRANCISCA DAS CHAGAS NOBREGA DE ANDRADE,N,2016,10
00891024000188,00078519136400,JOSE ANTONIO NETO,N,2016,10
01184984000170,00020204078415,MARIA OLIVEIRA DE MEDEIROS,N,2016,10
01184984000170,00049011570430,JOAO BATISTA,N,2016,10
01299396000182,00001532218443,FRANCISCO HUGO AIRES NUNES,N,2016,10
01299396000182,00010865250430,FRANCISCO DAS CHAGAS NUNES,N,2016,10
01352761000175,00000958067414,DEBORA GALVAO BEZERRA TORRES,N,2016,10
01352761000175,00056601875449,LUZIA DE SOUSA SILVA,N,2016,10
01466313000100,00029704332491,HELIO MEDEIROS,N,2016,10
01466313000100,00078535247491,MARIA SUELY GOES DE ARAUJO,N,2016,10
01653918000100,00020039514404,JOAQUIM FERNANDES NETO,N,2016,10
01653918000100,00042255627434,ANA MARCIA SANTOS DE SOUZA FERNANDES,N,2016,10
01714488000181,00000473731487,JESUINO DE AZEVEDO FILHO,N,2016,10
01714488000181,00006898092391,ZENILTON DA COSTA DANTAS,N,2016,10
01714488000181,00052563952891,YOLITA DANTAS BATISTA,N,2016,10
01829334000135,00000284386472,AGNELO ALVES,N,2016,10
01829334000135,00013051873420,AGNELO ALVES FILHO,N,2016,10
01829334000135,00024264288487,CARLOS EDUARDO NUNES ALVES,N,2016,10
01829334000135,00035784830449,JOSE LUIZ NUNES ALVES,N,2016,10
01937258000262,00007515413468,JOSE MARCOS FERREIRA DE MELO,N,2016,10
01937258000262,00014157560400,PAULO JOSE FERREIRA DE MELO,N,2016,10
01937258000262,00044335695420,SILVIO JOSE FERREIRA DE MELO,N,2016,10
01937258000262,04410009000121,VENEZA PARCICIPAOES LTDA,N,2016,10
01937258000343,00007515413468,JOSE MARCOS FERREIRA DE MELO,N,2016,10
01937258000343,00014157560400,PAULO JOSE FERREIRA DE MELO,N,2016,10
01937258000343,00044335695420,SILVIO JOSE FERREIRA DE MELO,N,2016,10
01937258000343,04410009000121,VENEZA PARCICIPAOES LTDA,N,2016,10
02004602000142,00043023630453,JOSE GILMARIO DE CARVALHO,N,2016,10
02004602000142,00076242676400,JOSE SOARES DE SOUSA FILHO,N,2016,10
02070623000166,00002240716452,NARY SEMONE DE FREITAS,N,2016,10
02070623000166,00070291187404,EDILENE FERREIRA DE AQUINO FREITAS,N,2016,10
02152950000167,00027579590425,IVANILDO ALVES VERAS,N,2016,10
02152950000167,00041403517487,MARIA JOSE DOS SANTOS VERAS,N,2016,10
02216104000163,00019648928487,ASTRIEL VIEIRA DE MENDONCA JUNIOR,N,2016,10
02216104000163,00035157151420,KATIA HARROP GALVAO DA FONSECA,N,2016,10
02223631000103,00042356580425,ADRIANA JACOME PATRIOTA MEDEIROS,N,2016,10
02223631000103,00050339095415,HELDER LIRA MEDEIROS,N,2016,10
02271201000159,00008296179814,CLAUDIR GALINDO MENDONCA,N,2016,10
02271201000159,00025891445808,MAURA ANDREA FATORI DA SILVA,N,2016,10
02271201000159,03690841000166,ASPERBRAS BRASIL S/A,N,2016,10
02271201000159,07187576000159,COLBRAS PARTICIPACOES SOCIETARIAS LTDA,N,2016,10
02343493000198,00000469718404,VALDINEI LOPES DE ARAUJO,N,2016,10
02343493000198,00010614460425,TELMA LOPES MELO DE ARAUJO,N,2016,10
02363498000182,00057457603468,ILENILDO JACOME DE OLIVEIRA,N,2016,10
02363498000182,00085268216449,ALEXANDRA LUCIO OLIVEIRA JACOME,N,2016,10
02365912000192,00000871331489,GUSTAVO QUEIROZ CANDIDO,N,2016,10
02365912000192,00003961724407,LEANDRO DE MELO NASCIMENTO,N,2016,10
02365912000192,00007631367434,AGNELO CANDIDO DO NASCIMENTO,N,2016,10
02365912000192,00017613523420,ALBERTO PEREIRA NASCIMENTO,N,2016,10
02365912000192,00039014584415,MARIA DE LOURDES PEREIRA NASCIMENTO,N,2016,10
02365912000192,12613006000113,TRANSNACIONAL TRANSPORTE NACIONAL DE PASSAGEIROS LTDA,N,2016,10
02367946000116,00027799085487,LUCIANO RODRIGUES LUZ,N,2016,10
02367946000116,00035102640704,MARCELO RODRIGUES LUZ,N,2016,10
02440676000121,00009640797472,RITA DE CASSIA DO NASCIMENTO BARBOSA,N,2016,10
02440676000121,00019923902404,ANTONIO FELIX BARBOSA FILHO,N,2016,10
02474174000111,00023774266468,JUCEMAR ANTUNES DE OLIVEIRA,N,2016,10
02474174000111,00028500520434,MARCOS PEREIRA TOMAZ,N,2016,10
02620622000148,00004510385412,ARMISTRONG GLEIDSON DE MEDEIROS VALE,N,2016,10
02620622000148,00015594637400,VALDIR VALE DE ARAUJO,N,2016,10
02735557000104,00001286727499,LUCIA MARIA DE ANDRADE FILGUEIRA BARROS,N,2016,10
02735557000104,00042270928415,LUIZ ANTONIO DE ANDRADE FILGUEIRA,N,2016,10
02795690000148,00002837251410,MARIA GORETE PEREIRA DA COSTA VASCO,N,2016,10
02795690000148,00079087809468,BENTO DE LIMA VASCO,N,2016,10
02800122000198,00000742176401,ISABEL FERNANDES DE ARAUJO,N,2016,10
02800122000198,00001988867487,JOSE BEZERRA DE ARAUJO,N,2016,10
03034090000120,00033662185415,GILMAR DOS SANTOS ARAUJO,N,2016,10
03034090000120,00085285978491,VERA LUCIA DE SOUZA,N,2016,10
03152420000181,00066387140404,ANTONIO GENIVAN DE OLIVEIRA,N,2016,10
03152420000181,00066387612420,FRANCISCO GEILSON DE OLIVEIRA,N,2016,10
03208595000163,00003328143432,MAGDALIA MARCIA DANTAS,N,2016,10
03208595000163,00040691462453,MARIA GORETI DE JESUS DANTAS,N,2016,10
03209454000165,00006973981453,FERNANDO ANTONIO MARINHO PEREIRA,N,2016,10
03209454000165,00085049948487,ANA LUCIA SOARES PEREIRA,N,2016,10
03248805000147,00004942674450,JUCILENE PAULINA DE QUEIROZ,N,2016,10
03454838000143,00023580364472,JAIR PAULINO MAIA,N,2016,10
03454838000143,00030446155420,IVETE PAULINO MAIA,N,2016,10
03454838000143,00076189287468,FRANCISCA CLESIA DA COSTA,N,2016,10
03462662000171,00002647008485,EMIKSON FABIO HENRIQUE BARRETO,N,2016,10
03462662000171,00010669086487,MARIA GORETH HENRIQUE GODEIRO BARRETO,N,2016,10
03462662000171,00020063709449,JOSE NILSON BARRETO,N,2016,10
03468606000144,00056510365120,FRANCISCO DE ASSIS BEZERRA DE LI,N,2016,10
03524050000166,00001359321497,MARILIA MEDEIROS DE MENDONCA BEZERRA,N,2016,10
03524050000166,00008858110463,LUZIA FRANCISCA MEDEIROS DE MENDONCA,N,2016,10
03613359000122,00008548536420,JOSE AIRTON BEZERRA,N,2016,10
03613359000122,00049077856404,MARGARIDA PEREIRA DA SILVA BEZERRA,N,2016,10
03635253000120,00002550810490,MARIA JOSE DE ANDRADE REGES,N,2016,10
03635253000120,00007859902400,GILVAN MONTEIRO REGES,N,2016,10
03756499000150,00001081429496,SUZIANE ARAUJO DE AZEVEDO,N,2016,10
03756499000150,00037890247400,ALEX SANDRO MACEDO DE OLIVEIRA,N,2016,10
03756499000150,00087548003404,JACYANE MACEDO DE OLIVEIRA E SILVA,N,2016,10
03756642000103,00002697710426,ALMAQUIO SOARES NETO,N,2016,10
03756642000103,00070077892429,ARTHUR TORQUATO FERNANDES SOARES,N,2016,10
03845812000126,00000786425407,SIRLENE DE ARAUJO SOARES,N,2016,10
03845812000126,00087601699404,SIDNEY DIAS DE ARAUJO SOARES,N,2016,10
03845812000398,00000786425407,SIRLENE DE ARAUJO SOARES,N,2016,10
03845812000398,00087601699404,SIDNEY DIAS DE ARAUJO SOARES,N,2016,10
03954830000308,00014375362472,IVO NILSON LOPES DE MEDEIROS,N,2016,10
03954830000308,00020084234415,MARIA DO SOCORRO COSTA DE MEDEIROS,N,2016,10
03954830002432,00014375362472,IVO NILSON LOPES DE MEDEIROS,N,2016,10
03954830002432,00020084234415,MARIA DO SOCORRO COSTA DE MEDEIROS,N,2016,10
04028799000185,00014191202472,JOAO ITAMAR FIRMINO DOS SANTOS,N,2016,10
04028799000185,00035535490415,JOSE IRAMAR FIRMINO DOS SANTOS,N,2016,10
04065360000203,00002693069432,MANOEL ANSELMO DE SOUZA JUNIOR,N,2016,10
04065360000203,00003802116453,MANOEL ANSELMO DE SOUZA,N,2016,10
04079566000101,00001854701495,GERALDA ISAURA DA SILVA,N,2016,10
04079566000101,00041298233453,PETRONIO ALEXANDRE DANTAS,N,2016,10
04185877000902,00000390041122,WELLINGTON PABLO DE ALMEIDA BRITO,N,2016,10
04185877000902,00041140354191,JOÃO ARIANO NETO,N,2016,10
04185877000902,00045881863100,RUBENS CARLOS CURCINE,N,2016,10
04185877000902,00069295697634,PEDRO PAULO PEREIRA DO NASCIMENTO,N,2016,10
04185877000902,00084636041887,JOSE RAIMUNDO NETO,N,2016,10
04185877000902,08608527000105,JS PARTICIPACAO E ADMINISTRACAO LTDA,N,2016,10
04200779000220,00076122816434,JOÃO SILVESTRE NETO,N,2016,10
04200779000220,00087741520415,EDINALDO SILVESTRE DA SILVA,N,2016,10
04259140000130,00010799001449,IAPONIRA PEDROZA DAMASIO,N,2016,10
04259140000130,00079719120487,SIMONE DE ARAUJO CIRILO MEDEIROS,N,2016,10
04293301000101,00006977652454,MARIA DA CONCEICAO VALENTIM DA SILVA,N,2016,10
04293301000101,00063838125487,EDINEIDE CLEMENTINO DA SILVA,N,2016,10
04351247000103,00001256285447,ELTON GOMES SOUTO DO O,N,2016,10
04351247000103,00001473487498,EMERSON GOMES SOUTO DO O,N,2016,10
04351247000103,00002477235419,MIRNA SOUTO PESSOA DE MIRANDA FREIRE,N,2016,10
04351247000103,00056820151420,EDILEUZA GOMES SOUTO,N,2016,10
04385909000166,00048138002468,ALEXANDRE TORRES BARBALHO,N,2016,10
04385909000166,00091534690468,LENILDE TORRES GALVAO BARBALHO,N,2016,10
04441891000172,00050318551420,IVANILSON NUNES DE LIMA,N,2016,10
04441891000172,00073715786434,VALMAR ARAUJO DE OLIVEIRA,N,2016,10
04451626000175,00018232450487,CLETO FERREIRA,N,2016,10
04451626000175,00041327330415,ANA MARIA PINHEIRO FERREIRA,N,2016,10
04457498000177,00087790769472,LADGERDE LOPES FERNANDES,N,2016,10
04508969000129,00010856790478,TULIO DE OLIVEIRA GOMES,N,2016,10
04652899000188,00059774800400,JOSE VASCONCELOS DA ROCHA JUNIOR,N,2016,10
04652899000188,00090402693434,ANA EMILIA TRIGUEIRO CAVALCANTI DA ROCHA,N,2016,10
04661568000104,00000989432432,MAISON WANDORTHE DE FONTES REGO,N,2016,10
04661568000104,00001333014430,CHARLES DEAN DE FONTES REGO,N,2016,10
04661568000104,00002467961460,NORAYDE JANAINA DE FONTES REGO BARRETO,N,2016,10
04661568000104,00010726225487,FRANCISCO XAVIER DO REGO,N,2016,10
04663363000168,00001259370402,IANARA MILENA BEZERRA DE MENDONCA,N,2016,10
04663363000168,00003078466442,FARES TARSO DA SILVA VIEIRA,N,2016,10
04666364000166,00002853233421,GLEIDE MARIA DA SILVA MEDEIROS,N,2016,10
04666364000166,00059765615434,MARIA LUIZA E SILVA MARTINS,N,2016,10
04675869000197,00009271568494,PORCINO FERNANDES DA COSTA SEGUNDO,N,2016,10
04675869000197,00023031859472,PORCINO FERNANDES DA COSTA JUNIOR,N,2016,10
04679119000193,00000848782402,SANDRA REJANE DA SILVA MOURA,N,2016,10
04679119000193,00042132797404,RENILSON NERY DE MOURA,N,2016,10
04701515000170,00002343755400,TASLA CAPISTRANO GONZAGA MENDES,N,2016,10
04701515000170,00003603888413,THAISA CAPISTRANO GONZAGA DE ANDRADE,N,2016,10
04701515000170,00029773300463,MARIA ILZA DA CONCEICAO CAPISTRANO,N,2016,10
04701515000170,00085215473404,JANDIRA CAPISTRANO GONZAGA,N,2016,10
04701515000170,00085215570434,THIAGO CAPISTRANO GONZAGA,N,2016,10
04731614000102,00056549407400,RENATO MELO TRIGUEIRO,N,2016,10
04731614000102,00065529472400,FLAVIO VARELA DE CARVALHO,N,2016,10
04747896000128,00003557253473,KALLIANA KELLY DE OLIVEIRA PORTO,N,2016,10
04747896000128,00004643605448,INACIO DE LOIOLA DA SILVEIRA JUNIOR,N,2016,10
04747896000128,00004824662435,ANA TERESA DA SILVEIRA VIANA,N,2016,10
04747896000128,00018828876468,MARIA DA ASSUNCAO DE OLIVEIRA,N,2016,10
04770238000157,00000871330407,RODRIGO QUEIROZ CANDIDO,N,2016,10
04770238000157,00007631367434,AGNELO CANDIDO DO NASCIMENTO,N,2016,10
04770238000157,00017613523420,ALBERTO PEREIRA NASCIMENTO,N,2016,10
04770238000157,00039014584415,MARIA DE LOURDES PEREIRA NASCIMENTO,N,2016,10
04770238000157,12613006000113,TRANSNACIONAL TRANSPORTE NACIONAL DE PASSAGEIROS LTDA,N,2016,10
04770238000319,00000871330407,RODRIGO QUEIROZ CANDIDO,N,2016,10
04770238000319,00007631367434,AGNELO CANDIDO DO NASCIMENTO,N,2016,10
04770238000319,00017613523420,ALBERTO PEREIRA NASCIMENTO,N,2016,10
04770238000319,00039014584415,MARIA DE LOURDES PEREIRA NASCIMENTO,N,2016,10
04770238000319,12613006000113,TRANSNACIONAL TRANSPORTE NACIONAL DE PASSAGEIROS LTDA,N,2016,10
04805345000173,00079160395400,JOZILMA MARIA DE CARVALHO,N,2016,10
04839900000188,00014375362472,IVO NILSON LOPES DE MEDEIROS,N,2016,10
04839900000188,00020084234415,MARIA DO SOCORRO COSTA DE MEDEIROS,N,2016,10
04839900000340,00014375362472,IVO NILSON LOPES DE MEDEIROS,N,2016,10
04839900000340,00020084234415,MARIA DO SOCORRO COSTA DE MEDEIROS,N,2016,10
04839900000420,00014375362472,IVO NILSON LOPES DE MEDEIROS,N,2016,10
04839900000420,00020084234415,MARIA DO SOCORRO COSTA DE MEDEIROS,N,2016,10
04839900000501,00014375362472,IVO NILSON LOPES DE MEDEIROS,N,2016,10
04839900000501,00020084234415,MARIA DO SOCORRO COSTA DE MEDEIROS,N,2016,10
04839900000773,00014375362472,IVO NILSON LOPES DE MEDEIROS,N,2016,10
04839900000773,00020084234415,MARIA DO SOCORRO COSTA DE MEDEIROS,N,2016,10
04839900000854,00014375362472,IVO NILSON LOPES DE MEDEIROS,N,2016,10
04839900000854,00020084234415,MARIA DO SOCORRO COSTA DE MEDEIROS,N,2016,10
04848998000130,00054211670468,MARIA GORETE DE SOUSA SILVA,N,2016,10
04848998000130,00067315151400,UBIRAJARA FERREIRA DA SILVA,N,2016,10
04851183000100,00096946024400,EUDES DA COSTA LIMA,N,2016,10
04958358000182,00058289151420,ELISIEL UBIRAJARA MARQUES,N,2016,10
04958358000182,00066502705472,RONALDO ARAUJO DOS SANTOS,N,2016,10
04958358000263,00058289151420,ELISIEL UBIRAJARA MARQUES,N,2016,10
04958358000263,00066502705472,RONALDO ARAUJO DOS SANTOS,N,2016,10
04987374000101,00003204632490,MARTA MESSIAS DE MESQUITA,N,2016,10
04987374000101,00006988230440,MAXKSON MESSIAS DE MESQUITA,N,2016,10
05009904000100,00004743503477,TUTOVAN DA SILVA MORAES,N,2016,10
05062182000220,00032889410404,MARIA DE LOURDES NOGUEIRA SOARES,N,2016,10
05062182000220,00081228708487,LUCIANO NOGUEIRA SOARES,N,2016,10
05140795000157,00006724713455,SAMUEL RODRIGO SOUZA DE SALES,N,2016,10
05140795000157,00015081613487,JOSE LUCAS DE SALES,N,2016,10
05164172000114,00005088497482,DANILLO DEYVSON SILVA DE OLIVEIRA,N,2016,10
05164172000114,00066387159415,GENIBALDO SILVA DE OLIVEIRA,N,2016,10
05195530000156,00002769726439,RAILSON BENEDITO FERREIRA,N,2016,10
05195530000156,00055942342415,CLEONICE FELIPE DOS SANTOS,N,2016,10
05211683000140,00004212546450,PAULO CEZAR ALVES DE ARAUJO,N,2016,10
05211683000140,00005223255488,MARIA ELIZANGELA DA CUNHA DE ARAUJO,N,2016,10
05292103000196,00001874309426,MARIA GLEIDE VENCESLAU CAMPOS,N,2016,10
05292103000196,00005959384426,AWERTON RAMOS VENCESLAU CAMPOS,N,2016,10
05303455000108,00047388676449,PEDRO BRUNO DE SOUTO,N,2016,10
05349858000260,00051322412472,ARIOSVALDO TARGINO DE ARAUJO JUNIOR,N,2016,10
05349858000260,00078607655434,NORIMARIA SOUTO TARGINO,N,2016,10
05413415000100,00003531496409,CAIO MARCELL LOPES GOMES BARRETO,N,2016,10
05452665000150,00005638211403,CARLA CAROLINE RODRIGUES DE SOUZA,N,2016,10
05452665000150,00063127660472,PEDRO GILSON DE SOUZA,N,2016,10
05530941000150,00002346789410,SIMONE ANTUNES LEÃO,N,2016,10
05530941000150,00068811128404,ANTONIO DOMINGOS DE SOUZA LEÃO,N,2016,10
05587520000328,00005083696495,ANTONIO PAIVA FERNANDES FILHO,N,2016,10
05587520000328,00008296605422,LUANA LORENA DE OLIVEIRA SOUZA,N,2016,10
05660173000150,00001215658400,RICARLIANE SILVA DOS SANTOS,N,2016,10
05660173000150,00002488245461,RENATA SILVA DOS SANTOS,N,2016,10
05676120000127,00003091671402,ANA LIVIA QUEIROZ ALMEIDA LIMA,N,2016,10
05676120000127,00009027056447,JEFFERSON DA SILVA,N,2016,10
05676120000127,00023062681420,MARIA DE LOURDES ARAUJO DE LIMA,N,2016,10
05685339000192,00002394607408,CARLOS EDUARDO PESSOA BARRETO,N,2016,10
05685339000192,00003373053404,CLOVIS DE FREITAS BARRETO,N,2016,10
05685339000192,00077854985472,CLOVIS EUGENIO PESSOA BARRETO,N,2016,10
05756905000100,00000871620405,FRANCISCO JAIME DE SOUZA JUNIOR,N,2016,10
05756905000100,00005100716436,DIEGO MICHEL DE SOUZA,N,2016,10
05777741000105,00003032521467,MARINA SOARES GURGEL,N,2016,10
05777741000105,00004133166450,SAMARA CARDOSO DE SOUZA,N,2016,10
05818747000175,00001016600496,LUANA BATISTA DE MACEDO LACET,N,2016,10
05818747000175,00008766777402,WERNECK LIMA DE CARVALHO FILHO,N,2016,10
05948553000275,00001804951358,ANDERSON DE OLIVEIRA JOVINO,N,2016,10
05948553000275,00001822118352,GEORGIA KATUSA DE OLIVEIRA JOVINO,N,2016,10
06004897000108,00003588028498,MARIA JANAINA VASCONCELOS DE AMORIM,N,2016,10
06004897000108,00095219218549,FRANKLIN DOUGLAS VASCONCELOS DE AMORIM,N,2016,10
06089294000156,00004532576407,ANA RACHEL COSTA,N,2016,10
06089294000156,00007387424497,PEDRO HENRIQUE COSTA,N,2016,10
06214080000326,00004660033406,JANETE DOS SANTOS FERREIRA PAIVA,N,2016,10
06214080000326,00091394848404,FRANCINEI MARQUES PAIVA,N,2016,10
06224460000180,00000945581408,SERGIO GUSTAVO MEDEIROS DE OLIVEIRA,N,2016,10
06224460000180,00001209661403,ALLAN SOSTENES MEDEIROS DE OLIVEIRA,N,2016,10
06231164000106,00005714556461,JIVAGDA RAMONNA FERREIRA DOS SANTOS,N,2016,10
06231164000106,00010255271433,LUCIO FLAVIO GARCIA DE ARAUJO NETO,N,2016,10
06253658000191,00001357536437,MARIJAEL JACSON DA COSTA SILVA,N,2016,10
06281627000144,00000147754844,WILLIAM ARAUJO VASCONCELOS,N,2016,10
06281627000144,00001431216429,CINTHIA ARAUJO VASCONCELOS LIMA,N,2016,10
06369032000145,00001289143439,CECYLYANNE AUGUSTA DE PAIVA,N,2016,10
06369032000145,00044335741472,MARIA DE LOURDES PAIVA,N,2016,10
06912821000180,00001191224481,MARIA ADEILMA NUNES,N,2016,10
06912821000180,00048229628491,EDINALDO NUNES DE LIMA,N,2016,10
06927514000173,00041353439453,SUZANA DE FARIAS MOISES,N,2016,10
06927514000173,00065569334491,VALMIR OLIVEIRA DE FARIAS,N,2016,10
06964537000158,00000819855413,ERIKA RAMOS DA CUNHA MEDEIROS,N,2016,10
06964537000158,00010874784484,INGRYD CUNHA MEDEIROS,N,2016,10
06989403000191,00003004404486,MESSALINA MARTINS ASSIS,N,2016,10
06989403000191,00081379854415,ANA CRISTINA DE ARAUJO,N,2016,10
06990440000110,00005688128402,FLAVIANO GOMES DA SILVA,N,2016,10
06990440000110,00007299692406,LUCIANA MAURICIO DE OLIVEIRA SILVA,N,2016,10
07018761000110,00004966573483,THIAGO BRAGA WANDERLEY,N,2016,10
07018761000110,00078594863420,ROGERIO BEZERRA TINOCO,N,2016,10
07019741000163,00003422932496,EUNICE LEITE SILVA,N,2016,10
07019741000163,00004570018440,MARIA EUNICE LEITE SILVA,N,2016,10
07075163000182,00000913607495,CLAUDIA MARIA DA COSTA GUILHERME,N,2016,10
07075163000182,00082224706472,SEBASTIAO GUILHERME LOPES,N,2016,10
07081522000104,00073887005449,LUIS CARLOS ANDRADE,N,2016,10
07081522000104,00094292574472,ANTONIO PINTO DA COSTA,N,2016,10
07095972000156,00002102460495,PATRICIA DE MEDEIROS,N,2016,10
07095972000156,00072122528400,ETELVINO PATRICIO DE MEDEIROS,N,2016,10
07114802000171,00001677924403,ALEXANDRE CESAR BATISTA DE MORAIS FILHO,N,2016,10
07114802000171,00003828543499,ROMEIKA DE MORAIS COSTA BATISTA,N,2016,10
07114802000171,00064288455472,JOSE RONALDO DE MORAIS COSTA,N,2016,10
07116969001577,00001152351400,GENIVAN JOSUE BATISTA,N,2016,10
07116969001577,28862538000124,JARDIM PARTICIPACOES LTDA,N,2016,10
07147050000145,00037878042420,CELIA DE MEDEIROS DANTAS PIRES FERREIRA,N,2016,10
07147050000145,00040568296400,HUMBERTO DANTAS PIRES FERREIRA,N,2016,10
07197718000916,00001342550382,NERTAN DE MELO RIBEIRO,N,2016,10
07197718000916,00056053363391,ANDRE LEAO RIBEIRO,N,2016,10
07197718000916,00077836715353,PABLO LEAO RIBEIRO,N,2016,10
07209477000120,00049834231415,MILTON  EZEQUIEL FONSECA FILHO,N,2016,10
07209477000120,00050070940487,PATRICIA TAVARES AFONSO FONSECA,N,2016,10
07305986000157,00001697767435,JOSEILSON DANTAS DE MEDEIROS,N,2016,10
07305986000157,00002689583437,SEBASTIAO DE AZEVEDO DANTAS,N,2016,10
07326826000194,00030296773468,CARLOS ALBERTO DA CUNHA,N,2016,10
07326826000194,00040562697420,EDILMA MARIA FERNANDES,N,2016,10
07355441000155,00048939161491,BISMARCK MAGNUS DA SILVA,N,2016,10
07355441000155,00081323662472,LADJANE LOPES FRANCA MAGNUS,N,2016,10
07442301000114,00000820390461,FABIO PORCINO ROSADO CHAVES,N,2016,10
07442301000114,00012870174446,MELISSA PORCINO MELO,N,2016,10
07443696000170,00001416623442,RUDA FERNANDES PEREIRA,N,2016,10
07443696000170,00001416624414,SACHA FERNANDES PEREIRA,N,2016,10
07443696000170,00001416625496,SANDI FERNANDES PEREIRA,N,2016,10
07443696000170,00066455707400,LEILA MARIA FERNANDES AUGUSTO,N,2016,10
07448838000191,00023119098434,FRANCISCO CARLOS DIAS CAMPOS,N,2016,10
07448838000191,00072186062704,JOSE ZENILDO DIAS CAMPOS,N,2016,10
07509062000172,00001215658400,RICARLIANE SILVA DOS SANTOS,N,2016,10
07509062000172,00002488245461,RENATA SILVA DOS SANTOS,N,2016,10
07524849000103,00002669585400,LEONARDO LUIZ GONCALVES BEZERRA,N,2016,10
07543171000106,00020207930406,ERINALDO MEDEIROS DE OLIVEIRA,N,2016,10
07543171000106,00022932720449,ANTONIO GALINHA DE MEDEIROS,N,2016,10
07610338000104,00001434103340,MARILIA CAMPOS PESSOA NOGUEIRA,N,2016,10
07610338000104,00011636918441,NICOLAS CAMPOS NOGUEIRA,N,2016,10
07612031000142,00031598188453,EDINA MARIA BARBOSA DA SILVA ALMEIDA,N,2016,10
07807635000144,00002403377430,LUCILENE JUSTINO DANTAS,N,2016,10
07807635000144,00009222896467,IAGO VITOR DANTAS PEREIRA,N,2016,10
07837447000673,00001077349408,ANDREA MILENA COSTA DE OLIVEIRA,N,2016,10
07837447000673,00009279252496,JOAO NOGUEIRA DA SILVA NETO,N,2016,10
07837447000673,00091447836472,FLAVIO CESAR NOGUEIRA,N,2016,10
07867282000178,00001833967402,ARTEMIO CARLOS LEITE FILHO,N,2016,10
07867282000178,00005563021416,ARTEMIO CARLOS LEITE,N,2016,10
07887781000127,00001148936408,EMICARLA LIMA DANTAS DE AZEVEDO,N,2016,10
07887781000127,00002253919454,JUDENILDO KELLY FERNANDES DE AZEVEDO,N,2016,10
07939638000131,00002011423414,JOSE JEOMAR DE MEDEIROS,N,2016,10
07939638000131,00004168881431,MAXIMO WAGNER PEREIRA DE MACEDO,N,2016,10
07991017000105,00000762675470,KLEIBER FLAVIO SILVA COSTA,N,2016,10
07991017000105,00000762676442,KLEYTON FABIO SILVA COSTA,N,2016,10
08010923000136,00000900738430,MARILENE MARIA MEDEIROS CRUZ,N,2016,10
08010923000136,00004189905496,RENATA SUZANA DE MEDEIROS CRUZ,N,2016,10
08010923000136,00004544920493,NARA MAIRA DE MEDEIROS CRUZ,N,2016,10
08086001000102,00020019939434,NEWTON UCHOA DE ARAUJO,N,2016,10
08086001000102,00046681019404,FRANCINEIDE MAURA UCHOA DE ARAUJO,N,2016,10
08090078000156,00000775007412,DENIO ALVES DE OLIVEIRA,N,2016,10
08090078000156,00002828448487,JOSE ALVES NETO,N,2016,10
08090078000156,00096932350459,MARIA AUGUSTA DE OLIVEIRA ALVES,N,2016,10
08091529000170,00005940614400,FRANCISCO DAS CHAGAS PEREIRA DA SILVA,N,2016,10
08091529000170,00036496910430,FRANCISCO GINETE ANDRADE,N,2016,10
08094807000142,00005126539418,ALINE VALE DE ARAUJO,N,2016,10
08094807000142,00052381765468,JANE VALE DE ARAUJO,N,2016,10
08094807000142,00096928182415,ANA LIGIA VALE DE ARAUJO,N,2016,10
08130668000165,00005684650406,HAZENCLEVE FREIRE DE MEDEIROS,N,2016,10
08130668000165,00028230779449,DORALICE FREIRE DE MEDEIROS,N,2016,10
08130668000165,00037643240400,JOANA DARC FREIRE DE MEDEIROS,N,2016,10
08222903000129,00003360792491,FRANCISCO ARAUJO DA COSTA,N,2016,10
08222903000129,00005720591400,MARGARIDA MARIA DE MORAIS COSTA,N,2016,10
08224149000166,00006728391487,VERONICA M DE AZEVEDO BATISTA,N,2016,10
08229791000138,00007501447420,FERNANDO LUIZ DE FRANCA,N,2016,10
08229791000138,00020202067491,ROSICLER FERNANDES SANTOS DE FRANCA,N,2016,10
08248403000166,00001161784420,JOSE AMADEU VALE,N,2016,10
08248403000166,00081364105420,MARIA GIZELDA DE MEDEIROS VALE,N,2016,10
08248924000113,00020004168453,LUCIA DE FATIMA CHAVES DA COSTA ROSADO MAIA,N,2016,10
08248924000113,00023031859472,PORCINO FERNANDES DA COSTA JUNIOR,N,2016,10
08248924000113,00040574784420,FABIO ALCINDO CHAVES DA COSTA,N,2016,10
08249104000731,00020081006420,MARCO ANTONIO PESSOA DE OLIVEIRA,N,2016,10
08249104000731,00027179664472,MIGUEL ARCANJO DE OLIVEIRA JUNIOR,N,2016,10
08249104000731,00042303524415,MARCELO JOAQUIM PESSOA DE OLIVEIRA,N,2016,10
08249104000731,00087506661420,MARCIO JOSE PESSOA DE OLIVEIRA,N,2016,10
08285124000172,00002530376468,FERNANDO ALBINO RODRIGUES,N,2016,10
08285124000172,00065470524434,HENRIQUE SODRE RODRIGUES,N,2016,10
08286262000176,00046672559434,KLEIBER ANTUNES FURTADO JUNIOR,N,2016,10
08286262000176,00093874022404,MARIA DO SOCORRO FURTADO,N,2016,10
08293840000100,00013913567801,MARIA DE LOURDES GUEDES SILVA,N,2016,10
08293840000100,00042251400400,FRANCISCO DAS CHAGAS SILVA,N,2016,10
08326720000153,00001167006453,JOSEBEL DA COSTA CIRNE,N,2016,10
08326720000153,00002358221406,FABSON LIRA CIRNE,N,2016,10
08326720000153,00003039123408,RICARDO LIRA CIRNE,N,2016,10
08326720000153,00037885928420,SERGIO ROBERTO DE MEDEIROS CIRNE,N,2016,10
08326720000153,00083729283472,MARIA DE FATIMA LIRA CIRNE,N,2016,10
08326720000153,00089816218453,GERLIZA LIRA CIRNE GASPAR,N,2016,10
08328395000834,00013056514487,JOAQUIM TARCISIO CAMARA FLOR,N,2016,10
08328395000834,00013912844453,TANIA MARIA FLOR RIBEIRO,N,2016,10
08328395000834,00014063654400,TULIO MAURICIO CAMARA FLOR,N,2016,10
08328395000834,00022133755420,THELMA MARIA FLOR ALENCAR,N,2016,10
08328395000834,00033651981487,TATIANA MARIA FLOR GUEDES,N,2016,10
08328395000834,00035758643491,TERCIO CAMARA FLOR,N,2016,10
08328395000834,00036998842449,TARCIO HENRIQUE CAMARA FLOR,N,2016,10
08328395000834,00037848585468,TANILDA MARIA CAMARA FLOR FREITAS,N,2016,10
08328395000834,00056585721420,MARIA DE LOURDES CAMARA FLOR,N,2016,10
08345621000119,00001210402408,CAMILA GOMES FERNANDES DE SOUZA,N,2016,10
08345621000119,00001210941465,CAROLINE GOMES FERNANDES DE SOUZA,N,2016,10
08345621000119,00003554335401,ENIO GOMES FERNANDES DE SOUZA,N,2016,10
08345621000119,00003796507468,FRANCISCO FERNANDES DE SOUZA,N,2016,10
08345621000119,00009048138434,MARIA DA CONCEICAO FERREIRA GOMES DE SOUZA,N,2016,10
08345698000199,00003524633412,KELY REGINA DAS CHAGAS MEDEIROS,N,2016,10
08363806000156,00007606877491,GUSTAVO ANTONIO CABRAL BEZERRA,N,2016,10
08363806000156,00037878425434,JOSETE CABRAL BEZERRA,N,2016,10
08378267000552,00000365211400,LUCIO JOSE DA SILVEIRA,N,2016,10
08378267000552,00009270949400,VALTER ANUNCIATO DA SILVEIRA,N,2016,10
08385213000190,00000749347406,AILA AYRES NERY,N,2016,10
08385213000190,00002378816405,ALEA AIRES NERY SALUSTIANO,N,2016,10
08385213000190,00076207030478,ALEX AYRES NERY,N,2016,10
08385213000514,00000749347406,AILA AYRES NERY,N,2016,10
08385213000514,00002378816405,ALEA AIRES NERY SALUSTIANO,N,2016,10
08385213000514,00076207030478,ALEX AYRES NERY,N,2016,10
08385809000190,00006919223490,CAIO SERGIO DAMASCENO DE ARAUJO,N,2016,10
08385809000190,00010680462449,ROBERTO SERGIO DE ARAUJO,N,2016,10
08418279000130,00009622004415,MARIA DA CONCEICAO SERQUIZ ELIAS PINHEIRO,N,2016,10
08418279000130,00010836462491,MARIA LUCIA PINTO SERQUIZ DE AZEVEDO,N,2016,10
08424210000119,00012378453434,MARIA LUIZA PACHECO DIAS,N,2016,10
08424210000119,00078594626487,LORENA PACHECO DIAS MARINHO,N,2016,10
08453698000102,00001987909453,OLINTO GOMES,N,2016,10
08453698000102,00002204621439,JULIERME LOPES GOMES,N,2016,10
08453698000102,00083716211400,OLINTO GOMES JUNIOR,N,2016,10
08453698000102,00091419247468,JANAINA LOPES GOMES,N,2016,10
08470288000250,00001141074400,JOAO BEZERRA GALVAO,N,2016,10
08470288000250,00021433259400,JOAO ALFREDO GUIMARAES GALVAO,N,2016,10
08470288000250,00042311039415,TEREZA MARCIA GALVAO GUIMARAES,N,2016,10
08470288000250,00044406398449,VERONICA GUIMARAES GALVAO,N,2016,10
08473985000184,00002764341458,THAYANNE FLOR ALVARES DANTAS,N,2016,10
08473985000184,00007485506404,DIOGENES DANTAS ALVARES,N,2016,10
08473985000265,00002764341458,THAYANNE FLOR ALVARES DANTAS,N,2016,10
08473985000265,00007485506404,DIOGENES DANTAS ALVARES,N,2016,10
08484735000140,00006406956478,EDUARDO ABBOTT GALVAO SEREJO GOMES,N,2016,10
08484735000140,00027711080468,SONIA ABBOTT GALVAO GOMES,N,2016,10
08484735000140,00030724430415,FRANCISCO ALBERTO SEREJO DA FONSECA,N,2016,10
08505026000101,00048410624834,ANEZIO MARQUES DE SOUZA,N,2016,10
08505026000101,00085271420400,MARIA IRLETE NUNES DE SOUZA,N,2016,10
08505901000147,00033614920410,JOSIVALDO CLEMENTE DE OLIVEIRA,N,2016,10
08505901000147,00087804603487,MARIA NIVALDA DE OLIVEIRA,N,2016,10
08505901000147,08399834000123,ALVARO DE OLIVEIRA & CIA LTDA,N,2016,10
08546773000180,00000896196410,CLAUDIA JAQUELINY NUNES FERNANDES,N,2016,10
08546773000180,00077942167453,JOHN LENNON FERNANDES LIMA,N,2016,10
08547432000129,00005117305434,HUGO NOBRE CABRAL,N,2016,10
08547432000129,00018236766420,LEA BARBOSA CABRAL,N,2016,10
08547432000552,00005117305434,HUGO NOBRE CABRAL,N,2016,10
08547432000552,00018236766420,LEA BARBOSA CABRAL,N,2016,10
08547432000714,00005117305434,HUGO NOBRE CABRAL,N,2016,10
08547432000714,00018236766420,LEA BARBOSA CABRAL,N,2016,10
08547432000803,00005117305434,HUGO NOBRE CABRAL,N,2016,10
08547432000803,00018236766420,LEA BARBOSA CABRAL,N,2016,10
08553216000196,00003947289472,MARIA CABRAL DE ALBUQUERQUE,N,2016,10
08553216000196,00015672778453,CORINA CABRAL DE ALBUQUERQUE,N,2016,10
08553216000196,00031203248415,JOSE CABRAL DE ALBUQUERQUE,N,2016,10
08555021000185,00017545331400,RONALDO MARQUES RODRIGUES,N,2016,10
08555021000185,00072137886472,ROSANE MENDONCA RODRIGUES,N,2016,10
08563934000143,00003036832440,JOSE DOS SANTOS PINHEIRO DA SILVA JUNIOR,N,2016,10
08563934000143,00087765942468,ANDRE CIRILO DE OLIVEIRA PINHEIRO,N,2016,10
08572950000100,00026718588415,ROBERTO PINTO SERQUIZ ELIAS,N,2016,10
08572950000100,00029303117468,MARIA TEREZA PINTO SERQUIZ MAIA,N,2016,10
08576605000137,00005375446405,FRANCISCO EDILSON XAVIER REBOUCAS SEGUNDO,N,2016,10
08576605000137,00013014110434,FRANCISCO EDILSON XAVIER REBOUCAS,N,2016,10
08576605000137,00022978712449,LINDONETE MARIA MOURA ROCHA REBOUCAS,N,2016,10
08578007000105,00001119729491,LUIZ GONZAGA DE MELO,N,2016,10
08578007000105,00005337088424,CIRO DE HOLANDA MELO,N,2016,10
08578007000105,00025469932400,MARCOS EFRAIM DE MELO,N,2016,10
08690810000129,00031543278434,JOSEFA MARIA DA SILVA,N,2016,10
08690810000129,00087570467434,MARIA SULENE DE LIRA SILVA,N,2016,10
08692584000115,00042240603453,FLORACI CASSIANO DA SILVA,N,2016,10
08733671000254,00026128195415,ADJACIRA SOBREIRA DE CASTRO TEIXEIRA,N,2016,10
08865584000170,00003203966492,KELLY MARQUES TEIXEIRA DE GOES CUNHA,N,2016,10
08865584000170,00091441692487,MARINEIDE DINIZ BRITO DE AZEVEDO,N,2016,10
08883446000113,00008965947421,ALLYSON BERGSON FERNANDES DE MEDEIROS,N,2016,10
08883446000113,00046594370430,LUIZ JURANDIR DE MEDEIROS,N,2016,10
08883446000113,00079113583468,JUVANIRA FERNANDES DE MEDEIROS,N,2016,10
08940206000103,00063874067491,FREDIANO JALES ROSADO,N,2016,10
08940206000103,00079247806453,GREGORIO JALES ROSADO,N,2016,10
08975531000101,00030275504204,ADRIANA DE FATIMA SILVA BELEM,N,2016,10
08975531000101,00059778350434,SIUMARA BERGMANN,N,2016,10
09018974000177,00013022822472,JOSE TADEU RODRIGUES SARMENTO,N,2016,10
09018974000177,00066471125453,CREMEILDA JACOME SARMENTO,N,2016,10
09077124000140,00000227188420,ALBERICO BARROS CAMARA,N,2016,10
09077124000140,00001856919439,SONIA MARIA COSTA CAMARA,N,2016,10
09077124000140,00007833296449,MARIA JOSE DA SILVA BELLUSCI,N,2016,10
09077124000140,00078256194472,ALBERICO BARROS CAMARA JUNIOR,N,2016,10
09077965000238,00045669163320,JOSE RUFINO DA SILVA NETO,N,2016,10
09077965000238,00075258390349,GLAUCO HOLANDA JUNIOR,N,2016,10
09109547000102,00014383780415,PEDRO NASCIMENTO DE PAIVA FERNANDES,N,2016,10
09111667000136,00008552914867,LUCIA TOMOKO NAGATOMI VIEGAS,N,2016,10
09111667000136,00048179205487,FABIO DO NASCIMENTO VIEGAS,N,2016,10
09117186000138,00009286482493,IAGO CARLOS BRITO MORAIS,N,2016,10
09117186000138,00032870779453,RUIVAN CARLOS MORAIS,N,2016,10
09117268000182,00022989528415,SUEUDO BESSA REGIS,N,2016,10
09117268000182,00031507166400,IVANSUEUDO BESSA REGIS,N,2016,10
09117268000182,00049055240400,RAIMUNDA BESSA FREITAS,N,2016,10
09117268000263,00022989528415,SUEUDO BESSA REGIS,N,2016,10
09117268000263,00031507166400,IVANSUEUDO BESSA REGIS,N,2016,10
09117268000263,00049055240400,RAIMUNDA BESSA FREITAS,N,2016,10
09163858000141,00009643591468,VENCESLAU JOSE DE SOUZA SOBRINHO,N,2016,10
09163858000141,00017578876449,EURIDES IDA MENDONCA DA SILVA,N,2016,10
09178339000157,00002843112435,PEDRO FELIX DE MEDEIROS NETO,N,2016,10
09178339000157,00004680980460,NICACIA ARAUJO DA ROSA MEDEIROS,N,2016,10
09196733000118,00022965785434,GEOVANE DA SILVA BEZERRA,N,2016,10
09196733000118,00054604176434,FRANCISCA DAS CHAGAS DA SILVA BEZERRA,N,2016,10
09208172000120,00001236301420,DANIELLE MONIKE LIMA DE ALBUQUERQUE,N,2016,10
09208172000120,00006369763438,LUCIO FERNANDES DE ALBUQUERQUE JUNIOR,N,2016,10
09222654000134,00002252484411,ALEXSANDRO DOS SANTOS,N,2016,10
09266128000338,00004791004469,ARTHUR GUSTAVO VAZ TOLENTINO,N,2016,10
09266128000338,00006346740482,PAULO RONALDO TOLENTINO,N,2016,10
09363802000130,00034202536487,JOSE MEDEIROS DANTAS,N,2016,10
09363802000130,00036991066400,ANGELA MARIA DE MEDEIROS,N,2016,10
09374422000100,00002483367461,WILSON JOSE FERREIRA,N,2016,10
09374422000100,00035803746487,RAIMUNDO MIGUEL FERREIRA FILHO,N,2016,10
09374422000100,00047615079420,MARIA DE ARAUJO FERREIRA,N,2016,10
09389792000102,00040549933468,VALDIVANIA DE FARIAS SILVA,N,2016,10
09389792000102,00052268632415,JONILSON DE FARIAS SILVA,N,2016,10
09402009000284,00015599566404,GENILDO FERNANDES DE QUEIROZ,N,2016,10
09402009000284,00062713655404,JULIA FERNANDES DE QUEIROZ,N,2016,10
09404534000158,00008580367468,PEDRO FERNANDES DA SILVEIRA,N,2016,10
09431823000146,00002626355348,ERNANDO ESTEVAM NOGUEIRA,N,2016,10
09431823000146,00003586175370,SAMARA ESTEVAM PESSOA,N,2016,10
09459395000160,00002210973414,SANDRA FERNANDES DE MORAIS LOPES,N,2016,10
09459395000160,00056635699449,JOAO LOPES DA SILVA JUNIOR,N,2016,10
09459395000240,00002210973414,SANDRA FERNANDES DE MORAIS LOPES,N,2016,10
09459395000240,00056635699449,JOAO LOPES DA SILVA JUNIOR,N,2016,10
09500928000100,00083722610400,GONCALO JOAO SANTOS DE OLIVEIRA,N,2016,10
09500928000100,00091369444400,ELAINY CRISTINA SILVA FERNANDES OLIVEIRA,N,2016,10
09501742000175,00000794168450,JOSE TARCISIO DIOGENES JUNIOR,N,2016,10
09501742000175,00005086174481,SAVIO TARCIO GURGEL DIOGENES,N,2016,10
09501742000175,00010903579405,SAULLO RARYANO GURGEL DIOGENES,N,2016,10
09501742000175,00026073846487,ROSANGELA GURGEL DE OLIVEIRA DIOGENES,N,2016,10
09524685000140,00009288252304,JOSE AURINO ASEVEDO LOPES,N,2016,10
09524685000140,00021658684320,ISMENIA MACIEL SAMPAIO ASEVEDO,N,2016,10
09600404000190,00052318419434,TEOFILO FERREIRA DE SOUZA,N,2016,10
09813406000168,00009270949400,VALTER ANUNCIATO DA SILVEIRA,N,2016,10
10013417000142,00053767063468,RONNIE CEZAR FERNANDES SILVA,N,2016,10
10013417000142,00072158824468,CLEINO MARCOS FERNANDES BENTO,N,2016,10
10141376000170,00002837251410,MARIA GORETE PEREIRA DA COSTA VASCO,N,2016,10
10141376000170,00079087809468,BENTO DE LIMA VASCO,N,2016,10
10269807000188,00000984238433,TALIA CRISTINA SOUZA NOBREGA,N,2016,10
10269807000188,00014480689168,UIRAJARA COSTA NOBREGA,N,2016,10
10317500000105,00022528091400,PAULO RICARDO DANTAS CUNHA,N,2016,10
10317500000105,00028787285487,MONICA MILENA AMORIM CUNHA,N,2016,10
10328834000184,00054953006534,ALBERTO SOBRAL DA SILVA,N,2016,10
10328834000184,00067171044491,LUIZ ALBERTO BARBALHO GALVAO,N,2016,10
10328834000184,00075147491449,GUSTAVO HENRIQUE BARBALHO GALVAO,N,2016,10
10334880000196,00006519351482,CLEITON DE OLIVEIRA BARBOSA,N,2016,10
10334880000196,00009876134485,BARBARA MARIA ALVES IMPERIAL BARBOSA,N,2016,10
10449378000120,00004558174489,ADRIANA BEZERRA LOPES MEDEIROS,N,2016,10
10449378000120,00094270732415,ADRIANO OLIVEIRA DE MEDEIROS,N,2016,10
10597640000184,00002229581465,TAQUIANO MACEDO BARAUNA,N,2016,10
10597640000184,00083695745487,CELMA FELICIANO DO NASCIMENTO BARAUNA,N,2016,10
10606327000165,00006067683431,ANGELO MARCOS DE HOLANDA,N,2016,10
10606327000165,00007558157420,AIANNE MIKAELLY GONCALVES DE HOLANDA,N,2016,10
10641461000105,00036915017453,MARIA APARECIDA FERREIRA DE ARAUJO,N,2016,10
10641461000105,00087570637453,VALDENOR OTACILIO DA SILVA ARAUJO,N,2016,10
10653382000106,00006242540460,THIAGO VALDEVINO DE BARROS,N,2016,10
10653382000106,00008804344490,MARIA DA CONCEICAO MEIRELES PRIMO DE BARROS,N,2016,10
10655938000101,00067104622420,FAUSTO CAVALCANTE DA SILVA JUNIOR,N,2016,10
10655938000101,00079073727472,ADRIANA CARLA DE OLIVEIRA SOUZA CAVALCANTE,N,2016,10
10714194000302,00006306031464,NAYANNE NATALUSKA CAMARA DE OLIVEIRA COSTA,N,2016,10
10714194000302,00028398076453,NAIDE CAMARA DE OLIVEIRA,N,2016,10
10766931000159,00001055969497,MARIA FRANCKCIARA DA SILVA ARAUJO,N,2016,10
10766931000159,00007949077840,ALCINO ALVES DA SILVA,N,2016,10
10790288000107,00002242077414,ELMA DANTAS DE MEDEIROS BRITO,N,2016,10
10790288000107,00002798835445,JAELSON DANTAS DE MEDEIROS BRITO,N,2016,10
10857970000161,00006720633449,MARIA DALVA DE MESQUITA DIAS,N,2016,10
10857970000161,00031573126420,FRANCISCO MESSIAS DIAS,N,2016,10
10898135000170,00017854501823,LAILDO NECO DE MORAIS,N,2016,10
10898135000170,00065402898472,AMARO ANTONIO DA COSTA,N,2016,10
10933739000100,00007264253465,MONINNE RAQUEL OLIVEIRA MORAIS,N,2016,10
10933739000100,00007391041440,DEIVID VIANA DE AQUINO,N,2016,10
10981924000170,00006111784439,MANUELLY MAKSON ARAUJO,N,2016,10
10981924000170,00070034090460,ELTON DA SILVA SANTOS,N,2016,10
11233325000130,00040639584420,JAILTON AURELIANO DA SILVA,N,2016,10
11233325000130,00042328209491,WBIRANILTON LINHARES DE ARAUJO,N,2016,10
11290066000180,00002978649470,RICARDO BRUNO SILVA DOS SANTOS,N,2016,10
11290066000180,00046534229404,FRANCINETE SILVA DOS SANTOS,N,2016,10
11323376000153,00003231819458,JOSE HEIMAR PINHEIRO JUNIOR,N,2016,10
11323376000153,00006294463424,VINICIUS DE FREITAS E SILVA,N,2016,10
11417150000111,00003472766441,RILTON DE MENEZEZ BEZERRA,N,2016,10
11417150000111,00005071352451,ALEXSANDRO BARBOSA DA CRUZ,N,2016,10
11417150000111,00063505533491,GUEIDE MARCOS DA FONSECA,N,2016,10
11417150000111,00085217409487,MAGNO ROCHA DE FRANCA,N,2016,10
11431413000147,00005128409465,FRANCISCOLUCIVAN FREIRE DE SOUZA,N,2016,10
11431413000147,00006792462403,VANDERLEA DE PAIVA DUARTE SOUZA,N,2016,10
11473199000191,00002480147495,JAILMA SOARES DA SILVA,N,2016,10
11511020000143,00002259218474,CESAR CARLOS SILVEIRA MARIZ,N,2016,10
11511020000143,00073950203400,ROBERIO CAIAFFO CAVALCANTE ANDRADE,N,2016,10
11689133000133,00008789080483,MARIANA PINHEIRO DE ARAUJO,N,2016,10
11689133000133,00009241584416,HELOA D AVILLA NERY SERRA DANTAS,N,2016,10
11689133000133,00039382249400,GEOVANILDO PEREIRA DE ARAUJO,N,2016,10
11786813000175,00000887915566,JACIARA GONCALVES DA SILVA,N,2016,10
11786813000175,00006369763438,LUCIO FERNANDES DE ALBUQUERQUE JUNIOR,N,2016,10
11855278000167,00003282675461,MIRTHS MARIA MEDEIROS DA SILVA,N,2016,10
11855278000167,00090460839420,ANTONIA VALDERICE DE MACEDO SOUZA,N,2016,10
11865729000147,00010478050496,DIEGO ARMANDO MARADONA PALACIO DA COSTA,N,2016,10
11933991000181,00015500470434,RAIMUNDO NONATO DE SOUZA,N,2016,10
11933991000181,00020084994487,MARIA ELI DIAS,N,2016,10
11934940000174,00000971215413,MIQUELINA MARIA DOS SANTOS MEDEIROS NETA,N,2016,10
11934940000174,00007569922492,MORSINALDO DE AZEVEDO MEDEIROS,N,2016,10
11936085000130,00042349869415,CARLOS ANTONIO DE SOUZA,N,2016,10
11936085000130,00063127660472,PEDRO GILSON DE SOUZA,N,2016,10
11937778000148,00002215925477,MARILU TRINDADE DANTAS,N,2016,10
11937778000148,00009809589468,CLEODOMAR GREGORIO DANTAS,N,2016,10
11939808000155,00008569157428,CAMILO DE LELLIS DANTAS DE AMORIM,N,2016,10
11939808000155,00018249604415,ANTONIO GOMES DE AMORIM,N,2016,10
11940467000138,00002023024404,OTACILIO CACIANO DO NASCIMENTO,N,2016,10
11940467000138,00008192320413,LUIS HENRIQUE DE FRANCA GOMES,N,2016,10
11940467000138,00023448270482,JOSE REGINALDO GOMES,N,2016,10
11981669000128,00018566561104,JOAO MARIA DE OLIVEIRA,N,2016,10
11981669000128,00056519796468,MARIA AUXILIADORA TARGINO DE OLIVEIRA,N,2016,10
11982113000237,00029749840453,AFRANIO FERREIRA DE MIRANDA FILHO,N,2016,10
11982113000237,00040648320430,LUCIANO DE SOUSA MIRANDA,N,2016,10
11982113000237,00046528210420,PAULO CESAR DE SOUSA MIRANDA,N,2016,10
11982113000237,00053910168434,SILVANA GOMES DE MIRANDA,N,2016,10
11982113000407,00029749840453,AFRANIO FERREIRA DE MIRANDA FILHO,N,2016,10
11982113000407,00040648320430,LUCIANO DE SOUSA MIRANDA,N,2016,10
11982113000407,00046528210420,PAULO CESAR DE SOUSA MIRANDA,N,2016,10
11982113000407,00053910168434,SILVANA GOMES DE MIRANDA,N,2016,10
11982113000741,00029749840453,AFRANIO FERREIRA DE MIRANDA FILHO,N,2016,10
11982113000741,00040648320430,LUCIANO DE SOUSA MIRANDA,N,2016,10
11982113000741,00046528210420,PAULO CESAR DE SOUSA MIRANDA,N,2016,10
11982113000741,00053910168434,SILVANA GOMES DE MIRANDA,N,2016,10
12305387000173,00003525182430,RODRIGO FERNANDES DE CARVALHO,N,2016,10
12305387000173,00004644650447,EDUARDO FERNANDES DE CARVALHO,N,2016,10
12305387000173,00005916884419,FELIPE FERNANDES DE CARVALHO,N,2016,10
12305387000173,00009166947391,EDUARDO TAVARES DE CARVALHO,N,2016,10
12305387000173,00067185517400,FERNANDA FERNANDES DE CARVALHO,N,2016,10
12305387000173,40811440000143,PRONTOMEDICA PRODUTOS HOSPITALARES LTDA,N,2016,10
12328933000191,00002907964402,LEONARDO ALEXANDRE DA ROCHA,N,2016,10
12328933000191,00045135290400,KATIA COELLY VIRISSIMO DO NASCIMENTO ROCHA,N,2016,10
12528765000188,00004743790433,IVANILSON DOS SANTOS VERAS,N,2016,10
12528765000188,00041403517487,MARIA JOSE DOS SANTOS VERAS,N,2016,10
12637492000100,00065499360472,OSORIO DANTAS DA ROCHA,N,2016,10
12637492000100,00070266111432,EMMANUELY FELIX OLIVEIRA ROCHA,N,2016,10
12638987000153,00000928905470,ZUILA MARIA BORGES BEZERRA LOPES,N,2016,10
12638987000153,00002606992415,LUIS LOPES DE LOIVEIRA,N,2016,10
12638987000153,00037941925400,MARCIO LUIZ BEZERRA LOPES,N,2016,10
12676819000152,00003512988431,ERIC DIAS VARELA,N,2016,10
12676819000152,00004692518405,VANUBIA MEDEIROS DA SILVA,N,2016,10
12689295000134,00000988298406,WELLBERSON FLOR DE OLIVEIRA,N,2016,10
12689295000134,00005788039410,HUDYSON FLOR DE OLIVEIRA,N,2016,10
12689295000134,00008567921449,JAIRO ARAUJO DE OLIVEIRA,N,2016,10
12689295000134,00089798856449,MAXWELL FLOR DE OLIVEIRA,N,2016,10
12689295000215,00000988298406,WELLBERSON FLOR DE OLIVEIRA,N,2016,10
12689295000215,00005788039410,HUDYSON FLOR DE OLIVEIRA,N,2016,10
12689295000215,00008567921449,JAIRO ARAUJO DE OLIVEIRA,N,2016,10
12689295000215,00089798856449,MAXWELL FLOR DE OLIVEIRA,N,2016,10
12689295000304,00000988298406,WELLBERSON FLOR DE OLIVEIRA,N,2016,10
12689295000304,00005788039410,HUDYSON FLOR DE OLIVEIRA,N,2016,10
12689295000304,00008567921449,JAIRO ARAUJO DE OLIVEIRA,N,2016,10
12689295000304,00089798856449,MAXWELL FLOR DE OLIVEIRA,N,2016,10
12689295000568,00000988298406,WELLBERSON FLOR DE OLIVEIRA,N,2016,10
12689295000568,00005788039410,HUDYSON FLOR DE OLIVEIRA,N,2016,10
12689295000568,00008567921449,JAIRO ARAUJO DE OLIVEIRA,N,2016,10
12689295000568,00089798856449,MAXWELL FLOR DE OLIVEIRA,N,2016,10
12704516000104,00008789080483,MARIANA PINHEIRO DE ARAUJO,N,2016,10
12704516000104,00076205800420,MERCIA CRISTINA FERNANDES PINHEIRO,N,2016,10
12741070000180,00066453410400,FRANCISCO GILBERTO DA SILVA,N,2016,10
12747440000196,00004107594491,LUIS PAIZINHO DANTAS,N,2016,10
12747440000196,00008627479453,DAMIANA APARECIDA DE AZEVEDO,N,2016,10
12980520000197,00002668529476,CADJA PEREIRA DE MELO,N,2016,10
12980520000197,00034173005415,CASSIO PEREIRA DE MELO,N,2016,10
12980520000197,00067178456434,CLEBSON PEREIRA DE MELO,N,2016,10
12980520000197,00087684373404,CLEDJA PEREIRA DE MELO RASTELLI,N,2016,10
12996260000148,00007434120444,LUIZ GONZAGA DA SILVA,N,2016,10
13060597000101,00008214350433,SANDERSON CORTEZ DE QUEIROZ,N,2016,10
13060597000101,00027690172415,FRANCISCA LUCIMAR LIMA E SILVA,N,2016,10
13180055000172,00042240603453,FLORACI CASSIANO DA SILVA,N,2016,10
13180055000172,00085070599453,MAZILENE FERNANDES DE LIMA SILVA,N,2016,10
13190056000106,00046049096449,VALDECI TEIXEIRA JALES,N,2016,10
13190056000106,00070154112453,EDILEUSA TEIXEIRA JALES,N,2016,10
13228559000115,00002659567492,VICTOR SIRUFFO DE CARVALHO,N,2016,10
13228559000115,00002744733482,SANZIA PATRICIA DE SOUZA SIRUFFO,N,2016,10
13259674000157,00011647263409,ERICK LORENZO NOLASCO SILVA,N,2016,10
13259674000157,00065339304434,FRANCISCO LUCIEUDES DA SILVA,N,2016,10
13259674000157,00086470566391,FRANCISCO JUCIVAN FERNANDES COSTA,N,2016,10
13413643000109,00001836397402,TEREZINHA TAVARES DA SILVA MARTINS,N,2016,10
13413643000109,00003882032421,JEANE MARIA DA SILVA TAVARES,N,2016,10
13413643000109,00048167991415,RANULFO TAVARES DA SILVA,N,2016,10
13413643000109,00055539343468,RINALDO TAVARES DA SILVA,N,2016,10
13536641000107,00063874067491,FREDIANO JALES ROSADO,N,2016,10
13536641000107,00079247806453,GREGORIO JALES ROSADO,N,2016,10
13662971000149,00004598161442,DIEGO STEFANIO DO COUTO,N,2016,10
13662971000149,08356048000149,PETROSOLUCTION FOMENTO MERCANTIL LTDA,N,2016,10
13728806000142,00066379270400,QUEZIA MAIA DANTAS OLIVEIRA,N,2016,10
13728806000142,00085171069468,PABLO MARCEL DE SOUSA OLIVEIRA,N,2016,10
13735375000141,00019926944434,TEREZA NEUMA FERNANDES TORRES,N,2016,10
13735375000141,00046546600463,SEVERINO VIEIRA TORRES JUNIOR,N,2016,10
13839092000140,00003204632490,MARTA MESSIAS DE MESQUITA,N,2016,10
13839092000140,00006988230440,MAXKSON MESSIAS DE MESQUITA,N,2016,10
14055588000195,00009659602421,ADJAMILTON SERVULO PESSOA DANTAS,N,2016,10
14133509000117,00002147922420,FERNANDA REGINA DA SILVA OLIVEIRA,N,2016,10
14133509000117,00032377223400,GUSTAVO FURTADO DA CAMARA,N,2016,10
14318691000180,00032403143472,MARCOS ANTONIO CABRAL,N,2016,10
14318691000180,00072109718404,TANIA MARIA LOURENCO CABRAL,N,2016,10
14428827000105,00049827731491,ROMUALDO TORRES BEZERRA JUNIOR,N,2016,10
14428827000105,00079153348400,ERINEIDE ELAINE DA SILVA TORRES,N,2016,10
14717523000168,00001054505454,ROMULO ANTONIO SANTOS DA SILVA,N,2016,10
14717523000168,00023024780459,LEDA MARIA CORREIA DOS SANTOS,N,2016,10
14810467000101,00001683234430,CARLOS EDUARDO FERREIRA COSTA,N,2016,10
14810467000101,00018131816400,JOSE CARLOS DA COSTA,N,2016,10
14878644000272,00001225265460,LEANDRO DA SILVA PINHEIRO,N,2016,10
14878644000272,00014063654400,TULIO MAURICIO CAMARA FLOR,N,2016,10
15243774000110,00001190427460,FABIANE SOARES DE QUEIROZ,N,2016,10
15243774000110,00008252579485,MURILO KENNEDY RADEMAKER DE SOUSA SOARES,N,2016,10
15258710000193,00010185036414,ALINE PEREIRA DA SILVA ARAUJO,N,2016,10
15258710000193,00064244997334,CLEANTO DE ARAUJO FERREIRA,N,2016,10
15359153000105,00001423663403,RAFAEL DE AMORIM DANTAS,N,2016,10
15359153000105,00009033662400,PATRICIA BERNARDO DE CASTRO AMORIM,N,2016,10
15866751000162,00000876596464,JOSEFA VERIDYANA REGO FONSECA DE CARVALHO,N,2016,10
15866751000162,00077955315472,LEONARDO NOGUEIRA DE CARVALHO,N,2016,10
16676833000107,00001265089418,MESAQUE MARINHO COSTA,N,2016,10
16676833000107,00007975283428,FRANCISCA ROSALBA DE SOUZA MENEZES SILVA,N,2016,10
16723530000106,00050333100468,HERACLITO MARIA SOARES JUNIOR,N,2016,10
16723530000106,00087832712449,SHEYLA MEIRE DA SILVA,N,2016,10
16783593000140,00035758643491,TERCIO CAMARA FLOR,N,2016,10
16783593000140,00050073940410,MARTA CUNHA DE PAIVA MARQUES FLOR,N,2016,10
16826043000160,00004470265420,ELIAS SIMÕES DE ARAÚJO,N,2016,10
16826043000160,00007496400491,MARISETE FERNANDES BEZERRA FONTES,N,2016,10
16909633000157,00001404591460,ANDREIA LAYSE ADOLFO DA SILVA,N,2016,10
16909633000157,00054370302749,SEVERINO MANOEL ADOLFO,N,2016,10
16909633000157,22862359000100,ADOLFO & ADOLFO PARTICIPACOES LTDA,N,2016,10
17199619000170,00002978649470,RICARDO BRUNO SILVA DOS SANTOS,N,2016,10
17199619000170,00010614075432,FERNANDA PAULA MARQUES DA FONSECA,N,2016,10
17320267000169,00003501929870,OSMAR FELIPE DOS SANTOS,N,2016,10
17320267000169,00043973181829,ISABELLA CROISFELT SANTOS,N,2016,10
17514152000105,00005992322426,CLAUDIO HENRIQUE DA SILVA CARNEIRO,N,2016,10
17514152000105,00028916859468,JOSE CLAUDIONOR DA SILVA,N,2016,10
17570889000145,00005476066489,JOSE RADAMES FERNANDES MALHEIRO,N,2016,10
17570889000145,00045540829468,LUIZA PINHEIRO FERNANDES,N,2016,10
17640366000128,00006792523470,JACIARA DOS SANTOS GALVAO,N,2016,10
17640366000128,00008232460431,LUIS HENRIQUE SIQUEIRA DE ARAUJO LIMA,N,2016,10
18004303000148,00001691699446,LILLIAN MARINHO LUCENA,N,2016,10
18004303000148,00002495268404,JANETT MARINHO BATISTA DA SILVA,N,2016,10
18087566000168,00000917685431,IVIS LEVI DE AGUIAR SANTOS,N,2016,10
18087566000168,00070259286400,IVIS LEVI LOPES ARAUJO AGUIAR,N,2016,10
18359586000574,00012063983372,FRANCISCO HAROLDO CARVALHO MAPURUNGA,N,2016,10
18359586000574,00049643355349,CARLOS HAROLDO NOGUEIRA DE VASCONCELOS,N,2016,10
18562463000102,00003038825492,NAILDSON GONCALVES GALVAO,N,2016,10
18562463000102,00003600967436,CRISTIANE FELIX VICENTE GALVAO,N,2016,10
18779283000187,00070099941457,MARCOS DOMINGOS DA SILVA FILHO,N,2016,10
18779283000187,00070449493474,MARYLANDIA KEITIELE DOMINGOS DA SILVA,N,2016,10
18949348000195,00062690230410,JAILSON DANTAS QUEIROZ,N,2016,10
18949348000195,00075140152487,LENILSA MENDES DE ANDRADE,N,2016,10
19210207000119,00008476704496,NICOLAS DANTAS DA CUNHA,N,2016,10
19210207000119,00053816285449,LYBIA MARIA DE ARAUJO,N,2016,10
19414509000290,00031604510463,GILENO CACHINA,N,2016,10
19414509000290,00059029218991,TULIO FERREIRA MARTINS,N,2016,10
19414509000290,00066874033972,JAIRTON TAVARES,N,2016,10
19881198000198,00036905860468,ARISTOTELES DE VASCONCELOS NETO,N,2016,10
19881198000198,00065486552491,JOSE LIDERZIO FERREIRA DE VASCONCELOS JUNIOR,N,2016,10
19888422000173,00006223022484,MARIA LIDIANE LIMA DE OLIVEIRA,N,2016,10
19888422000173,00010569172454,ILNA DA SILVA LIMA BERNARDO,N,2016,10
20103659000180,00049827731491,ROMUALDO TORRES BEZERRA JUNIOR,N,2016,10
20680801000152,00006726807422,FLAVIO HENRIQUE RODRIGUES MEDEIROS,N,2016,10
20680801000152,00007228778464,INGRID TATIANE DE MEDEIROS,N,2016,10
20802223000180,00001788664400,MIGUEL ANGELO DE OLIVEIRA AMORIM,N,2016,10
20802223000180,00079154379415,PAULO EVERTON GURGEL DE AMORIM,N,2016,10
21255865000179,00020281919453,PAULO MANUEL DE MELO,N,2016,10
21286237000150,00002618033442,LYZANDRA MELLINNE PINHEIRO DOS SANTOS BEZERRA,N,2016,10
21286237000150,00063817071434,JOSE AURELIANO BEZERRA,N,2016,10
21869689000165,00001085970400,MARIA RAQUEL MEDEIROS,N,2016,10
21869689000165,00087367033468,EDMILSON ALVES DA SILVA FILHO,N,2016,10
22216720000121,00006291315467,IGOR RIBEIRO JACOME,N,2016,10
22216720000121,00009522358460,ANA CLAUDIA RIBEIRO JACOME,N,2016,10
22216720000202,00006291315467,IGOR RIBEIRO JACOME,N,2016,10
22216720000202,00009522358460,ANA CLAUDIA RIBEIRO JACOME,N,2016,10
22245431000150,00004396997469,IRIS JANY SARAIVA,N,2016,10
22245431000150,00006342987475,IDAYHANNE MAYHARA SARAIVA,N,2016,10
22245431000150,00027023664491,MANOEL ANTONIO SARAIVA,N,2016,10
23257972000161,00001826266445,IZABELE DA SILVA,N,2016,10
23257972000161,00005050878470,RICARDO DA COSTA SANTOS,N,2016,10
24013715000147,00002260938400,JORGE AMERICO CARLOS DE OLIVEIRA,N,2016,10
24013715000147,00094143560453,MARNE HUMMEL,N,2016,10
24093916000363,00004544322405,GABRIEL MASAYOSHI GRANJA IKEDA,N,2016,10
24093916000363,00004544327474,GEORGE TOMIYOSHI DE MELO IKEDA,N,2016,10
24093916000363,00015276775400,YOSHIMASA IKEDA,N,2016,10
24093916000363,00069264082468,ELINE NOYA COUTINHO,N,2016,10
24206617000207,00004752797437,RODRIGO AUGUSTO DE OLIVEIRA,N,2016,10
24206617000207,00009437223491,MARCONDES AUGUSTO DE OLIVEIRA,N,2016,10
24206617000207,00021561605468,MARIA LUCIA DE OLIVEIRA FARIAS,N,2016,10
24206617001017,00004752797437,RODRIGO AUGUSTO DE OLIVEIRA,N,2016,10
24206617001017,00009437223491,MARCONDES AUGUSTO DE OLIVEIRA,N,2016,10
24206617001017,00021561605468,MARIA LUCIA DE OLIVEIRA FARIAS,N,2016,10
24206617001360,00004752797437,RODRIGO AUGUSTO DE OLIVEIRA,N,2016,10
24206617001360,00009437223491,MARCONDES AUGUSTO DE OLIVEIRA,N,2016,10
24206617001360,00021561605468,MARIA LUCIA DE OLIVEIRA FARIAS,N,2016,10
24206617001440,00004752797437,RODRIGO AUGUSTO DE OLIVEIRA,N,2016,10
24206617001440,00009437223491,MARCONDES AUGUSTO DE OLIVEIRA,N,2016,10
24206617001440,00021561605468,MARIA LUCIA DE OLIVEIRA FARIAS,N,2016,10
24206617001874,00004752797437,RODRIGO AUGUSTO DE OLIVEIRA,N,2016,10
24206617001874,00009437223491,MARCONDES AUGUSTO DE OLIVEIRA,N,2016,10
24206617001874,00021561605468,MARIA LUCIA DE OLIVEIRA FARIAS,N,2016,10
24206617002846,00004752797437,RODRIGO AUGUSTO DE OLIVEIRA,N,2016,10
24206617002846,00009437223491,MARCONDES AUGUSTO DE OLIVEIRA,N,2016,10
24206617002846,00021561605468,MARIA LUCIA DE OLIVEIRA FARIAS,N,2016,10
24206815000190,00001313806480,JOAQUIM AUGUSTO MAIA DA COSTA,N,2016,10
24206815000190,00018214070406,AGAMENON DA COSTA MELO,N,2016,10
24271343000159,00003516195428,JOSE DE ARIMATEIA RIBEIRO DE QUEIROZ,N,2016,10
24271343000159,00085270512491,JOCELIA BARROS DE LIMA QUEIROZ,N,2016,10
24363368000182,00006714536453,LUZARDO SOARES FLOR,N,2016,10
24363368000182,00085234214400,VANIA DE OLIVEIRA FLOR,N,2016,10
24380578002556,00007196755707,GUSTAVO AGUIAR DA COSTA,N,2016,10
24380578002556,00055001033772,SERGIO BREYER FILHO,N,2016,10
24380578002556,00074024060759,GILNEY PENNA BASTOS,N,2016,10
24380578002556,00099752441734,CARLOS ALBERTO HEITOR DE PAIVA,N,2016,10
24380578002556,05359709000100,PRAXAIR DO BRASIL LTDA,N,2016,10
24380578002556,35820448000136,WHITE MARTINS GASES INDUSTRIAS LTDA,N,2016,10
24515819000150,00000745930484,FRANCISCA HERCINA LEITE,N,2016,10
24515819000150,00002008262472,JOSE RIBAMAR LEITE,N,2016,10
24520892000110,00009610111491,JOSE CARLOS SILVINO,N,2016,10
24520892000110,00089293738449,FABIO RANIERE SILVA,N,2016,10
24521361000141,00001410673499,RAISSA DE HOLANDA MELO,N,2016,10
24521361000141,00005337088424,CIRO DE HOLANDA MELO,N,2016,10
24521361000141,00009822429487,PEDRO TERCEIRO DE MELO,N,2016,10
24523276000112,00012591270449,FABIO TORRES DE OLIVEIRA,N,2016,10
24523276000112,00024142930478,FRANCISCO TORRES FILHO,N,2016,10
24523276000112,00051257173472,FLADJA DE MEDEIROS MOURA TORRES,N,2016,10
24523276000465,00012591270449,FABIO TORRES DE OLIVEIRA,N,2016,10
24523276000465,00024142930478,FRANCISCO TORRES FILHO,N,2016,10
24523276000465,00051257173472,FLADJA DE MEDEIROS MOURA TORRES,N,2016,10
24524068000138,00001178849449,DIJOSETE VERISSIMO DA COSTA,N,2016,10
24524068000138,00023104805415,MARIA DA PAZ AMARAL VERISSIMO,N,2016,10
24581316000182,00039327965434,ERIZALDO ARAUJO DE LIMA,N,2016,10
24584607000124,00052284743404,VALDEMAR RIBEIRO DE ARAÚJO JÚNIOR,N,2016,10
24584607000124,00070793271487,MARIA DO SOCORRO COSTA ARAUJO,N,2016,10
24592636000138,00002964282480,FABIO AUGUSTO NASCIMENTO FERNANDES DE QUEIROZ,N,2016,10
24592636000138,00004748697415,EDIVALDO FERNANDES DE QUEIROZ,N,2016,10
24592636000138,00080671713434,MARLUCE MARIA DO NASCIMNENTO  FERNANDES DE QUEIROZ,N,2016,10
24922398000181,00008271902474,BARBARA MAIA,N,2016,10
24922398000181,00066405947491,JOSE EDMILSON DE AZEVEDO,N,2016,10
35284991000247,00059774800400,JOSE VASCONCELOS DA ROCHA JUNIOR,N,2016,10
35284991000247,00090402693434,ANA EMILIA TRIGUEIRO CAVALCANTI DA ROCHA,N,2016,10
35291038000145,00036982113434,WERNECK LIMA DE CARVALHO,N,2016,10
35291038000145,27017729000127,TC PARTICIPACOES LTDA,N,2016,10
35291038000145,27037834000128,WC PARTICIPACOES LTDA,N,2016,10
35291038000145,27850574000105,WT HOLDING PARTICIPACOES LTDA,N,2016,10
35297639000165,00041373510404,PEDRO JORGE REBOUCAS PEREIRA,N,2016,10
35297639000165,00073716120430,ELCICARMEM FREITAS DE MORAIS PEREIRA,N,2016,10
35304542001295,00000734893442,HELENA CIRNE LEITE,N,2016,10
35304542001295,00008596476415,MARIA NEIDE PEREIRA CIRNE,N,2016,10
35304542001295,00022198822415,HENRIQUE LUIZ DA COSTA CIRNE,N,2016,10
35304542001295,00036566772472,GEORGE DA COSTA CIRNE,N,2016,10
35304542001295,00067177840400,LUIZ DA COSTA CIRNE JUNIOR,N,2016,10
35304542001295,00072111895415,HELOISA DA COSTA CIRNE FELINTO,N,2016,10
35304898000176,00001375757423,FELIPE ABNER RODRIGUES DE SOUZA,N,2016,10
35304898000176,00008541673405,DANIEL VICTOR DE SOUZA,N,2016,10
35503721000360,00013640518420,OSVALDO RUI DIAS MARTINS,N,2016,10
35503721000360,00030276942434,MARIA FIRMINO DIAS MARTINS,N,2016,10
35648757000170,00002766596437,MARIA JUCINEIDE GUIMARAES,N,2016,10
35648757000170,00041466799404,IGEILDO GUIMARAES,N,2016,10
35649219000281,00000900478420,FRANCISCO ODON DE MACEDO FILHO,N,2016,10
35649219000281,00039355608420,ANGELO JOSE MEDEIROS DE MACEDO,N,2016,10
35649219000796,00000900478420,FRANCISCO ODON DE MACEDO FILHO,N,2016,10
35649219000796,00039355608420,ANGELO JOSE MEDEIROS DE MACEDO,N,2016,10
35662667000134,00008539956489,ARTHUR HENRIQUE COSTA LIMA,N,2016,10
35662667000134,00042939208468,MANOEL EDIVALDO DE LIMA,N,2016,10
40757908000169,00003573255400,BRUNA MARIA GUERRA DE FARIAS CAMARA,N,2016,10
40757908000169,00017469422404,EDUARDO JOSE DE FARIAS,N,2016,10
40757908000169,00369925000104,AUTOESTE AUTOMOVEIS LTDA,N,2016,10
40757908000169,08949194000188,LEGACY VEICULOS LTDA,N,2016,10
40760209000178,00001252554460,ERIVAN MYLLER MAFRA MEDEIROS,N,2016,10
40760209000178,00031700071491,JOSE ERIVAN DE MEDEIROS,N,2016,10
40761843000125,00031589120400,IVANALDO SEVERINO MALHEIRO,N,2016,10
40761843000125,00045540829468,LUIZA PINHEIRO FERNANDES,N,2016,10
40762320000101,00015652670444,JAILSON SILVA DE MACEDO,N,2016,10
40762320000101,00043375456468,IVOLEDA SOARES DE MACEDO,N,2016,10
40769416000193,00052541533420,HUMBERTO CANTALICE DE ARAUJO,N,2016,10
40769416000193,00078519675468,LUCIANA NOBREGA DE ANDRADE CANTALICE,N,2016,10
40771560000164,00012993980491,JOÃO EDUARDO PINHEIRO LOPES,N,2016,10
40771560000164,00065508696415,IVANETE JUSTINO DE MORAIS PINHEIRO LOPES,N,2016,10
40782468000108,00002740840403,ANDRE LUIZ JOSE GALVAO MATIAS,N,2016,10
40782468000108,00017209595449,FRANCISCO MATIAS,N,2016,10
40787152000109,00010593969472,VICENTE DE PAULO AVELINO SOBRINHO,N,2016,10
40787152000109,00010764135449,ELSAMAR BATISTA BARBOSA AVELINO,N,2016,10
40787152000109,00013084780463,MARIA DAS GRACAS DOS SANTOS AVELINO,N,2016,10
40792210000184,00015039803400,PEDRO JEREMIAS FERNANDES NETO,N,2016,10
40792210000184,00015051978487,MARIA LOURDETE DA SILVEIRA FERNANDES,N,2016,10
40796146000371,00006291315467,IGOR RIBEIRO JACOME,N,2016,10
40796146000371,00009522358460,ANA CLAUDIA RIBEIRO JACOME,N,2016,10
40803645000187,00001613820453,ALDO CLEMENTE DE ARAUJO,N,2016,10
40803645000187,00010607285400,ZILMA FERNANDES DE ARAUJO,N,2016,10
40811101000167,00009738250498,WALLACE LUIZ LINHARES DE ARAUJO JUNIOR,N,2016,10
40811101000167,00042328209491,WBIRANILTON LINHARES DE ARAUJO,N,2016,10
40996472000160,00007966434400,JOAO ANTONIO MOREIRA SILVA,N,2016,10
40996472000160,00015077128472,MARIA DAS GRACAS PESSOA DA COSTA,N,2016,10
43214055001693,00000071297421,MARIA LUZINETE VIZIDERIO DOS SANTOS,N,2016,10
43214055001693,00003113024404,OSVALDO PINHEIRO DE QUEIROZ SILVA,N,2016,10
44021095000103,00001079302425,TEMISTOCLIS CEZAR XAVIER,N,2016,10
44021095000103,00002200710801,ROMILDO GONCALVES DA SILVA,N,2016,10
60409075015770,00001361598778,LUIZ MARCELO DE CARVALHO LIMA MELCHIOR,N,2016,10
60409075015770,00004228627897,JOSE FLAVIO AROUCHE DE SOUZA,N,2016,10
60409075015770,00015796246852,MARCO ANTONIO GRAZIANO CUSTODIO,N,2016,10
60409075015770,00023184419878,BERNHARD MICHAEL JOST,N,2016,10
60409075015770,00023402068800,PEDRO JUAN OLIVA RODRIGUEZ,N,2016,10
60409075015770,00023598384823,LIBERATO MILO,N,2016,10
60409075015770,00023737721831,LUIS ANGEL GARCIA PRIETO,N,2016,10
60409075015770,00023881240187,MARCELO MAIA DO NASCIMENTO,N,2016,10
60409075015770,05497900000100,NESTLE S.A,N,2016,10
60409075015770,33036849000174,SOCOPAL SOCIEDADE COMERCIAL DE CORRETAGEM DE SEGUROS E DE PA,N,2016,10
60619202001209,00026175606434,DAMIAO TEOFILO DE SOUZA,N,2016,10
70024955000164,00000856798444,ISABELLE VELUCIA DIAS DE ARAUJO,N,2016,10
70024955000164,00031197884491,ARY TOMAZ DE ARAUJO FILHO,N,2016,10
70026240000140,00040620735449,ANA BEATRIZ DE CARVALHO WANDERLEY,N,2016,10
70026240000140,00046618945453,FLAVIO CARVALHO DANTAS WANDERLEY,N,2016,10
70027479000135,00001224548477,DIEGO DE PAIVA PESSOA,N,2016,10
70027479000135,00005705753462,DENNIS DE PAIVA PESSOA,N,2016,10
70046685000192,00015531520425,MARIA CILENE DE ALMEIDA,N,2016,10
70046685000192,00023089776472,CASCIMIRO FRANCISCO NETO,N,2016,10
70047188000109,00020114885400,ADIVIO FERNANDES DA SILVA,N,2016,10
70047188000109,00024147257453,SELMA BATISTA DE ARAUJO E SILVA,N,2016,10
70141742000112,00010668446404,RITA DA SILVA,N,2016,10
70141742000112,00023109122472,EDILSON ALVES DE OLIVEIRA,N,2016,10
70141908000109,00065524128434,JOSE LAERCIO DA CUNHA,N,2016,10
70141908000109,00070368376400,MANOEL LAUDIMI DA CUNHA,N,2016,10
70154968000158,00014157560400,PAULO JOSE FERREIRA DE MELO,N,2016,10
70154968000158,00035242191449,JOSE CLAUDIO FERREIRA DE MELO,N,2016,10
70154968000158,00044335695420,SILVIO JOSE FERREIRA DE MELO,N,2016,10
70154968000158,04410009000121,VENEZA PARCICIPAOES LTDA,N,2016,10
70163043000173,00056531257415,FRANCISCA LIDEMANIA DE SA ARAGAO FIGUEIREDO,N,2016,10
70163043000173,00066380260463,GALDIR FIGUEIREDO DE SA,N,2016,10
70313697000136,00014300176434,FRANCISCO ASSIS DE LIMA,N,2016,10
70313697000136,00031672175453,HOSANA MARIA DE MEDEIROS,N,2016,10
70315106003347,00001263282423,ROSEMBERG DE OLIVEIRA DANTAS,N,2016,10
70315106003347,00046067540797,RUBENS GUILHERME DANTAS,N,2016,10
70316179000176,00012711055434,JOSE ALBERTO NOVAIS DA SILVA BARBOSA,N,2016,10
70316179000176,00040704580420,REJANE MARTINS NOVAIS BARBOSA,N,2016,10
70321492000100,00090365810444,FRANCISCO ANTONIO DE OLIVEIRA,N,2016,10
93209765043274,00005920548886,CLEBER EUGENIO VOELZKE,N,2016,10
93209765043274,00006977619830,FLAVIO FIGUEIRA COTINI,N,2016,10
93209765043274,00010500482888,ALEXANDRE MARQUES ESPER,N,2016,10
93209765043274,00013362357806,LIVIA CRISTINA DE AZEVEDO MOTTA E SILVA,N,2016,10
93209765043274,00023557327876,BERNARDO JORGE GARCIA PERLOIRO,N,2016,10
93209765043274,00045652074000,DANIEL GROSS GARCIA,N,2016,10
93209765043274,18646277000151,"BRAZIL SEGUNDO, LLC",N,2016,10
93209765043274,30621687000143,BOMPRECO DO BRASIL PARTICIPACOES S.A.,N,2016,10
97543205000155,00007626708431,IDAYANE ARAUJO CASSIANO,N,2016,10
97543205000155,00007626787471,ALDEMIR LOPES GALVAO JUNIOR,N,2016,10
